Customer ID,Age,Gender,Item Purchased,Category,Purchase Amount (USD),Location,Size,Color,Season,Review Rating,Subscription Status,Shipping Type,Discount Applied,Promo Code Used,Previous Purchases,Payment Method,Frequency of Purchases
2,19,male,Sweater,Clothing,64,Maine,L,Maroon,Winter,3.1,yes,Express,yes,yes,2,Cash,Fortnightly
3,50,male,Jeans,Clothing,73,Massachusetts,S,Maroon,Spring,3.1,yes,Free Shipping,yes,yes,23,Credit Card,Weekly
4,21,male,Sandals,Footwear,90,Rhode Island,M,Maroon,Spring,3.5,yes,Next Day Air,yes,yes,49,PayPal,Weekly
5,45,male,Blouse,Clothing,49,Oregon,M,Turquoise,Spring,2.7,yes,Free Shipping,yes,yes,31,PayPal,Annually
6,46,male,Sneakers,Footwear,20,Wyoming,M,White,Summer,2.9,yes,Standard,yes,yes,14,Venmo,Weekly
7,63,male,Shirt,Clothing,85,Montana,M,Gray,Fall,3.2,yes,Free Shipping,yes,yes,49,Cash,Quarterly
8,27,male,Shorts,Clothing,34,Louisiana,L,Charcoal,Winter,3.2,yes,Free Shipping,yes,yes,19,Credit Card,Weekly
9,26,male,Coat,Outerwear,97,West Virginia,L,Silver,Summer,2.6,yes,Express,yes,yes,8,Venmo,Annually
10,57,male,Handbag,Accessories,31,Missouri,M,Pink,Spring,4.8,yes,2-Day Shipping,yes,yes,4,Cash,Quarterly
12,30,male,Shorts,Clothing,68,Hawaii,S,Olive,Winter,4.9,yes,Store Pickup,yes,yes,10,Bank Transfer,Fortnightly
13,61,male,Coat,Outerwear,72,Delaware,M,Gold,Winter,4.5,yes,Express,yes,yes,37,Venmo,Fortnightly
14,65,male,Dress,Clothing,51,New Hampshire,M,Violet,Spring,4.7,yes,Express,yes,yes,31,PayPal,Weekly
15,64,male,Coat,Outerwear,53,New York,L,Teal,Winter,4.7,yes,Free Shipping,yes,yes,34,Debit Card,Weekly
16,64,male,Skirt,Clothing,81,Rhode Island,M,Teal,Winter,2.8,yes,Store Pickup,yes,yes,8,PayPal,Monthly
17,25,male,Sunglasses,Accessories,36,Alabama,S,Gray,Spring,4.1,yes,Next Day Air,yes,yes,44,Debit Card,Bi-Weekly
18,53,male,Dress,Clothing,38,Mississippi,XL,Lavender,Winter,4.7,yes,2-Day Shipping,yes,yes,36,Venmo,Quarterly
19,52,male,Sweater,Clothing,48,Montana,S,Black,Summer,4.6,yes,Free Shipping,yes,yes,17,Cash,Weekly
20,66,male,Pants,Clothing,90,Rhode Island,M,Green,Summer,3.3,yes,Standard,yes,yes,46,Debit Card,Bi-Weekly
21,21,male,Pants,Clothing,51,Louisiana,M,Black,Winter,2.8,yes,Express,yes,yes,50,Cash,Every 3 Months
22,31,male,Pants,Clothing,62,North Carolina,M,Charcoal,Winter,4.1,yes,Store Pickup,yes,yes,22,Debit Card,Quarterly
23,56,male,Pants,Clothing,37,California,M,Peach,Summer,3.2,yes,Store Pickup,yes,yes,32,Debit Card,Annually
24,31,male,Pants,Clothing,88,Oklahoma,XL,White,Winter,4.4,yes,Express,yes,yes,40,Credit Card,Weekly
25,18,male,Jacket,Outerwear,22,Florida,M,Green,Fall,2.9,yes,Store Pickup,yes,yes,16,Debit Card,Weekly
26,18,male,Hoodie,Clothing,25,Texas,M,Silver,Summer,3.6,yes,Express,yes,yes,14,PayPal,Annually
27,38,male,Jewelry,Accessories,20,Nevada,M,Red,Spring,3.6,yes,Next Day Air,yes,yes,13,Credit Card,Annually
28,56,male,Shorts,Clothing,56,Kentucky,L,Cyan,Summer,5,yes,Next Day Air,yes,yes,7,Bank Transfer,Every 3 Months
29,54,male,Handbag,Accessories,94,North Carolina,M,Gray,Fall,4.4,yes,Free Shipping,yes,yes,41,PayPal,Every 3 Months
30,31,male,Dress,Clothing,48,Wyoming,S,Black,Fall,4.1,yes,Store Pickup,yes,yes,14,Credit Card,Weekly
31,57,male,Jewelry,Accessories,31,North Carolina,L,Black,Winter,4.7,yes,Standard,yes,yes,16,Credit Card,Monthly
32,33,male,Dress,Clothing,79,West Virginia,L,Brown,Winter,4.7,yes,Store Pickup,yes,yes,45,Venmo,Monthly
33,36,male,Jacket,Outerwear,67,Kansas,M,Silver,Summer,4.9,yes,Free Shipping,yes,yes,37,Venmo,Annually
34,54,male,Pants,Clothing,38,Colorado,L,Green,Summer,3.3,yes,Store Pickup,yes,yes,45,Cash,Quarterly
35,36,male,T-shirt,Clothing,91,North Dakota,L,Violet,Spring,4.6,yes,2-Day Shipping,yes,yes,38,PayPal,Quarterly
36,54,male,Blouse,Clothing,33,Massachusetts,M,Cyan,Summer,4,yes,2-Day Shipping,yes,yes,48,Credit Card,Bi-Weekly
37,35,male,T-shirt,Clothing,69,Illinois,M,Maroon,Winter,4.6,yes,Free Shipping,yes,yes,44,PayPal,Fortnightly
38,35,male,Jeans,Clothing,45,Indiana,S,Cyan,Summer,2.8,yes,Store Pickup,yes,yes,10,PayPal,Weekly
39,29,male,Dress,Clothing,37,Florida,M,Red,Winter,3.7,yes,2-Day Shipping,yes,yes,44,Venmo,Every 3 Months
40,70,male,Pants,Clothing,60,Arizona,S,Turquoise,Summer,4.2,yes,Express,yes,yes,18,Credit Card,Monthly
41,69,male,Handbag,Accessories,76,Louisiana,L,Beige,Winter,4.6,yes,Next Day Air,yes,yes,31,Debit Card,Quarterly
42,67,male,Scarf,Accessories,39,Alaska,M,Orange,Spring,4.5,yes,Standard,yes,yes,40,Venmo,Annually
43,20,male,Coat,Outerwear,100,Tennessee,M,Beige,Spring,4.1,yes,Free Shipping,yes,yes,15,PayPal,Annually
44,25,male,Scarf,Accessories,69,Ohio,L,Lavender,Fall,3.7,yes,Store Pickup,yes,yes,19,PayPal,Fortnightly
45,39,male,Hat,Accessories,53,Kentucky,S,Silver,Summer,4.6,yes,Free Shipping,yes,yes,45,PayPal,Weekly
46,50,male,Socks,Clothing,21,Tennessee,XL,Indigo,Fall,2.9,yes,2-Day Shipping,yes,yes,25,PayPal,Annually
47,57,male,Shirt,Clothing,43,California,L,White,Summer,2.9,yes,Store Pickup,yes,yes,45,Cash,Quarterly
48,55,male,Jewelry,Accessories,54,Montana,M,Charcoal,Winter,4.5,yes,Free Shipping,yes,yes,36,Cash,Weekly
49,42,male,Shirt,Clothing,55,Nevada,M,Orange,Summer,2.7,yes,Store Pickup,yes,yes,38,Cash,Monthly
50,68,male,Hoodie,Clothing,30,New Jersey,S,Indigo,Spring,4.6,yes,Next Day Air,yes,yes,34,Debit Card,Bi-Weekly
51,49,male,Blouse,Clothing,28,Maryland,M,Red,Spring,3.7,yes,Store Pickup,yes,yes,39,Debit Card,Bi-Weekly
52,59,male,Skirt,Clothing,59,Vermont,XL,Gray,Winter,4.7,yes,2-Day Shipping,yes,yes,7,Credit Card,Quarterly
53,42,male,T-shirt,Clothing,20,Alaska,M,Green,Summer,2.6,yes,Free Shipping,yes,yes,26,Credit Card,Weekly
54,29,male,Skirt,Clothing,24,Mississippi,S,Peach,Winter,3.9,yes,Next Day Air,yes,yes,35,Credit Card,Weekly
55,47,male,Coat,Outerwear,94,New Mexico,M,Brown,Summer,4.2,yes,Next Day Air,yes,yes,35,Debit Card,Bi-Weekly
56,40,male,Jacket,Outerwear,28,South Carolina,M,Lavender,Winter,3,yes,2-Day Shipping,yes,yes,49,Credit Card,Annually
57,41,male,Backpack,Accessories,73,Mississippi,XL,Brown,Summer,4.7,yes,Store Pickup,yes,yes,46,Credit Card,Weekly
58,21,male,Coat,Outerwear,64,West Virginia,M,White,Summer,4.4,yes,Store Pickup,yes,yes,17,Debit Card,Fortnightly
59,69,male,Hoodie,Clothing,54,Missouri,M,Charcoal,Summer,4.2,yes,Free Shipping,yes,yes,29,Venmo,Monthly
60,63,male,Belt,Accessories,79,Louisiana,L,Yellow,Spring,4.6,yes,Standard,yes,yes,4,Debit Card,Weekly
61,50,male,Sweater,Clothing,37,Idaho,L,Brown,Summer,4,yes,Express,yes,yes,17,Cash,Weekly
62,55,male,Scarf,Accessories,68,Texas,M,Orange,Winter,4.7,yes,Store Pickup,yes,yes,21,Credit Card,Every 3 Months
63,30,male,Sneakers,Footwear,21,Mississippi,S,Magenta,Spring,3.8,yes,Free Shipping,yes,yes,31,Credit Card,Fortnightly
64,33,male,Sunglasses,Accessories,79,Arizona,L,Lavender,Winter,2.7,yes,2-Day Shipping,yes,yes,43,Credit Card,Weekly
65,65,male,Boots,Footwear,83,Alabama,S,Green,Fall,4.8,yes,Standard,yes,yes,18,Debit Card,Fortnightly
66,65,male,Backpack,Accessories,36,New Jersey,M,Purple,Spring,4.8,yes,2-Day Shipping,yes,yes,44,Venmo,Every 3 Months
67,31,male,Blouse,Clothing,94,Pennsylvania,S,Magenta,Winter,4.7,yes,2-Day Shipping,yes,yes,3,Venmo,Every 3 Months
68,45,male,Coat,Outerwear,33,Connecticut,L,Gray,Winter,4.4,yes,Store Pickup,yes,yes,49,Debit Card,Monthly
69,57,male,Handbag,Accessories,46,Utah,L,Silver,Summer,3.9,yes,Next Day Air,yes,yes,21,Cash,Every 3 Months
70,48,male,Belt,Accessories,70,Tennessee,S,Cyan,Summer,4.4,yes,Express,yes,yes,5,Cash,Weekly
71,22,male,Belt,Accessories,29,Alabama,M,Magenta,Fall,4.2,yes,Express,yes,yes,32,Debit Card,Every 3 Months
72,36,male,Dress,Clothing,48,Virginia,L,Gold,Summer,2.9,yes,Express,yes,yes,34,Bank Transfer,Annually
73,18,male,Dress,Clothing,26,Georgia,M,Olive,Winter,2.9,yes,Store Pickup,yes,yes,21,Bank Transfer,Every 3 Months
74,48,male,Pants,Clothing,85,Hawaii,M,Teal,Spring,2.7,yes,Free Shipping,yes,yes,43,Bank Transfer,Bi-Weekly
75,49,male,Gloves,Accessories,58,Indiana,L,Violet,Spring,4.5,yes,Express,yes,yes,3,Cash,Monthly
76,64,male,Scarf,Accessories,85,Utah,M,Blue,Summer,2.7,yes,Free Shipping,yes,yes,21,Credit Card,Annually
77,50,male,Hat,Accessories,43,Delaware,S,Teal,Summer,4.2,yes,Free Shipping,yes,yes,32,Venmo,Monthly
78,22,male,Dress,Clothing,53,Delaware,L,Gold,Summer,3.3,yes,Next Day Air,yes,yes,36,Debit Card,Fortnightly
79,50,male,Skirt,Clothing,91,Nebraska,M,Maroon,Spring,4.7,yes,Free Shipping,yes,yes,50,Venmo,Fortnightly
80,38,male,Jacket,Outerwear,96,Iowa,M,Olive,Winter,2.6,yes,2-Day Shipping,yes,yes,43,Bank Transfer,Every 3 Months
81,19,male,Sandals,Footwear,72,New York,XL,Blue,Summer,3.3,yes,Store Pickup,yes,yes,24,Credit Card,Every 3 Months
82,67,male,Shoes,Footwear,96,Virginia,L,Maroon,Summer,2.6,yes,Express,yes,yes,36,Credit Card,Every 3 Months
83,19,male,Pants,Clothing,28,Georgia,S,Olive,Spring,4,yes,2-Day Shipping,yes,yes,21,Credit Card,Every 3 Months
84,36,male,Dress,Clothing,40,Texas,M,Turquoise,Summer,4.1,yes,Standard,yes,yes,34,Bank Transfer,Weekly
85,52,male,Coat,Outerwear,32,Arizona,S,Peach,Spring,4.4,yes,Standard,yes,yes,42,Bank Transfer,Every 3 Months
86,53,male,Sunglasses,Accessories,95,New Mexico,M,Charcoal,Winter,4.5,yes,Next Day Air,yes,yes,2,Debit Card,Bi-Weekly
87,24,male,Hoodie,Clothing,41,Nevada,L,Pink,Spring,3.7,yes,2-Day Shipping,yes,yes,47,Cash,Bi-Weekly
88,52,male,Shoes,Footwear,53,Ohio,M,Green,Fall,3.7,yes,2-Day Shipping,yes,yes,44,Debit Card,Fortnightly
89,33,male,T-shirt,Clothing,47,Wyoming,M,Orange,Fall,3.5,yes,Free Shipping,yes,yes,35,Credit Card,Monthly
90,47,male,Jacket,Outerwear,83,California,XL,Pink,Fall,3.6,yes,Next Day Air,yes,yes,15,Cash,Quarterly
91,25,male,Hat,Accessories,48,South Carolina,L,Violet,Summer,2.9,yes,Express,yes,yes,29,Credit Card,Monthly
92,44,male,Scarf,Accessories,99,South Carolina,S,Green,Winter,4.6,yes,Standard,yes,yes,18,Credit Card,Every 3 Months
93,61,male,Jacket,Outerwear,87,Texas,M,Olive,Winter,4.4,yes,2-Day Shipping,yes,yes,13,Venmo,Every 3 Months
94,37,male,Sweater,Clothing,62,Florida,M,Purple,Fall,4.5,yes,Standard,yes,yes,46,Credit Card,Weekly
95,58,male,Skirt,Clothing,76,Nevada,S,Silver,Spring,4.6,yes,Free Shipping,yes,yes,28,Credit Card,Weekly
96,37,male,Sneakers,Footwear,100,Missouri,L,Pink,Fall,3.8,yes,Free Shipping,yes,yes,48,PayPal,Monthly
97,32,male,Gloves,Accessories,73,Delaware,S,Gold,Spring,3.6,yes,Express,yes,yes,43,Venmo,Every 3 Months
98,21,male,Shoes,Footwear,92,Virginia,M,Teal,Winter,4.8,yes,Store Pickup,yes,yes,37,Cash,Annually
99,20,male,Jeans,Clothing,67,New York,XL,Teal,Spring,2.6,yes,Next Day Air,yes,yes,20,Bank Transfer,Annually
100,26,male,Hoodie,Clothing,40,Missouri,XL,Indigo,Summer,3.7,yes,Express,yes,yes,33,Debit Card,Quarterly
101,62,male,Sunglasses,Accessories,98,South Dakota,M,Maroon,Fall,2.7,yes,Express,yes,yes,31,Cash,Fortnightly
102,27,male,Coat,Outerwear,85,North Dakota,XL,White,Spring,4.6,yes,Express,yes,yes,50,Credit Card,Bi-Weekly
103,51,male,Socks,Clothing,67,Oklahoma,L,Violet,Winter,4.8,yes,Next Day Air,yes,yes,35,Credit Card,Quarterly
104,54,male,Boots,Footwear,89,West Virginia,L,Red,Winter,4,yes,Next Day Air,yes,yes,22,Venmo,Bi-Weekly
105,55,male,Sunglasses,Accessories,24,New Hampshire,L,Pink,Spring,4.4,yes,2-Day Shipping,yes,yes,1,PayPal,Monthly
106,69,male,Backpack,Accessories,96,New York,M,Charcoal,Fall,3.6,yes,Next Day Air,yes,yes,4,Bank Transfer,Annually
107,64,male,Jacket,Outerwear,35,Minnesota,L,White,Summer,3.7,yes,Standard,yes,yes,31,Credit Card,Monthly
108,28,male,Sneakers,Footwear,67,Maryland,L,Olive,Winter,3.1,yes,Next Day Air,yes,yes,46,PayPal,Fortnightly
109,70,male,Socks,Clothing,79,Montana,L,Purple,Spring,3.4,yes,Next Day Air,yes,yes,32,Bank Transfer,Bi-Weekly
110,58,male,T-shirt,Clothing,85,Alabama,M,Violet,Spring,2.6,yes,Next Day Air,yes,yes,43,Bank Transfer,Fortnightly
111,56,male,Backpack,Accessories,26,New York,M,Black,Summer,4,yes,Standard,yes,yes,26,Venmo,Fortnightly
112,26,male,Belt,Accessories,75,Massachusetts,L,Purple,Summer,5,yes,Free Shipping,yes,yes,9,Credit Card,Annually
113,37,male,Gloves,Accessories,65,Florida,M,Red,Spring,4.3,yes,Free Shipping,yes,yes,28,PayPal,Bi-Weekly
114,44,male,Hat,Accessories,54,New Jersey,L,Maroon,Winter,3.1,yes,Next Day Air,yes,yes,20,PayPal,Quarterly
115,70,male,Coat,Outerwear,95,Massachusetts,S,Blue,Summer,3.7,yes,Store Pickup,yes,yes,9,Cash,Weekly
116,53,male,Skirt,Clothing,94,Wyoming,M,Gray,Spring,3.8,yes,Standard,yes,yes,48,Debit Card,Every 3 Months
117,55,male,Shoes,Footwear,86,Virginia,S,Blue,Spring,3.4,yes,Free Shipping,yes,yes,12,Venmo,Annually
118,50,male,Sandals,Footwear,32,South Dakota,L,Yellow,Summer,4.6,yes,Express,yes,yes,29,Cash,Fortnightly
119,50,male,Sweater,Clothing,45,Kentucky,L,Orange,Fall,4.8,yes,2-Day Shipping,yes,yes,27,Cash,Bi-Weekly
120,38,male,Coat,Outerwear,76,Wyoming,M,Orange,Fall,4.3,yes,Express,yes,yes,44,Cash,Annually
121,64,male,Hat,Accessories,84,West Virginia,L,Red,Summer,4,yes,Express,yes,yes,32,Bank Transfer,Annually
122,19,male,Shorts,Clothing,72,Virginia,M,Olive,Winter,4.2,yes,Standard,yes,yes,11,Cash,Fortnightly
123,40,male,Backpack,Accessories,40,Washington,L,Brown,Spring,4.8,yes,2-Day Shipping,yes,yes,44,Cash,Fortnightly
124,57,male,Sweater,Clothing,89,Louisiana,L,Brown,Fall,3.1,yes,Free Shipping,yes,yes,46,Cash,Weekly
125,44,male,Sweater,Clothing,86,Nevada,M,Gray,Spring,3.1,yes,Next Day Air,yes,yes,50,PayPal,Annually
126,49,male,Shorts,Clothing,54,California,M,Indigo,Winter,3.6,yes,Next Day Air,yes,yes,45,Venmo,Every 3 Months
127,43,male,Shorts,Clothing,36,Mississippi,L,Pink,Spring,3.9,yes,Store Pickup,yes,yes,48,Cash,Every 3 Months
128,24,male,Sweater,Clothing,89,Mississippi,M,Gray,Winter,4.8,yes,Next Day Air,yes,yes,26,Credit Card,Weekly
129,20,male,Scarf,Accessories,32,California,M,Gold,Spring,4.7,yes,Standard,yes,yes,21,Credit Card,Fortnightly
130,24,male,Dress,Clothing,67,Pennsylvania,XL,Olive,Summer,4.2,yes,2-Day Shipping,yes,yes,49,PayPal,Bi-Weekly
131,44,male,Scarf,Accessories,39,Kentucky,L,Violet,Fall,3.7,yes,Next Day Air,yes,yes,13,PayPal,Fortnightly
132,28,male,Skirt,Clothing,29,Maine,L,Indigo,Summer,3.9,yes,Standard,yes,yes,46,Credit Card,Weekly
133,30,male,Backpack,Accessories,58,New Mexico,M,Orange,Fall,4.7,yes,2-Day Shipping,yes,yes,42,PayPal,Weekly
134,52,male,Sweater,Clothing,65,Montana,M,Violet,Winter,2.5,yes,Next Day Air,yes,yes,25,Venmo,Annually
135,43,male,Hat,Accessories,94,Texas,L,Gray,Fall,4.9,yes,Store Pickup,yes,yes,25,Cash,Monthly
136,43,male,Sandals,Footwear,81,Kansas,M,Purple,Fall,4.1,yes,Express,yes,yes,12,PayPal,Quarterly
137,39,male,Blouse,Clothing,86,South Carolina,M,White,Winter,3.3,yes,Free Shipping,yes,yes,4,Debit Card,Quarterly
138,68,male,Sneakers,Footwear,43,Colorado,M,Turquoise,Spring,4.7,yes,Free Shipping,yes,yes,38,PayPal,Weekly
139,68,male,Skirt,Clothing,29,Georgia,M,Maroon,Winter,4.4,yes,Store Pickup,yes,yes,42,Bank Transfer,Weekly
140,49,male,Coat,Outerwear,95,Florida,M,White,Fall,3.8,yes,Store Pickup,yes,yes,30,Venmo,Annually
141,63,male,Shirt,Clothing,28,North Carolina,L,Yellow,Fall,3.9,yes,2-Day Shipping,yes,yes,50,Credit Card,Weekly
142,56,male,Gloves,Accessories,46,Virginia,M,Turquoise,Fall,4.9,yes,Free Shipping,yes,yes,45,PayPal,Weekly
143,37,male,Jacket,Outerwear,58,Nebraska,L,Violet,Fall,3.1,yes,Free Shipping,yes,yes,33,Credit Card,Fortnightly
144,30,male,Coat,Outerwear,48,Missouri,M,Beige,Fall,2.7,yes,Store Pickup,yes,yes,25,PayPal,Quarterly
145,19,male,Shoes,Footwear,43,New Jersey,M,Silver,Fall,3.2,yes,Express,yes,yes,25,Cash,Monthly
146,24,male,Jewelry,Accessories,95,Missouri,M,Teal,Fall,4.5,yes,Standard,yes,yes,44,Debit Card,Quarterly
147,52,male,Skirt,Clothing,30,Colorado,S,Black,Fall,4,yes,Standard,yes,yes,21,Venmo,Fortnightly
148,63,male,Shoes,Footwear,64,Idaho,M,Purple,Summer,3.5,yes,2-Day Shipping,yes,yes,31,Bank Transfer,Fortnightly
149,37,male,Gloves,Accessories,90,Wyoming,M,Gray,Fall,2.6,yes,Store Pickup,yes,yes,47,Debit Card,Annually
150,38,male,Pants,Clothing,76,Delaware,M,White,Summer,3.2,yes,Free Shipping,yes,yes,14,PayPal,Monthly
151,35,male,Boots,Footwear,96,California,L,Cyan,Fall,4.9,yes,Standard,yes,yes,17,Debit Card,Every 3 Months
152,28,male,Sunglasses,Accessories,47,North Dakota,L,Turquoise,Fall,4.5,yes,Next Day Air,yes,yes,3,Venmo,Annually
153,30,male,Shirt,Clothing,85,South Carolina,S,Brown,Summer,4.3,yes,Express,yes,yes,42,Venmo,Annually
154,69,male,Hoodie,Clothing,55,North Carolina,M,Maroon,Winter,3.2,yes,Standard,yes,yes,22,Debit Card,Annually
155,41,male,Dress,Clothing,98,Oklahoma,M,Charcoal,Fall,3.6,yes,Next Day Air,yes,yes,21,Venmo,Quarterly
156,63,male,Socks,Clothing,77,Maine,S,Olive,Spring,4.3,yes,Free Shipping,yes,yes,21,Bank Transfer,Quarterly
157,35,male,Shorts,Clothing,26,Missouri,M,Lavender,Fall,4,yes,Standard,yes,yes,40,Debit Card,Annually
158,36,male,Hat,Accessories,68,Vermont,S,Yellow,Fall,3,yes,Next Day Air,yes,yes,1,Bank Transfer,Fortnightly
159,25,male,Shirt,Clothing,73,Connecticut,XL,Teal,Fall,4.1,yes,Standard,yes,yes,50,Bank Transfer,Monthly
160,58,male,Gloves,Accessories,27,New Hampshire,M,Charcoal,Fall,3.8,yes,Store Pickup,yes,yes,39,Bank Transfer,Every 3 Months
161,27,male,Gloves,Accessories,23,Texas,M,Orange,Summer,4.6,yes,Free Shipping,yes,yes,34,Venmo,Monthly
162,65,male,Backpack,Accessories,49,North Dakota,M,Olive,Fall,3,yes,Express,yes,yes,29,Venmo,Fortnightly
163,54,male,Sunglasses,Accessories,74,California,M,Turquoise,Summer,3,yes,Store Pickup,yes,yes,31,PayPal,Bi-Weekly
164,54,male,Skirt,Clothing,67,Virginia,M,Purple,Summer,3.4,yes,Standard,yes,yes,8,Debit Card,Weekly
165,59,male,Handbag,Accessories,65,Delaware,S,Purple,Spring,2.6,yes,Free Shipping,yes,yes,5,Credit Card,Fortnightly
166,42,male,Handbag,Accessories,60,Kentucky,S,Yellow,Winter,2.8,yes,Store Pickup,yes,yes,7,Cash,Monthly
167,46,male,Sneakers,Footwear,31,Delaware,XL,Indigo,Fall,4,yes,Store Pickup,yes,yes,30,Cash,Monthly
168,33,male,Gloves,Accessories,27,Arkansas,M,Green,Fall,4,yes,Express,yes,yes,14,Credit Card,Every 3 Months
169,34,male,Shoes,Footwear,80,Louisiana,M,Magenta,Summer,3,yes,Express,yes,yes,5,Cash,Fortnightly
170,27,male,Jacket,Outerwear,30,Nevada,S,Gold,Summer,3.3,yes,Standard,yes,yes,3,PayPal,Every 3 Months
171,52,male,Shirt,Clothing,25,Wyoming,M,Maroon,Fall,2.6,yes,Store Pickup,yes,yes,46,Venmo,Bi-Weekly
172,29,male,Shorts,Clothing,35,Virginia,M,Blue,Summer,3.6,yes,Store Pickup,yes,yes,4,Credit Card,Weekly
173,54,male,Jewelry,Accessories,67,Nebraska,M,Violet,Summer,3.9,yes,Next Day Air,yes,yes,42,Credit Card,Bi-Weekly
174,25,male,Hat,Accessories,46,Hawaii,M,Turquoise,Fall,3.4,yes,Standard,yes,yes,30,Cash,Annually
175,41,male,Shoes,Footwear,35,Vermont,L,Brown,Winter,3.5,yes,Express,yes,yes,37,Venmo,Annually
176,53,male,Coat,Outerwear,86,Oklahoma,L,Violet,Fall,2.8,yes,Next Day Air,yes,yes,2,Bank Transfer,Annually
177,53,male,Backpack,Accessories,81,New Hampshire,L,Black,Spring,2.7,yes,Next Day Air,yes,yes,30,Credit Card,Quarterly
178,21,male,Hoodie,Clothing,42,Kansas,L,Magenta,Fall,3.7,yes,Next Day Air,yes,yes,47,Bank Transfer,Monthly
179,61,male,Skirt,Clothing,43,Idaho,L,Lavender,Fall,4.3,yes,2-Day Shipping,yes,yes,21,PayPal,Quarterly
180,64,male,Boots,Footwear,31,Illinois,M,Violet,Fall,4.9,yes,Store Pickup,yes,yes,9,Bank Transfer,Fortnightly
181,51,male,Sandals,Footwear,81,South Dakota,L,Green,Fall,3.3,yes,Store Pickup,yes,yes,12,Debit Card,Fortnightly
182,32,male,Pants,Clothing,61,Massachusetts,M,Beige,Summer,4.7,yes,Next Day Air,yes,yes,4,Bank Transfer,Weekly
183,38,male,Gloves,Accessories,96,Alabama,XL,Purple,Summer,2.8,yes,Store Pickup,yes,yes,10,Debit Card,Annually
184,58,male,Skirt,Clothing,29,Ohio,XL,Beige,Spring,3.6,yes,2-Day Shipping,yes,yes,26,Credit Card,Weekly
185,32,male,Sneakers,Footwear,33,Hawaii,L,Cyan,Spring,3,yes,Express,yes,yes,40,Cash,Fortnightly
186,46,male,T-shirt,Clothing,32,Wisconsin,XL,Silver,Summer,4.5,yes,Store Pickup,yes,yes,34,Bank Transfer,Fortnightly
187,39,male,Backpack,Accessories,56,Minnesota,S,Lavender,Summer,2.9,yes,Standard,yes,yes,31,Debit Card,Annually
188,19,male,Shoes,Footwear,94,Georgia,S,Purple,Spring,3.3,yes,Store Pickup,yes,yes,1,Bank Transfer,Bi-Weekly
189,50,male,Hoodie,Clothing,53,Arkansas,M,Pink,Spring,3.1,yes,Express,yes,yes,5,Bank Transfer,Bi-Weekly
190,36,male,Blouse,Clothing,82,West Virginia,M,Maroon,Fall,4.4,yes,Next Day Air,yes,yes,4,Credit Card,Weekly
191,65,male,Coat,Outerwear,70,Indiana,XL,Beige,Fall,3,yes,Free Shipping,yes,yes,48,Venmo,Quarterly
192,64,male,Hat,Accessories,76,Utah,M,Gray,Fall,3.9,yes,Free Shipping,yes,yes,29,Cash,Every 3 Months
193,46,male,Shoes,Footwear,29,Nebraska,L,Turquoise,Summer,2.9,yes,Express,yes,yes,12,PayPal,Bi-Weekly
194,36,male,Belt,Accessories,100,North Dakota,S,Silver,Fall,3,yes,Standard,yes,yes,29,Venmo,Annually
195,51,male,Backpack,Accessories,94,Missouri,M,Olive,Spring,3.1,yes,Express,yes,yes,15,Debit Card,Quarterly
196,51,male,Jacket,Outerwear,25,New York,M,Magenta,Fall,4.3,yes,Free Shipping,yes,yes,34,Credit Card,Monthly
197,38,male,Boots,Footwear,88,Washington,M,Lavender,Summer,3.9,yes,Next Day Air,yes,yes,41,Credit Card,Fortnightly
198,59,male,Scarf,Accessories,78,South Carolina,M,Black,Fall,3.2,yes,2-Day Shipping,yes,yes,41,Credit Card,Monthly
199,57,male,Jewelry,Accessories,45,Utah,M,Turquoise,Winter,4.8,yes,Standard,yes,yes,39,Credit Card,Fortnightly
200,54,male,Hat,Accessories,73,Idaho,XL,Green,Summer,3.8,yes,Express,yes,yes,32,Cash,Weekly
201,25,male,Dress,Clothing,61,Pennsylvania,S,Teal,Summer,3.3,yes,Next Day Air,yes,yes,29,Venmo,Monthly
202,69,male,Blouse,Clothing,22,Missouri,S,Beige,Fall,4.3,yes,Free Shipping,yes,yes,15,Bank Transfer,Annually
203,57,male,Hat,Accessories,38,Nebraska,L,Magenta,Spring,2.7,yes,Express,yes,yes,33,Venmo,Annually
204,70,male,Scarf,Accessories,38,Indiana,S,Yellow,Fall,3.2,yes,Next Day Air,yes,yes,18,Bank Transfer,Weekly
205,24,male,Sneakers,Footwear,100,Arizona,M,Yellow,Fall,4,yes,Store Pickup,yes,yes,35,Cash,Bi-Weekly
206,67,male,Shirt,Clothing,64,Hawaii,M,Silver,Winter,3,yes,Standard,yes,yes,25,PayPal,Weekly
207,24,male,T-shirt,Clothing,55,Wisconsin,L,Silver,Summer,4.2,yes,Free Shipping,yes,yes,6,Venmo,Fortnightly
208,62,male,Gloves,Accessories,91,Rhode Island,M,Silver,Summer,2.9,yes,Express,yes,yes,17,Bank Transfer,Bi-Weekly
209,57,male,Skirt,Clothing,38,Wisconsin,M,Gold,Spring,4.1,yes,Store Pickup,yes,yes,17,Credit Card,Monthly
210,55,male,Sandals,Footwear,97,Minnesota,S,Olive,Winter,3.2,yes,Store Pickup,yes,yes,44,Cash,Every 3 Months
211,45,male,Jacket,Outerwear,22,Vermont,L,Teal,Fall,3,yes,2-Day Shipping,yes,yes,6,PayPal,Fortnightly
212,69,male,Skirt,Clothing,92,South Dakota,L,Maroon,Fall,4.2,yes,2-Day Shipping,yes,yes,45,Debit Card,Fortnightly
213,67,male,Handbag,Accessories,84,Virginia,L,Blue,Fall,4.2,yes,Express,yes,yes,7,Debit Card,Annually
214,30,male,Handbag,Accessories,93,Nevada,L,Peach,Fall,4.4,yes,Store Pickup,yes,yes,11,Debit Card,Every 3 Months
215,24,male,Jacket,Outerwear,50,Hawaii,L,Blue,Summer,4.2,yes,Next Day Air,yes,yes,41,Cash,Every 3 Months
216,62,male,Scarf,Accessories,64,New Jersey,S,Orange,Spring,2.8,yes,2-Day Shipping,yes,yes,24,PayPal,Bi-Weekly
217,43,male,Shorts,Clothing,61,Massachusetts,L,Yellow,Spring,3.7,yes,Free Shipping,yes,yes,21,Venmo,Weekly
218,35,male,Sunglasses,Accessories,48,Oklahoma,M,Purple,Winter,3.5,yes,Next Day Air,yes,yes,24,Bank Transfer,Annually
219,28,male,T-shirt,Clothing,45,California,S,Magenta,Spring,2.9,yes,Store Pickup,yes,yes,8,Credit Card,Quarterly
220,32,male,Belt,Accessories,88,Nevada,M,Cyan,Spring,3,yes,Free Shipping,yes,yes,12,Cash,Fortnightly
221,39,male,Sneakers,Footwear,57,Arizona,S,Indigo,Spring,3.7,yes,Express,yes,yes,48,Debit Card,Fortnightly
222,28,male,Hat,Accessories,68,North Carolina,XL,Magenta,Summer,4.4,yes,Store Pickup,yes,yes,6,Bank Transfer,Quarterly
223,47,male,Gloves,Accessories,94,New York,XL,Gray,Spring,4.5,yes,2-Day Shipping,yes,yes,14,PayPal,Fortnightly
224,20,male,Pants,Clothing,41,Wyoming,M,Turquoise,Spring,4.8,yes,Free Shipping,yes,yes,34,PayPal,Annually
225,63,male,Socks,Clothing,83,South Dakota,S,Beige,Summer,2.9,yes,Free Shipping,yes,yes,12,Cash,Every 3 Months
226,25,male,Jacket,Outerwear,22,Arkansas,M,Olive,Spring,3.2,yes,Next Day Air,yes,yes,11,Bank Transfer,Annually
227,29,male,Shoes,Footwear,74,Texas,L,Violet,Spring,3.3,yes,Free Shipping,yes,yes,5,PayPal,Monthly
228,50,male,Jeans,Clothing,90,Rhode Island,M,Turquoise,Winter,4.2,yes,Standard,yes,yes,25,Venmo,Fortnightly
229,18,male,Socks,Clothing,79,New Hampshire,M,White,Spring,2.9,yes,Store Pickup,yes,yes,11,Credit Card,Annually
230,70,male,Sandals,Footwear,28,Ohio,S,Silver,Spring,4.6,yes,Next Day Air,yes,yes,27,PayPal,Every 3 Months
231,66,male,Scarf,Accessories,88,Utah,L,Olive,Fall,4.1,yes,Standard,yes,yes,43,Credit Card,Annually
232,28,male,Blouse,Clothing,26,Tennessee,M,Blue,Spring,3.1,yes,2-Day Shipping,yes,yes,18,Debit Card,Every 3 Months
233,54,male,Jewelry,Accessories,27,Hawaii,L,Purple,Winter,4.2,yes,Express,yes,yes,32,Bank Transfer,Bi-Weekly
234,19,male,Sweater,Clothing,83,Arizona,XL,Yellow,Fall,4.5,yes,Next Day Air,yes,yes,27,Bank Transfer,Every 3 Months
235,20,male,Gloves,Accessories,39,South Dakota,S,Silver,Summer,3.7,yes,Next Day Air,yes,yes,24,Credit Card,Weekly
236,43,male,Sunglasses,Accessories,89,New Jersey,M,Cyan,Winter,3.7,yes,Free Shipping,yes,yes,31,Debit Card,Quarterly
237,38,male,Coat,Outerwear,68,North Dakota,L,Green,Winter,3.4,yes,Next Day Air,yes,yes,39,PayPal,Fortnightly
238,50,male,Dress,Clothing,90,Iowa,M,Beige,Summer,3,yes,Store Pickup,yes,yes,36,Debit Card,Fortnightly
239,64,male,Skirt,Clothing,34,Ohio,M,Peach,Fall,4.2,yes,Free Shipping,yes,yes,5,Cash,Annually
240,49,male,Pants,Clothing,51,Vermont,L,Yellow,Summer,2.9,yes,Express,yes,yes,47,Credit Card,Bi-Weekly
241,47,male,Sweater,Clothing,45,Montana,XL,Turquoise,Winter,3.5,yes,Free Shipping,yes,yes,29,Bank Transfer,Fortnightly
242,36,male,Hoodie,Clothing,88,Delaware,M,Peach,Winter,4.1,yes,Free Shipping,yes,yes,43,Venmo,Bi-Weekly
243,55,male,Coat,Outerwear,85,New York,L,Gray,Summer,4.3,yes,Store Pickup,yes,yes,40,Debit Card,Every 3 Months
244,25,male,Jewelry,Accessories,100,Kentucky,M,Olive,Winter,2.8,yes,2-Day Shipping,yes,yes,4,Debit Card,Monthly
245,53,male,Belt,Accessories,42,Oregon,S,Indigo,Spring,4.9,yes,2-Day Shipping,yes,yes,39,PayPal,Weekly
246,49,male,Sandals,Footwear,53,Rhode Island,L,Charcoal,Summer,3.3,yes,Next Day Air,yes,yes,45,Venmo,Fortnightly
247,35,male,Sunglasses,Accessories,86,Nevada,XL,Beige,Spring,3.2,yes,Express,yes,yes,20,Venmo,Bi-Weekly
248,29,male,Sweater,Clothing,66,Montana,XL,Brown,Spring,4.4,yes,Standard,yes,yes,14,Debit Card,Weekly
249,47,male,Belt,Accessories,100,Pennsylvania,M,Blue,Winter,4.8,yes,Express,yes,yes,33,PayPal,Weekly
250,53,male,Handbag,Accessories,47,Alaska,S,Teal,Fall,4.2,yes,Standard,yes,yes,18,Credit Card,Annually
251,33,male,Skirt,Clothing,25,Mississippi,L,Black,Fall,4,yes,Express,yes,yes,9,Bank Transfer,Weekly
252,21,male,Handbag,Accessories,51,Wyoming,XL,Gold,Winter,2.5,yes,Standard,yes,yes,34,PayPal,Annually
253,32,male,Shorts,Clothing,41,Delaware,M,Violet,Summer,3.9,yes,Free Shipping,yes,yes,33,Venmo,Fortnightly
254,52,male,Boots,Footwear,73,Oklahoma,L,Cyan,Winter,4.9,yes,2-Day Shipping,yes,yes,15,Bank Transfer,Bi-Weekly
255,67,male,Sunglasses,Accessories,42,Indiana,M,White,Winter,3.5,yes,Store Pickup,yes,yes,4,PayPal,Bi-Weekly
256,43,male,Scarf,Accessories,20,Maryland,M,Charcoal,Spring,4.2,yes,Free Shipping,yes,yes,25,Debit Card,Annually
257,58,male,Jewelry,Accessories,30,South Dakota,XL,Violet,Spring,4.7,yes,Express,yes,yes,20,Credit Card,Every 3 Months
258,20,male,Handbag,Accessories,53,West Virginia,M,Red,Summer,4.5,yes,Express,yes,yes,5,Credit Card,Quarterly
259,61,male,Gloves,Accessories,74,Alabama,S,Lavender,Spring,2.8,yes,Express,yes,yes,16,Cash,Quarterly
260,32,male,Jeans,Clothing,57,Louisiana,M,Gold,Fall,2.9,yes,Standard,yes,yes,13,Debit Card,Annually
261,38,male,Hat,Accessories,57,Montana,S,Red,Winter,3.2,yes,2-Day Shipping,yes,yes,11,Credit Card,Every 3 Months
262,21,male,Jeans,Clothing,77,California,L,Magenta,Winter,4.9,yes,Standard,yes,yes,21,Credit Card,Annually
263,37,male,Pants,Clothing,40,Hawaii,M,Teal,Summer,3.7,yes,Next Day Air,yes,yes,6,Debit Card,Annually
264,27,male,Shorts,Clothing,46,Iowa,M,Purple,Summer,4.3,yes,Store Pickup,yes,yes,29,Venmo,Monthly
265,36,male,Pants,Clothing,78,Colorado,S,Charcoal,Fall,3.9,yes,Store Pickup,yes,yes,15,Cash,Annually
266,32,male,Backpack,Accessories,59,Michigan,M,Gray,Spring,3.2,yes,2-Day Shipping,yes,yes,17,Bank Transfer,Bi-Weekly
267,51,male,Jewelry,Accessories,75,Louisiana,L,White,Summer,3.1,yes,Express,yes,yes,32,Credit Card,Weekly
268,64,male,Sweater,Clothing,54,Maryland,M,Olive,Spring,3.9,yes,2-Day Shipping,yes,yes,42,Venmo,Annually
269,68,male,Shoes,Footwear,42,Georgia,M,Charcoal,Spring,2.6,yes,Store Pickup,yes,yes,21,Cash,Monthly
270,68,male,Blouse,Clothing,44,Georgia,M,Charcoal,Winter,3.3,yes,Next Day Air,yes,yes,9,Cash,Bi-Weekly
271,33,male,Jeans,Clothing,52,North Dakota,XL,Orange,Fall,4.6,yes,Free Shipping,yes,yes,16,Bank Transfer,Annually
272,65,male,Sunglasses,Accessories,69,Maryland,XL,Yellow,Summer,4.6,yes,Express,yes,yes,42,Credit Card,Fortnightly
273,48,male,Jewelry,Accessories,26,Oregon,M,Beige,Summer,4.4,yes,2-Day Shipping,yes,yes,37,Debit Card,Bi-Weekly
274,69,male,Coat,Outerwear,33,North Dakota,S,Silver,Spring,4.2,yes,Express,yes,yes,32,Debit Card,Quarterly
275,59,male,Jewelry,Accessories,32,Maryland,M,Indigo,Spring,3,yes,Express,yes,yes,28,Cash,Bi-Weekly
276,48,male,Backpack,Accessories,85,Virginia,XL,Lavender,Winter,4,yes,Express,yes,yes,13,Credit Card,Weekly
277,25,male,Skirt,Clothing,30,South Dakota,XL,Turquoise,Fall,3.5,yes,Express,yes,yes,11,Bank Transfer,Fortnightly
278,29,male,Shirt,Clothing,29,Georgia,M,Green,Winter,3,yes,Store Pickup,yes,yes,36,Bank Transfer,Bi-Weekly
279,57,male,Sweater,Clothing,95,Hawaii,M,Orange,Spring,3.7,yes,Express,yes,yes,23,Debit Card,Annually
280,23,male,Sneakers,Footwear,69,Arkansas,L,Turquoise,Summer,4,yes,Standard,yes,yes,37,Bank Transfer,Monthly
281,45,male,Sandals,Footwear,69,Montana,S,Cyan,Fall,4.2,yes,2-Day Shipping,yes,yes,21,Cash,Bi-Weekly
282,38,male,Belt,Accessories,61,Oklahoma,XL,Charcoal,Spring,2.5,yes,Standard,yes,yes,22,Debit Card,Bi-Weekly
283,21,male,Skirt,Clothing,94,Minnesota,M,Teal,Summer,3,yes,2-Day Shipping,yes,yes,9,Cash,Monthly
284,32,male,Sweater,Clothing,30,Montana,S,Maroon,Fall,3.2,yes,Next Day Air,yes,yes,16,Venmo,Annually
285,63,male,Skirt,Clothing,45,Ohio,M,Red,Summer,3.5,yes,Standard,yes,yes,4,PayPal,Quarterly
286,29,male,Handbag,Accessories,39,Kentucky,XL,Yellow,Summer,4.8,yes,Express,yes,yes,3,Debit Card,Bi-Weekly
287,27,male,Jewelry,Accessories,51,Nebraska,L,Gray,Summer,2.6,yes,Store Pickup,yes,yes,6,Debit Card,Annually
288,56,male,Scarf,Accessories,37,Delaware,L,Blue,Spring,3.4,yes,2-Day Shipping,yes,yes,18,Venmo,Fortnightly
289,30,male,T-shirt,Clothing,62,North Carolina,M,Lavender,Winter,3.7,yes,2-Day Shipping,yes,yes,34,Venmo,Bi-Weekly
290,49,male,Coat,Outerwear,85,New York,M,Yellow,Fall,4.5,yes,2-Day Shipping,yes,yes,26,Credit Card,Monthly
291,58,male,T-shirt,Clothing,33,Colorado,M,Indigo,Winter,3.7,yes,Standard,yes,yes,50,PayPal,Weekly
292,57,male,Dress,Clothing,26,Delaware,XL,Violet,Fall,3.3,yes,Next Day Air,yes,yes,40,Bank Transfer,Monthly
293,60,male,Shoes,Footwear,99,Utah,M,Green,Spring,4.7,yes,Free Shipping,yes,yes,24,Cash,Quarterly
294,69,male,Handbag,Accessories,39,Connecticut,M,White,Spring,2.7,yes,Express,yes,yes,33,PayPal,Annually
295,70,male,Skirt,Clothing,20,New Jersey,M,Gold,Spring,4.6,yes,Store Pickup,yes,yes,19,Credit Card,Every 3 Months
296,53,male,Sunglasses,Accessories,42,West Virginia,M,Indigo,Winter,2.7,yes,Store Pickup,yes,yes,24,Credit Card,Quarterly
297,25,male,Sandals,Footwear,74,Indiana,S,Lavender,Spring,4.8,yes,2-Day Shipping,yes,yes,19,Credit Card,Weekly
298,48,male,Shoes,Footwear,26,Delaware,XL,Purple,Summer,4.4,yes,Standard,yes,yes,4,Credit Card,Bi-Weekly
299,69,male,T-shirt,Clothing,53,Maryland,M,Lavender,Winter,4,yes,Standard,yes,yes,11,Venmo,Every 3 Months
300,25,male,Sneakers,Footwear,80,Pennsylvania,M,Maroon,Summer,3.2,yes,Next Day Air,yes,yes,28,PayPal,Fortnightly
301,29,male,Hat,Accessories,98,Iowa,M,Teal,Spring,4.4,yes,Store Pickup,yes,yes,24,PayPal,Weekly
302,46,male,Skirt,Clothing,95,Pennsylvania,M,Green,Spring,3.8,yes,Standard,yes,yes,25,Credit Card,Every 3 Months
303,37,male,Sweater,Clothing,44,Delaware,L,Olive,Summer,3.6,yes,Express,yes,yes,27,Bank Transfer,Every 3 Months
304,20,male,Sandals,Footwear,60,Oregon,M,Turquoise,Summer,3.3,yes,Next Day Air,yes,yes,49,Venmo,Weekly
305,40,male,Dress,Clothing,84,Oregon,M,Green,Winter,3.4,yes,Next Day Air,yes,yes,45,Credit Card,Bi-Weekly
306,60,male,Sweater,Clothing,59,Utah,M,Teal,Fall,3.5,yes,2-Day Shipping,yes,yes,26,PayPal,Annually
307,26,male,Jacket,Outerwear,49,North Dakota,S,White,Summer,3.6,yes,Express,yes,yes,4,Cash,Annually
308,29,male,Gloves,Accessories,32,Florida,M,Orange,Winter,3.2,yes,Free Shipping,yes,yes,3,Credit Card,Every 3 Months
309,66,male,Handbag,Accessories,29,Maryland,M,Beige,Fall,3.7,yes,Standard,yes,yes,45,Venmo,Bi-Weekly
310,66,male,Dress,Clothing,22,Minnesota,M,Yellow,Spring,4.5,yes,Standard,yes,yes,21,Cash,Fortnightly
311,56,male,Pants,Clothing,85,Montana,M,Charcoal,Winter,4.6,yes,Standard,yes,yes,50,Cash,Fortnightly
312,69,male,Jeans,Clothing,52,Rhode Island,L,Silver,Winter,4.1,yes,Store Pickup,yes,yes,19,Bank Transfer,Monthly
313,38,male,Pants,Clothing,89,Massachusetts,L,Green,Spring,3.4,yes,Next Day Air,yes,yes,6,PayPal,Annually
314,42,male,Dress,Clothing,77,Vermont,M,Pink,Spring,3.7,yes,Express,yes,yes,50,Credit Card,Every 3 Months
315,30,male,Pants,Clothing,24,New Jersey,M,Purple,Summer,3.3,yes,Store Pickup,yes,yes,17,Debit Card,Every 3 Months
316,66,male,Jewelry,Accessories,24,Wisconsin,XL,Orange,Spring,4.5,yes,Express,yes,yes,24,Debit Card,Annually
317,36,male,Handbag,Accessories,22,California,M,Charcoal,Fall,3.3,yes,Free Shipping,yes,yes,46,Venmo,Monthly
318,58,male,Sweater,Clothing,82,West Virginia,L,Teal,Fall,4.3,yes,Standard,yes,yes,42,Cash,Every 3 Months
319,45,male,Backpack,Accessories,67,South Dakota,M,Beige,Winter,2.5,yes,Standard,yes,yes,10,Cash,Annually
320,47,male,Shorts,Clothing,74,Maine,XL,White,Spring,2.6,yes,Standard,yes,yes,1,Cash,Every 3 Months
321,66,male,Jewelry,Accessories,72,Kansas,L,White,Summer,4.9,yes,Standard,yes,yes,28,Debit Card,Quarterly
322,41,male,Sneakers,Footwear,36,Vermont,L,Orange,Summer,4.7,yes,Free Shipping,yes,yes,48,Debit Card,Quarterly
323,41,male,Belt,Accessories,95,Tennessee,S,Cyan,Winter,3,yes,Standard,yes,yes,47,Credit Card,Monthly
324,66,male,Hoodie,Clothing,78,Tennessee,M,Orange,Winter,3.5,yes,Next Day Air,yes,yes,29,PayPal,Bi-Weekly
325,37,male,Shirt,Clothing,82,Wyoming,M,Olive,Summer,4.8,yes,Standard,yes,yes,37,Venmo,Quarterly
326,70,male,Pants,Clothing,70,Vermont,M,Charcoal,Winter,4.3,yes,Free Shipping,yes,yes,38,Debit Card,Annually
327,62,male,Scarf,Accessories,41,New Jersey,M,White,Fall,3.2,yes,Store Pickup,yes,yes,48,Bank Transfer,Weekly
328,61,male,Coat,Outerwear,42,Iowa,M,Teal,Summer,3.1,yes,Free Shipping,yes,yes,36,PayPal,Weekly
329,48,male,Coat,Outerwear,50,Florida,M,Yellow,Fall,2.8,yes,Free Shipping,yes,yes,9,Credit Card,Weekly
330,70,male,Socks,Clothing,31,Nevada,S,White,Summer,2.9,yes,2-Day Shipping,yes,yes,34,Bank Transfer,Monthly
331,46,male,Sweater,Clothing,51,North Dakota,M,Beige,Winter,3.7,yes,Express,yes,yes,43,Venmo,Bi-Weekly
332,31,male,Shirt,Clothing,98,Florida,L,Beige,Fall,3.3,yes,Store Pickup,yes,yes,46,PayPal,Quarterly
333,19,male,Shirt,Clothing,86,New York,M,Maroon,Winter,2.8,yes,2-Day Shipping,yes,yes,5,Credit Card,Monthly
334,39,male,Sweater,Clothing,64,Alaska,M,Teal,Winter,4.5,yes,Standard,yes,yes,15,Bank Transfer,Bi-Weekly
335,41,male,Blouse,Clothing,46,Kansas,M,Lavender,Fall,2.6,yes,Next Day Air,yes,yes,30,Credit Card,Annually
336,20,male,Sweater,Clothing,85,Oregon,L,Maroon,Spring,3.7,yes,Standard,yes,yes,44,Venmo,Every 3 Months
337,36,male,Hat,Accessories,81,Rhode Island,S,Orange,Fall,4.4,yes,Express,yes,yes,16,PayPal,Annually
338,32,male,Sweater,Clothing,59,New Mexico,M,Cyan,Winter,4.3,yes,2-Day Shipping,yes,yes,16,Bank Transfer,Annually
339,69,male,Hoodie,Clothing,79,Massachusetts,M,Silver,Winter,3.5,yes,Express,yes,yes,16,Cash,Weekly
340,40,male,Shorts,Clothing,33,Pennsylvania,M,Teal,Spring,3.8,yes,2-Day Shipping,yes,yes,21,Credit Card,Every 3 Months
341,40,male,Shorts,Clothing,47,New Jersey,L,Blue,Summer,3.5,yes,Express,yes,yes,39,Venmo,Every 3 Months
342,20,male,Hat,Accessories,20,Utah,S,Blue,Summer,4.6,yes,Store Pickup,yes,yes,40,Debit Card,Bi-Weekly
343,64,male,Coat,Outerwear,36,Kentucky,M,Olive,Spring,2.6,yes,Next Day Air,yes,yes,48,Credit Card,Every 3 Months
344,27,male,Sandals,Footwear,39,Nebraska,M,Purple,Summer,4.4,yes,Next Day Air,yes,yes,26,Venmo,Monthly
345,24,male,Skirt,Clothing,71,Virginia,M,Charcoal,Winter,4,yes,Standard,yes,yes,46,Debit Card,Monthly
346,48,male,Shoes,Footwear,59,Wyoming,S,Olive,Winter,4.4,yes,Next Day Air,yes,yes,27,Bank Transfer,Annually
347,49,male,Jeans,Clothing,50,New Mexico,L,Violet,Spring,4.7,yes,Next Day Air,yes,yes,5,Cash,Weekly
348,36,male,Sandals,Footwear,41,Oregon,L,Red,Fall,3.9,yes,Store Pickup,yes,yes,43,PayPal,Fortnightly
349,56,male,Blouse,Clothing,59,South Carolina,M,Beige,Fall,2.7,yes,Free Shipping,yes,yes,17,PayPal,Fortnightly
350,37,male,Hat,Accessories,87,Arizona,M,Green,Winter,3.7,yes,2-Day Shipping,yes,yes,3,Bank Transfer,Bi-Weekly
351,42,male,Sweater,Clothing,68,Kentucky,M,Violet,Spring,2.6,yes,2-Day Shipping,yes,yes,47,Bank Transfer,Fortnightly
352,28,male,Skirt,Clothing,90,New York,M,Teal,Winter,3.9,yes,Standard,yes,yes,24,Debit Card,Bi-Weekly
353,27,male,Jeans,Clothing,71,Texas,XL,Yellow,Fall,4.9,yes,Next Day Air,yes,yes,12,Cash,Every 3 Months
354,63,male,Sneakers,Footwear,64,Missouri,L,Yellow,Fall,4.1,yes,Store Pickup,yes,yes,35,Debit Card,Monthly
355,58,male,Jewelry,Accessories,76,Pennsylvania,S,Olive,Fall,3,yes,Free Shipping,yes,yes,42,Venmo,Weekly
356,37,male,Jewelry,Accessories,42,Oregon,XL,Magenta,Fall,4.1,yes,2-Day Shipping,yes,yes,1,PayPal,Every 3 Months
357,56,male,Pants,Clothing,80,Nevada,L,Black,Spring,3.8,yes,Standard,yes,yes,27,Cash,Weekly
358,18,male,Belt,Accessories,56,Arkansas,M,Olive,Spring,4,yes,Standard,yes,yes,16,Credit Card,Bi-Weekly
359,48,male,Hat,Accessories,25,Minnesota,XL,Magenta,Summer,3.6,yes,Express,yes,yes,36,Credit Card,Every 3 Months
360,31,male,Sneakers,Footwear,74,Georgia,M,Olive,Winter,3,yes,Store Pickup,yes,yes,30,Credit Card,Every 3 Months
361,51,male,Pants,Clothing,30,Rhode Island,M,Teal,Summer,3,yes,Standard,yes,yes,18,Debit Card,Fortnightly
362,65,male,T-shirt,Clothing,96,Nevada,M,White,Spring,2.6,yes,Free Shipping,yes,yes,45,Cash,Annually
363,53,male,Sneakers,Footwear,64,Texas,M,Charcoal,Fall,3.4,yes,Free Shipping,yes,yes,1,Venmo,Fortnightly
364,55,male,Shorts,Clothing,88,Florida,L,Yellow,Winter,3.1,yes,Free Shipping,yes,yes,42,Bank Transfer,Fortnightly
365,62,male,Shoes,Footwear,88,North Dakota,L,Charcoal,Summer,3,yes,Free Shipping,yes,yes,7,Venmo,Every 3 Months
366,55,male,Gloves,Accessories,88,West Virginia,XL,Gray,Summer,3.7,yes,Standard,yes,yes,50,PayPal,Quarterly
367,64,male,Socks,Clothing,36,Nebraska,M,Turquoise,Spring,3.5,yes,Store Pickup,yes,yes,37,Venmo,Fortnightly
368,52,male,Dress,Clothing,40,Tennessee,XL,Cyan,Spring,2.8,yes,Store Pickup,yes,yes,18,Bank Transfer,Monthly
369,24,male,Handbag,Accessories,39,Oklahoma,M,Charcoal,Spring,4.5,yes,Standard,yes,yes,29,Cash,Monthly
370,38,male,Belt,Accessories,40,Wisconsin,M,Silver,Summer,3.3,yes,Store Pickup,yes,yes,45,PayPal,Quarterly
371,59,male,Scarf,Accessories,34,Oregon,M,Olive,Winter,3.4,yes,Express,yes,yes,13,PayPal,Weekly
372,27,male,Sneakers,Footwear,83,North Carolina,S,Pink,Winter,3.2,yes,2-Day Shipping,yes,yes,47,PayPal,Monthly
373,24,male,Sweater,Clothing,85,Pennsylvania,L,Orange,Summer,3.7,yes,Standard,yes,yes,7,Debit Card,Weekly
374,23,male,Coat,Outerwear,27,North Dakota,L,White,Summer,4.6,yes,Express,yes,yes,11,Venmo,Bi-Weekly
375,69,male,Jewelry,Accessories,78,Ohio,S,Purple,Spring,5,yes,Store Pickup,yes,yes,39,Bank Transfer,Monthly
376,59,male,Sunglasses,Accessories,32,Oklahoma,M,Olive,Summer,4.4,yes,Standard,yes,yes,6,Debit Card,Quarterly
377,51,male,Shoes,Footwear,51,South Carolina,S,Gray,Fall,4.9,yes,Express,yes,yes,2,Venmo,Bi-Weekly
378,63,male,Scarf,Accessories,32,Maine,M,Silver,Spring,4.1,yes,Standard,yes,yes,39,Credit Card,Every 3 Months
379,54,male,Dress,Clothing,62,Nevada,L,Orange,Winter,4.9,yes,Next Day Air,yes,yes,23,Credit Card,Monthly
380,32,male,T-shirt,Clothing,29,Montana,S,Magenta,Fall,4.7,yes,2-Day Shipping,yes,yes,46,Debit Card,Bi-Weekly
381,39,male,Backpack,Accessories,69,New Hampshire,XL,Beige,Fall,3,yes,Store Pickup,yes,yes,19,Bank Transfer,Weekly
382,66,male,Jewelry,Accessories,25,Maine,L,Lavender,Winter,3.4,yes,Store Pickup,yes,yes,3,Credit Card,Every 3 Months
383,28,male,Jeans,Clothing,76,California,M,Peach,Winter,3.2,yes,Store Pickup,yes,yes,47,PayPal,Quarterly
384,50,male,Sunglasses,Accessories,77,West Virginia,S,Magenta,Fall,2.9,yes,Standard,yes,yes,6,PayPal,Quarterly
385,70,male,Sweater,Clothing,33,California,M,Beige,Fall,4.5,yes,2-Day Shipping,yes,yes,6,Venmo,Annually
386,67,male,Shorts,Clothing,93,West Virginia,S,Yellow,Fall,2.7,yes,Next Day Air,yes,yes,12,Credit Card,Bi-Weekly
387,64,male,Jewelry,Accessories,39,Louisiana,L,Brown,Spring,3.4,yes,Express,yes,yes,40,PayPal,Quarterly
388,45,male,Coat,Outerwear,93,Georgia,L,Silver,Summer,4.6,yes,Store Pickup,yes,yes,38,PayPal,Fortnightly
389,22,male,Handbag,Accessories,82,Washington,M,Orange,Summer,2.7,yes,Store Pickup,yes,yes,10,PayPal,Quarterly
390,27,male,Boots,Footwear,42,Virginia,L,Purple,Spring,4.2,yes,Standard,yes,yes,28,Bank Transfer,Monthly
391,25,male,Gloves,Accessories,71,Indiana,M,Indigo,Winter,3.2,yes,2-Day Shipping,yes,yes,19,PayPal,Annually
392,37,male,Sweater,Clothing,86,Minnesota,L,Gray,Spring,4.8,yes,Standard,yes,yes,25,Cash,Fortnightly
393,26,male,T-shirt,Clothing,82,Idaho,XL,Black,Spring,3.3,yes,Next Day Air,yes,yes,38,Credit Card,Annually
394,33,male,Shoes,Footwear,65,Vermont,L,Maroon,Fall,4.2,yes,Standard,yes,yes,6,PayPal,Fortnightly
395,43,male,Scarf,Accessories,29,North Dakota,M,Beige,Spring,4.8,yes,Store Pickup,yes,yes,7,Debit Card,Bi-Weekly
396,37,male,Sneakers,Footwear,65,Rhode Island,L,Brown,Winter,4.9,yes,Store Pickup,yes,yes,2,PayPal,Annually
397,46,male,Dress,Clothing,88,South Carolina,S,Black,Fall,3.9,yes,Standard,yes,yes,24,Bank Transfer,Annually
398,22,male,Belt,Accessories,46,Mississippi,M,Indigo,Fall,3,yes,Free Shipping,yes,yes,26,Cash,Annually
399,20,male,Boots,Footwear,67,Montana,S,Silver,Winter,4.6,yes,Free Shipping,yes,yes,25,Debit Card,Every 3 Months
400,60,male,Scarf,Accessories,35,Idaho,L,Blue,Fall,3.5,yes,2-Day Shipping,yes,yes,10,Debit Card,Monthly
401,39,male,Boots,Footwear,66,Utah,M,Green,Winter,4.8,yes,Free Shipping,yes,yes,14,PayPal,Fortnightly
402,43,male,T-shirt,Clothing,91,Oklahoma,L,Orange,Fall,4.8,yes,Standard,yes,yes,21,Cash,Quarterly
403,31,male,Backpack,Accessories,78,California,L,Cyan,Fall,3,yes,Express,yes,yes,26,PayPal,Monthly
404,19,male,Sneakers,Footwear,45,Nevada,M,Orange,Winter,4.5,yes,Next Day Air,yes,yes,12,Bank Transfer,Annually
405,35,male,T-shirt,Clothing,93,Delaware,M,Indigo,Spring,4.8,yes,Store Pickup,yes,yes,11,Credit Card,Monthly
406,41,male,Jeans,Clothing,74,South Carolina,S,Silver,Summer,3.8,yes,Standard,yes,yes,15,Cash,Annually
407,52,male,Gloves,Accessories,55,Maryland,M,Peach,Spring,4.6,yes,Express,yes,yes,13,Cash,Monthly
408,45,male,Hoodie,Clothing,76,North Carolina,XL,Teal,Spring,3.1,yes,Next Day Air,yes,yes,5,Credit Card,Bi-Weekly
409,34,male,Sneakers,Footwear,66,Alabama,L,White,Spring,3.4,yes,Express,yes,yes,36,Cash,Fortnightly
410,35,male,Shorts,Clothing,51,Minnesota,M,Brown,Winter,3.3,yes,2-Day Shipping,yes,yes,32,Bank Transfer,Monthly
411,29,male,Sweater,Clothing,26,Virginia,L,Lavender,Spring,4.8,yes,2-Day Shipping,yes,yes,1,Credit Card,Quarterly
412,59,male,Jeans,Clothing,29,Michigan,M,Indigo,Summer,2.8,yes,Express,yes,yes,15,PayPal,Annually
413,24,male,Jacket,Outerwear,74,Maine,M,Yellow,Summer,3.1,yes,Store Pickup,yes,yes,3,Bank Transfer,Weekly
414,70,male,Jewelry,Accessories,99,Nevada,S,White,Summer,4.6,yes,Free Shipping,yes,yes,48,Cash,Monthly
415,29,male,Backpack,Accessories,88,Wyoming,L,Violet,Winter,2.6,yes,Store Pickup,yes,yes,30,Debit Card,Weekly
416,67,male,Coat,Outerwear,31,Connecticut,M,Lavender,Winter,2.6,yes,Express,yes,yes,40,Bank Transfer,Monthly
417,36,male,Belt,Accessories,55,Oregon,L,Olive,Spring,3.8,yes,Free Shipping,yes,yes,24,Bank Transfer,Fortnightly
418,23,male,Sandals,Footwear,81,Mississippi,L,Beige,Fall,4.5,yes,Free Shipping,yes,yes,48,Debit Card,Quarterly
419,18,male,Sweater,Clothing,73,Illinois,L,Purple,Spring,3,yes,Standard,yes,yes,27,Venmo,Bi-Weekly
420,53,male,Shorts,Clothing,91,Utah,S,Teal,Winter,3.5,yes,Free Shipping,yes,yes,14,Credit Card,Every 3 Months
421,32,male,Socks,Clothing,54,North Carolina,S,Peach,Spring,3.8,yes,Free Shipping,yes,yes,18,Debit Card,Bi-Weekly
422,38,male,Shirt,Clothing,40,Kentucky,M,Violet,Winter,3.5,yes,Standard,yes,yes,48,Cash,Bi-Weekly
423,47,male,Pants,Clothing,59,Minnesota,M,Purple,Fall,3.1,yes,Store Pickup,yes,yes,32,Debit Card,Annually
424,46,male,Scarf,Accessories,26,New York,L,Teal,Spring,3,yes,Store Pickup,yes,yes,21,Credit Card,Bi-Weekly
425,66,male,Sweater,Clothing,23,Illinois,M,Gold,Winter,4.3,yes,Standard,yes,yes,42,PayPal,Fortnightly
426,40,male,Jeans,Clothing,87,North Dakota,S,Teal,Winter,3.3,yes,Store Pickup,yes,yes,4,Credit Card,Quarterly
427,43,male,Pants,Clothing,71,Louisiana,M,Violet,Winter,4.7,yes,Express,yes,yes,19,Credit Card,Quarterly
428,58,male,Backpack,Accessories,91,Illinois,L,Black,Winter,4.5,yes,Store Pickup,yes,yes,6,Credit Card,Quarterly
429,21,male,Coat,Outerwear,64,Wyoming,XL,Gold,Winter,2.9,yes,Free Shipping,yes,yes,2,Debit Card,Fortnightly
430,42,male,Sandals,Footwear,94,Washington,M,Gold,Winter,4.1,yes,2-Day Shipping,yes,yes,21,Cash,Fortnightly
431,24,male,Shirt,Clothing,40,Texas,M,Brown,Summer,3.5,yes,Store Pickup,yes,yes,40,Debit Card,Annually
432,43,male,Hat,Accessories,76,New Hampshire,L,Cyan,Winter,3.4,yes,Store Pickup,yes,yes,33,Cash,Fortnightly
433,47,male,Shirt,Clothing,86,Indiana,S,Indigo,Fall,3.3,yes,Free Shipping,yes,yes,26,Venmo,Weekly
434,49,male,Skirt,Clothing,92,Alabama,M,Orange,Fall,3.2,yes,Store Pickup,yes,yes,23,Credit Card,Fortnightly
435,50,male,Shoes,Footwear,52,Oklahoma,L,Pink,Spring,4,yes,Store Pickup,yes,yes,39,PayPal,Every 3 Months
436,51,male,Coat,Outerwear,28,Montana,XL,Olive,Winter,3.6,yes,Next Day Air,yes,yes,42,Bank Transfer,Monthly
437,40,male,Pants,Clothing,46,Tennessee,L,Cyan,Summer,4.6,yes,Free Shipping,yes,yes,41,Bank Transfer,Weekly
438,45,male,Jewelry,Accessories,50,New Mexico,M,Peach,Summer,2.6,yes,Next Day Air,yes,yes,41,PayPal,Annually
439,52,male,Belt,Accessories,23,Iowa,M,Turquoise,Winter,4.3,yes,Express,yes,yes,12,Credit Card,Fortnightly
440,62,male,Jacket,Outerwear,50,Idaho,M,Turquoise,Summer,3.4,yes,Free Shipping,yes,yes,31,Cash,Monthly
441,20,male,Shirt,Clothing,89,Oklahoma,XL,Maroon,Winter,3.5,yes,Store Pickup,yes,yes,34,Debit Card,Fortnightly
442,43,male,Hoodie,Clothing,81,Florida,M,Maroon,Winter,4.2,yes,Standard,yes,yes,32,Credit Card,Annually
443,29,male,Sunglasses,Accessories,69,Michigan,M,Olive,Fall,3.5,yes,Store Pickup,yes,yes,31,Credit Card,Quarterly
444,22,male,Sunglasses,Accessories,67,Hawaii,M,Magenta,Summer,3.6,yes,Free Shipping,yes,yes,24,PayPal,Annually
445,48,male,Dress,Clothing,20,California,M,Red,Summer,4.3,yes,Store Pickup,yes,yes,31,Debit Card,Annually
446,42,male,Boots,Footwear,29,Iowa,M,Olive,Fall,4.9,yes,Standard,yes,yes,18,Venmo,Annually
447,19,male,Shirt,Clothing,74,West Virginia,M,Silver,Summer,4.1,yes,Store Pickup,yes,yes,15,Venmo,Monthly
448,60,male,Shorts,Clothing,82,Washington,S,Turquoise,Spring,3.6,yes,Standard,yes,yes,7,Bank Transfer,Every 3 Months
449,32,male,Gloves,Accessories,23,Missouri,M,Yellow,Summer,3.4,yes,Next Day Air,yes,yes,35,Bank Transfer,Fortnightly
450,26,male,Jewelry,Accessories,45,New York,L,Peach,Summer,2.9,yes,2-Day Shipping,yes,yes,35,Bank Transfer,Monthly
451,25,male,Boots,Footwear,21,Connecticut,L,Beige,Summer,2.7,yes,Store Pickup,yes,yes,19,Credit Card,Monthly
452,66,male,Jewelry,Accessories,31,Virginia,M,Pink,Summer,4.3,yes,Express,yes,yes,26,Credit Card,Fortnightly
453,45,male,Pants,Clothing,45,Missouri,M,Violet,Summer,3.3,yes,Express,yes,yes,39,PayPal,Fortnightly
454,54,male,Jewelry,Accessories,56,Nebraska,XL,Peach,Winter,2.8,yes,Next Day Air,yes,yes,22,Credit Card,Weekly
455,37,male,Jacket,Outerwear,97,New Jersey,S,Gold,Summer,3.2,yes,Next Day Air,yes,yes,14,Cash,Bi-Weekly
456,54,male,Blouse,Clothing,100,Utah,XL,Gold,Fall,3.6,yes,Store Pickup,yes,yes,50,Debit Card,Fortnightly
457,50,male,Blouse,Clothing,96,North Carolina,S,Indigo,Fall,4,yes,2-Day Shipping,yes,yes,33,Credit Card,Quarterly
458,25,male,Gloves,Accessories,99,Rhode Island,M,Blue,Spring,4.9,yes,Next Day Air,yes,yes,48,Debit Card,Every 3 Months
459,47,male,Shorts,Clothing,91,Arkansas,L,Black,Winter,4,yes,2-Day Shipping,yes,yes,48,PayPal,Monthly
460,63,male,Hat,Accessories,30,Maryland,L,Black,Winter,3.8,yes,Standard,yes,yes,27,PayPal,Fortnightly
461,64,male,Shoes,Footwear,65,South Carolina,L,Teal,Summer,3.7,yes,Store Pickup,yes,yes,27,Bank Transfer,Weekly
462,18,male,Boots,Footwear,93,Ohio,M,Yellow,Winter,3.9,yes,Express,yes,yes,20,Venmo,Weekly
463,59,male,Jacket,Outerwear,81,Illinois,M,White,Fall,3.3,yes,Express,yes,yes,48,Venmo,Every 3 Months
464,37,male,Jewelry,Accessories,81,Georgia,S,Orange,Summer,2.7,yes,Standard,yes,yes,29,Venmo,Weekly
465,23,male,Sunglasses,Accessories,52,Alabama,M,Silver,Winter,4.7,yes,Next Day Air,yes,yes,45,PayPal,Monthly
466,54,male,Skirt,Clothing,88,Oklahoma,M,Pink,Summer,2.8,yes,Next Day Air,yes,yes,25,Cash,Quarterly
467,38,male,Jeans,Clothing,24,Vermont,L,Turquoise,Winter,4.6,yes,Free Shipping,yes,yes,25,PayPal,Weekly
468,19,male,Backpack,Accessories,51,Nebraska,S,Orange,Spring,4.5,yes,2-Day Shipping,yes,yes,37,Debit Card,Every 3 Months
469,34,male,Backpack,Accessories,38,Georgia,S,Peach,Fall,5,yes,Free Shipping,yes,yes,16,Cash,Quarterly
470,21,male,Shorts,Clothing,46,Alabama,L,Pink,Fall,4.1,yes,2-Day Shipping,yes,yes,30,Debit Card,Bi-Weekly
471,50,male,Dress,Clothing,63,Minnesota,L,Teal,Summer,4.6,yes,Express,yes,yes,6,Cash,Every 3 Months
472,55,male,Scarf,Accessories,72,Missouri,XL,White,Winter,4.9,yes,2-Day Shipping,yes,yes,36,Bank Transfer,Quarterly
473,20,male,Jeans,Clothing,39,Georgia,L,Gray,Winter,3.9,yes,Free Shipping,yes,yes,3,Bank Transfer,Quarterly
474,34,male,Coat,Outerwear,42,West Virginia,L,Olive,Spring,3.9,yes,Store Pickup,yes,yes,29,PayPal,Every 3 Months
475,62,male,Sweater,Clothing,76,Arkansas,XL,Maroon,Summer,2.6,yes,2-Day Shipping,yes,yes,15,Cash,Quarterly
476,21,male,Sneakers,Footwear,66,Ohio,L,Magenta,Summer,2.7,yes,Free Shipping,yes,yes,18,Debit Card,Annually
477,21,male,Scarf,Accessories,90,Connecticut,M,Magenta,Spring,3.5,yes,Free Shipping,yes,yes,2,Debit Card,Fortnightly
478,42,male,Sweater,Clothing,56,North Dakota,M,Green,Summer,3.7,yes,Free Shipping,yes,yes,49,Debit Card,Weekly
479,35,male,Jewelry,Accessories,43,Kansas,XL,Turquoise,Winter,3.2,yes,Free Shipping,yes,yes,48,Venmo,Annually
480,39,male,Handbag,Accessories,84,Iowa,L,Yellow,Winter,3.3,yes,Store Pickup,yes,yes,43,Venmo,Monthly
481,68,male,Hoodie,Clothing,88,Vermont,M,Gray,Summer,4.8,yes,Standard,yes,yes,30,Debit Card,Bi-Weekly
482,46,male,Hat,Accessories,88,Wisconsin,L,Peach,Fall,3.2,yes,2-Day Shipping,yes,yes,10,PayPal,Fortnightly
483,41,male,Belt,Accessories,42,Connecticut,M,Yellow,Winter,2.5,yes,2-Day Shipping,yes,yes,11,Venmo,Annually
484,23,male,Hoodie,Clothing,73,Oklahoma,M,White,Fall,3.9,yes,Store Pickup,yes,yes,12,Debit Card,Weekly
485,68,male,Hat,Accessories,73,Missouri,L,Lavender,Summer,4.7,yes,Free Shipping,yes,yes,28,Bank Transfer,Quarterly
486,48,male,Shoes,Footwear,44,Tennessee,S,Blue,Spring,2.6,yes,Next Day Air,yes,yes,36,Debit Card,Fortnightly
487,38,male,Sandals,Footwear,63,New Mexico,M,Charcoal,Fall,2.8,yes,Store Pickup,yes,yes,37,Venmo,Every 3 Months
488,41,male,Jacket,Outerwear,68,Iowa,L,Red,Winter,4.4,yes,Store Pickup,yes,yes,22,Credit Card,Quarterly
489,58,male,Sweater,Clothing,29,Maine,L,Olive,Spring,4.6,yes,Standard,yes,yes,32,Venmo,Weekly
490,49,male,Socks,Clothing,85,South Dakota,M,Green,Summer,3.2,yes,Standard,yes,yes,40,PayPal,Annually
491,57,male,Sneakers,Footwear,42,Colorado,M,Silver,Winter,4.2,yes,2-Day Shipping,yes,yes,47,Cash,Monthly
492,49,male,Coat,Outerwear,69,Vermont,M,Silver,Summer,3.7,yes,2-Day Shipping,yes,yes,24,Credit Card,Bi-Weekly
493,50,male,Shirt,Clothing,62,Michigan,M,Black,Fall,3.9,yes,Standard,yes,yes,11,Debit Card,Weekly
494,28,male,Backpack,Accessories,48,Nevada,XL,Red,Summer,4.7,yes,Store Pickup,yes,yes,19,Cash,Bi-Weekly
495,38,male,Boots,Footwear,68,Indiana,M,Indigo,Winter,4.5,yes,Express,yes,yes,42,Debit Card,Weekly
496,33,male,Handbag,Accessories,36,Michigan,XL,Cyan,Fall,3.3,yes,Free Shipping,yes,yes,6,Debit Card,Fortnightly
497,30,male,Dress,Clothing,63,California,S,Maroon,Fall,3.3,yes,Express,yes,yes,31,Venmo,Fortnightly
498,43,male,Sneakers,Footwear,39,Oklahoma,S,Silver,Winter,4.6,yes,Free Shipping,yes,yes,31,Cash,Weekly
499,43,male,Boots,Footwear,78,Iowa,M,Lavender,Spring,3.6,yes,Free Shipping,yes,yes,27,Bank Transfer,Monthly
500,36,male,Shoes,Footwear,99,Rhode Island,L,Silver,Winter,4.8,yes,Express,yes,yes,24,PayPal,Monthly
501,36,male,T-shirt,Clothing,31,Washington,L,Purple,Fall,4.8,yes,Next Day Air,yes,yes,35,Venmo,Every 3 Months
502,64,male,Boots,Footwear,45,Florida,M,Cyan,Spring,2.9,yes,Next Day Air,yes,yes,21,Venmo,Annually
503,59,male,Pants,Clothing,30,South Carolina,S,Cyan,Fall,2.8,yes,Express,yes,yes,8,PayPal,Fortnightly
504,55,male,Shoes,Footwear,24,West Virginia,M,Lavender,Summer,3.2,yes,Next Day Air,yes,yes,26,Bank Transfer,Quarterly
505,42,male,Shoes,Footwear,22,Missouri,M,Maroon,Winter,3.9,yes,Free Shipping,yes,yes,26,PayPal,Annually
506,61,male,T-shirt,Clothing,63,Maine,L,Gray,Spring,4.3,yes,Express,yes,yes,9,Cash,Bi-Weekly
507,28,male,Scarf,Accessories,40,Georgia,M,Olive,Fall,2.7,yes,2-Day Shipping,yes,yes,48,Debit Card,Annually
508,65,male,Shorts,Clothing,20,Maine,M,Magenta,Spring,5,yes,Store Pickup,yes,yes,33,Debit Card,Fortnightly
509,27,male,Jewelry,Accessories,20,Illinois,S,Yellow,Winter,3.7,yes,Store Pickup,yes,yes,31,PayPal,Quarterly
510,41,male,T-shirt,Clothing,80,Delaware,L,Cyan,Summer,3.9,yes,Free Shipping,yes,yes,17,Debit Card,Weekly
511,21,male,Shirt,Clothing,87,West Virginia,M,Teal,Fall,3.9,yes,2-Day Shipping,yes,yes,22,Venmo,Annually
512,61,male,Shirt,Clothing,46,Hawaii,L,Yellow,Fall,3.1,yes,Free Shipping,yes,yes,8,PayPal,Annually
513,19,male,Gloves,Accessories,49,New York,L,Peach,Winter,3.3,yes,Next Day Air,yes,yes,2,Bank Transfer,Monthly
514,22,male,Scarf,Accessories,65,New Mexico,M,Peach,Fall,3.6,yes,Store Pickup,yes,yes,45,Venmo,Annually
515,64,male,Skirt,Clothing,62,Indiana,S,Olive,Winter,4.3,yes,Standard,yes,yes,47,PayPal,Quarterly
516,28,male,Hat,Accessories,67,Kentucky,L,Charcoal,Spring,4.5,yes,Next Day Air,yes,yes,7,Cash,Monthly
517,34,male,Hoodie,Clothing,41,West Virginia,L,Indigo,Fall,2.8,yes,2-Day Shipping,yes,yes,19,Debit Card,Bi-Weekly
518,61,male,Boots,Footwear,49,North Dakota,L,Silver,Fall,2.7,yes,Free Shipping,yes,yes,44,Cash,Every 3 Months
519,24,male,Blouse,Clothing,100,Oregon,M,Beige,Fall,2.9,yes,Next Day Air,yes,yes,16,Venmo,Every 3 Months
520,19,male,Belt,Accessories,54,Minnesota,L,Blue,Summer,4.4,yes,2-Day Shipping,yes,yes,17,Bank Transfer,Quarterly
521,51,male,Sunglasses,Accessories,84,South Carolina,M,White,Spring,3.9,yes,Free Shipping,yes,yes,20,Debit Card,Quarterly
522,36,male,Shorts,Clothing,41,Vermont,L,Gold,Winter,3.5,yes,Standard,yes,yes,50,Bank Transfer,Annually
523,65,male,Gloves,Accessories,88,Minnesota,M,Blue,Spring,2.5,yes,Store Pickup,yes,yes,37,Cash,Quarterly
524,46,male,Sandals,Footwear,40,Delaware,M,Orange,Spring,4.9,yes,Express,yes,yes,5,PayPal,Quarterly
525,59,male,Shirt,Clothing,39,Pennsylvania,M,Gold,Summer,4.8,yes,Free Shipping,yes,yes,44,PayPal,Annually
526,51,male,Coat,Outerwear,37,Iowa,M,Cyan,Spring,3.2,yes,Next Day Air,yes,yes,41,Debit Card,Monthly
527,51,male,Pants,Clothing,52,New Jersey,S,Red,Winter,4.9,yes,Standard,yes,yes,19,Cash,Monthly
528,21,male,T-shirt,Clothing,23,South Carolina,L,Yellow,Winter,4.3,yes,Next Day Air,yes,yes,47,Bank Transfer,Every 3 Months
529,34,male,Sneakers,Footwear,88,Maryland,S,Beige,Winter,3.2,yes,Express,yes,yes,40,Cash,Annually
530,32,male,Shorts,Clothing,84,California,M,Orange,Fall,3.7,yes,Standard,yes,yes,6,Credit Card,Monthly
531,48,male,Coat,Outerwear,37,Montana,XL,Magenta,Winter,3.2,yes,Store Pickup,yes,yes,25,Credit Card,Bi-Weekly
532,50,male,Sandals,Footwear,51,Vermont,L,Purple,Fall,3.4,yes,Next Day Air,yes,yes,42,Cash,Weekly
533,26,male,Pants,Clothing,76,Texas,L,Black,Winter,4.1,yes,Express,yes,yes,35,Bank Transfer,Every 3 Months
534,57,male,Sandals,Footwear,60,North Carolina,L,Pink,Spring,4.5,yes,Next Day Air,yes,yes,17,Debit Card,Weekly
535,65,male,Gloves,Accessories,72,Florida,L,Pink,Fall,4.5,yes,Next Day Air,yes,yes,4,PayPal,Quarterly
536,56,male,T-shirt,Clothing,45,West Virginia,L,Maroon,Spring,3.2,yes,Free Shipping,yes,yes,24,Bank Transfer,Weekly
537,44,male,Jacket,Outerwear,84,Illinois,S,Maroon,Fall,4.4,yes,Store Pickup,yes,yes,16,Debit Card,Every 3 Months
538,50,male,Blouse,Clothing,49,Virginia,S,Turquoise,Summer,3,yes,Store Pickup,yes,yes,14,Debit Card,Annually
539,27,male,Socks,Clothing,22,Virginia,XL,Green,Spring,3.2,yes,Free Shipping,yes,yes,43,Cash,Weekly
540,49,male,Coat,Outerwear,48,Wyoming,M,Violet,Winter,4,yes,Store Pickup,yes,yes,49,Debit Card,Weekly
541,49,male,Dress,Clothing,37,South Carolina,M,Lavender,Spring,3.1,yes,Next Day Air,yes,yes,33,Cash,Every 3 Months
542,52,male,Jacket,Outerwear,27,Connecticut,L,Gray,Fall,2.8,yes,Next Day Air,yes,yes,45,Cash,Bi-Weekly
543,27,male,Boots,Footwear,79,Illinois,XL,Teal,Spring,4.6,yes,Next Day Air,yes,yes,35,Cash,Bi-Weekly
544,53,male,Skirt,Clothing,98,Alabama,S,Red,Spring,4.3,yes,Express,yes,yes,11,Credit Card,Monthly
545,34,male,Sandals,Footwear,64,Washington,S,Yellow,Summer,3.3,yes,Standard,yes,yes,30,Bank Transfer,Every 3 Months
546,33,male,Coat,Outerwear,32,Alabama,L,Magenta,Summer,3.5,yes,2-Day Shipping,yes,yes,48,Debit Card,Annually
547,62,male,Hoodie,Clothing,74,New Mexico,M,Brown,Winter,3.4,yes,Free Shipping,yes,yes,45,Venmo,Bi-Weekly
548,38,male,Jacket,Outerwear,50,Nevada,M,Blue,Winter,2.8,yes,Free Shipping,yes,yes,26,Venmo,Weekly
549,36,male,Backpack,Accessories,64,Nebraska,M,Black,Winter,4.6,yes,Store Pickup,yes,yes,41,Debit Card,Every 3 Months
550,31,male,Backpack,Accessories,29,Arizona,S,Olive,Fall,3.6,yes,Express,yes,yes,37,Venmo,Bi-Weekly
551,62,male,Belt,Accessories,62,Georgia,M,Olive,Summer,3.3,yes,Store Pickup,yes,yes,12,PayPal,Weekly
552,29,male,Coat,Outerwear,78,Idaho,XL,Green,Fall,3.1,yes,2-Day Shipping,yes,yes,27,Cash,Bi-Weekly
553,24,male,T-shirt,Clothing,94,Missouri,M,Peach,Fall,3.5,yes,Express,yes,yes,18,Bank Transfer,Weekly
554,63,male,Sunglasses,Accessories,59,Florida,M,White,Winter,3.2,yes,Express,yes,yes,15,Credit Card,Quarterly
555,56,male,Sneakers,Footwear,47,Minnesota,M,Red,Summer,3,yes,Express,yes,yes,34,Bank Transfer,Weekly
556,63,male,Gloves,Accessories,57,Maine,M,White,Fall,4.8,yes,Express,yes,yes,37,Venmo,Annually
557,40,male,Coat,Outerwear,90,Montana,L,Indigo,Winter,5,yes,Store Pickup,yes,yes,21,Cash,Fortnightly
558,18,male,Shirt,Clothing,60,Alaska,M,White,Spring,2.9,yes,Free Shipping,yes,yes,31,Debit Card,Weekly
559,50,male,Sneakers,Footwear,77,Iowa,L,Teal,Fall,3.2,yes,Express,yes,yes,43,Debit Card,Every 3 Months
560,66,male,Scarf,Accessories,41,Arizona,M,Indigo,Fall,2.9,yes,Store Pickup,yes,yes,22,Bank Transfer,Monthly
561,25,male,Jewelry,Accessories,48,Louisiana,L,Red,Fall,3.3,yes,Free Shipping,yes,yes,12,Debit Card,Annually
562,65,male,Jacket,Outerwear,65,Alabama,M,Blue,Fall,2.6,yes,Next Day Air,yes,yes,25,PayPal,Fortnightly
563,53,male,Jeans,Clothing,62,Missouri,M,Blue,Summer,3.5,yes,Standard,yes,yes,40,Debit Card,Annually
564,61,male,Shoes,Footwear,99,Idaho,M,Black,Fall,4.4,yes,Standard,yes,yes,16,Debit Card,Quarterly
565,67,male,Hoodie,Clothing,58,Florida,M,Olive,Winter,3.4,yes,Next Day Air,yes,yes,30,Bank Transfer,Weekly
566,59,male,Backpack,Accessories,43,Idaho,L,Lavender,Fall,4.2,yes,Store Pickup,yes,yes,10,Venmo,Weekly
567,55,male,Sneakers,Footwear,93,Alabama,M,Indigo,Spring,3.6,yes,Store Pickup,yes,yes,1,Debit Card,Fortnightly
568,21,male,Blouse,Clothing,50,New Hampshire,S,Red,Winter,3,yes,Next Day Air,yes,yes,24,Venmo,Fortnightly
569,44,male,Pants,Clothing,88,Utah,L,Red,Summer,4,yes,Free Shipping,yes,yes,36,PayPal,Monthly
570,65,male,Skirt,Clothing,33,Alabama,M,Pink,Fall,4.4,yes,Express,yes,yes,46,Credit Card,Every 3 Months
571,65,male,T-shirt,Clothing,99,Iowa,XL,Purple,Fall,4.1,yes,Standard,yes,yes,20,Cash,Annually
572,54,male,Jacket,Outerwear,76,Kentucky,XL,Cyan,Spring,3.6,yes,Free Shipping,yes,yes,37,Venmo,Weekly
573,56,male,Scarf,Accessories,97,South Carolina,XL,Cyan,Summer,4.6,yes,Next Day Air,yes,yes,26,Bank Transfer,Annually
574,58,male,Pants,Clothing,68,California,M,Charcoal,Summer,3.2,yes,2-Day Shipping,yes,yes,23,Credit Card,Bi-Weekly
575,54,male,Sneakers,Footwear,79,Maine,L,Red,Fall,4.8,yes,Free Shipping,yes,yes,20,Bank Transfer,Bi-Weekly
576,58,male,Jeans,Clothing,86,Nebraska,M,Peach,Fall,4.8,yes,Express,yes,yes,38,PayPal,Monthly
577,48,male,Hat,Accessories,68,Washington,M,Black,Winter,5,yes,2-Day Shipping,yes,yes,5,Credit Card,Every 3 Months
578,19,male,Skirt,Clothing,52,Alabama,M,Black,Fall,3.7,yes,Store Pickup,yes,yes,41,Venmo,Annually
579,69,male,Sandals,Footwear,90,Maine,M,Purple,Fall,4.6,yes,Next Day Air,yes,yes,22,Credit Card,Fortnightly
580,58,male,Sandals,Footwear,41,California,M,Violet,Winter,3.7,yes,Free Shipping,yes,yes,48,Credit Card,Annually
581,49,male,Sweater,Clothing,80,Iowa,M,Orange,Spring,4.1,yes,Free Shipping,yes,yes,10,PayPal,Weekly
582,32,male,Sweater,Clothing,100,Iowa,XL,Charcoal,Winter,2.7,yes,Store Pickup,yes,yes,12,Bank Transfer,Every 3 Months
583,40,male,Jacket,Outerwear,77,Colorado,L,Turquoise,Spring,4.9,yes,Store Pickup,yes,yes,2,Bank Transfer,Quarterly
584,25,male,Shorts,Clothing,78,California,L,Yellow,Spring,4,yes,Store Pickup,yes,yes,38,PayPal,Monthly
585,70,male,Socks,Clothing,94,Indiana,M,White,Spring,4.7,yes,Free Shipping,yes,yes,20,Debit Card,Monthly
586,69,male,Socks,Clothing,23,South Carolina,M,Gray,Fall,2.8,yes,Next Day Air,yes,yes,5,Cash,Every 3 Months
587,45,male,Hoodie,Clothing,20,Wisconsin,S,Blue,Winter,4.9,yes,2-Day Shipping,yes,yes,9,Venmo,Annually
588,29,male,Socks,Clothing,86,Washington,S,Maroon,Fall,4.2,yes,Express,yes,yes,48,Debit Card,Every 3 Months
589,47,male,Boots,Footwear,60,South Dakota,M,Violet,Fall,3,yes,Standard,yes,yes,9,Debit Card,Quarterly
590,28,male,Shirt,Clothing,70,Minnesota,M,Orange,Fall,3.4,yes,2-Day Shipping,yes,yes,40,PayPal,Annually
591,64,male,Belt,Accessories,39,Alaska,S,Turquoise,Fall,4.6,yes,Standard,yes,yes,30,Venmo,Fortnightly
592,47,male,Backpack,Accessories,37,Kentucky,L,Olive,Fall,4.2,yes,Store Pickup,yes,yes,6,Debit Card,Bi-Weekly
593,60,male,Boots,Footwear,29,North Dakota,M,Brown,Fall,3.2,yes,Free Shipping,yes,yes,42,Venmo,Every 3 Months
594,67,male,Coat,Outerwear,35,Alaska,S,Green,Winter,4.4,yes,Store Pickup,yes,yes,9,PayPal,Every 3 Months
595,35,male,Hoodie,Clothing,83,Oklahoma,S,Brown,Winter,2.5,yes,Next Day Air,yes,yes,6,Debit Card,Monthly
596,30,male,Shoes,Footwear,77,Delaware,M,Silver,Summer,3.6,yes,Next Day Air,yes,yes,47,PayPal,Quarterly
597,23,male,Shoes,Footwear,37,Montana,XL,White,Summer,4.5,yes,Store Pickup,yes,yes,36,Venmo,Annually
598,70,male,Jewelry,Accessories,69,Alaska,L,Gold,Summer,3.4,yes,Standard,yes,yes,19,Bank Transfer,Fortnightly
599,21,male,Dress,Clothing,66,California,L,Green,Winter,3.2,yes,2-Day Shipping,yes,yes,30,Cash,Every 3 Months
600,51,male,Boots,Footwear,26,Massachusetts,L,Teal,Spring,4.2,yes,Standard,yes,yes,27,Debit Card,Every 3 Months
601,22,male,Hat,Accessories,63,South Carolina,M,Charcoal,Spring,5,yes,2-Day Shipping,yes,yes,25,Venmo,Monthly
602,32,male,Backpack,Accessories,38,West Virginia,M,Maroon,Summer,4.7,yes,Store Pickup,yes,yes,5,Cash,Fortnightly
603,37,male,Shoes,Footwear,58,Oregon,L,Lavender,Summer,4.2,yes,Next Day Air,yes,yes,10,Cash,Every 3 Months
604,31,male,Handbag,Accessories,46,Massachusetts,L,Green,Winter,3.4,yes,2-Day Shipping,yes,yes,26,PayPal,Every 3 Months
605,44,male,Sunglasses,Accessories,92,West Virginia,S,Pink,Fall,4.4,yes,Store Pickup,yes,yes,11,Credit Card,Every 3 Months
606,40,male,Hat,Accessories,32,California,XL,Charcoal,Winter,4.2,yes,Standard,yes,yes,17,Bank Transfer,Weekly
607,27,male,Scarf,Accessories,90,Colorado,M,Blue,Spring,4.5,yes,Standard,yes,yes,44,PayPal,Monthly
608,47,male,Hoodie,Clothing,23,Indiana,L,Purple,Fall,2.8,yes,Next Day Air,yes,yes,44,Cash,Monthly
609,41,male,Backpack,Accessories,25,Delaware,S,Gold,Fall,3.3,yes,Next Day Air,yes,yes,21,Venmo,Every 3 Months
610,51,male,Sweater,Clothing,54,Ohio,L,Purple,Fall,4.6,yes,Next Day Air,yes,yes,49,Credit Card,Fortnightly
611,53,male,Shorts,Clothing,72,Oklahoma,M,Charcoal,Summer,2.5,yes,Free Shipping,yes,yes,27,Bank Transfer,Every 3 Months
612,43,male,Scarf,Accessories,33,California,M,Black,Winter,4.7,yes,Store Pickup,yes,yes,19,Cash,Monthly
613,67,male,Hat,Accessories,43,New Hampshire,L,Lavender,Fall,4.6,yes,Express,yes,yes,33,Credit Card,Quarterly
614,61,male,Coat,Outerwear,51,Pennsylvania,L,Lavender,Fall,2.6,yes,Standard,yes,yes,46,Cash,Bi-Weekly
615,68,male,Jewelry,Accessories,85,Idaho,M,Lavender,Winter,4,yes,Standard,yes,yes,21,Credit Card,Bi-Weekly
616,67,male,Sandals,Footwear,100,Maryland,L,Olive,Summer,2.6,yes,Next Day Air,yes,yes,23,Venmo,Annually
617,29,male,Gloves,Accessories,72,Pennsylvania,L,Teal,Spring,4.6,yes,Free Shipping,yes,yes,38,Credit Card,Every 3 Months
618,50,male,Backpack,Accessories,57,Colorado,M,Maroon,Fall,2.6,yes,Standard,yes,yes,2,Bank Transfer,Quarterly
619,61,male,Jacket,Outerwear,94,Indiana,L,Cyan,Spring,4,yes,Express,yes,yes,21,Debit Card,Bi-Weekly
620,19,male,Backpack,Accessories,34,Nebraska,M,Charcoal,Summer,4.6,yes,Store Pickup,yes,yes,1,Debit Card,Every 3 Months
621,33,male,Backpack,Accessories,89,Rhode Island,M,Black,Fall,3.7,yes,2-Day Shipping,yes,yes,10,Venmo,Every 3 Months
622,51,male,Sunglasses,Accessories,27,Kansas,S,Red,Fall,4.4,yes,Store Pickup,yes,yes,45,Credit Card,Weekly
623,69,male,Socks,Clothing,63,Georgia,S,Peach,Spring,4,yes,Next Day Air,yes,yes,44,Bank Transfer,Fortnightly
624,19,male,Shoes,Footwear,70,Nevada,M,White,Fall,4.7,yes,Standard,yes,yes,48,PayPal,Bi-Weekly
625,55,male,Pants,Clothing,87,South Carolina,XL,Pink,Fall,3.4,yes,Express,yes,yes,21,PayPal,Annually
626,49,male,Jewelry,Accessories,79,Delaware,M,Red,Fall,4,yes,Next Day Air,yes,yes,1,Venmo,Weekly
627,31,male,Sunglasses,Accessories,79,New Hampshire,M,Indigo,Spring,3.9,yes,Standard,yes,yes,10,Venmo,Annually
628,42,male,Sandals,Footwear,44,Oregon,L,Black,Winter,4.1,yes,Express,yes,yes,24,PayPal,Monthly
629,69,male,Sweater,Clothing,85,Massachusetts,M,White,Fall,3.7,yes,2-Day Shipping,yes,yes,29,Credit Card,Monthly
630,26,male,Shoes,Footwear,90,Vermont,L,Beige,Spring,4.7,yes,Standard,yes,yes,11,Debit Card,Annually
631,41,male,Jewelry,Accessories,94,Mississippi,S,Silver,Fall,4.3,yes,2-Day Shipping,yes,yes,33,Debit Card,Annually
632,55,male,Boots,Footwear,68,Washington,S,Violet,Summer,4.1,yes,Store Pickup,yes,yes,27,Cash,Fortnightly
633,35,male,Backpack,Accessories,51,Wyoming,M,Red,Winter,3.9,yes,Next Day Air,yes,yes,19,Venmo,Fortnightly
634,66,male,Sandals,Footwear,33,Minnesota,M,Orange,Spring,2.9,yes,Express,yes,yes,50,Debit Card,Quarterly
635,36,male,Sneakers,Footwear,60,Ohio,M,Teal,Summer,3.9,yes,Standard,yes,yes,46,PayPal,Weekly
636,27,male,Hoodie,Clothing,59,South Carolina,M,Brown,Fall,4.3,yes,2-Day Shipping,yes,yes,28,Cash,Quarterly
637,41,male,Handbag,Accessories,30,Wisconsin,M,Indigo,Summer,2.8,yes,Store Pickup,yes,yes,14,Bank Transfer,Every 3 Months
638,21,male,Sweater,Clothing,20,Tennessee,M,Cyan,Winter,3.4,yes,2-Day Shipping,yes,yes,46,Cash,Fortnightly
639,53,male,Sandals,Footwear,20,Maryland,S,Blue,Summer,2.7,yes,Express,yes,yes,41,PayPal,Monthly
640,54,male,Dress,Clothing,24,Mississippi,L,Olive,Spring,4,yes,2-Day Shipping,yes,yes,50,Credit Card,Annually
641,53,male,Skirt,Clothing,88,Minnesota,M,Gray,Summer,4.4,yes,Store Pickup,yes,yes,28,Debit Card,Fortnightly
642,47,male,Blouse,Clothing,78,Alaska,M,Red,Winter,3.9,yes,2-Day Shipping,yes,yes,23,Credit Card,Every 3 Months
643,64,male,Skirt,Clothing,25,Arkansas,L,Red,Spring,2.8,yes,2-Day Shipping,yes,yes,14,Debit Card,Bi-Weekly
644,18,male,Sweater,Clothing,57,Oregon,XL,Green,Winter,3.2,yes,Next Day Air,yes,yes,10,Bank Transfer,Every 3 Months
645,68,male,Backpack,Accessories,93,Louisiana,S,Blue,Summer,4.3,yes,Next Day Air,yes,yes,37,Cash,Weekly
646,62,male,Hoodie,Clothing,42,Oklahoma,S,Purple,Summer,4.2,yes,Express,yes,yes,15,Venmo,Bi-Weekly
647,51,male,Boots,Footwear,54,Indiana,XL,Pink,Spring,4.9,yes,Standard,yes,yes,19,Venmo,Bi-Weekly
648,54,male,Blouse,Clothing,70,Mississippi,XL,Charcoal,Summer,3.7,yes,Express,yes,yes,23,Credit Card,Fortnightly
649,22,male,Hoodie,Clothing,31,Michigan,M,Brown,Winter,4.1,yes,Store Pickup,yes,yes,35,Credit Card,Weekly
650,53,male,Pants,Clothing,93,Delaware,L,Orange,Spring,4.2,yes,Store Pickup,yes,yes,33,PayPal,Every 3 Months
651,34,male,Gloves,Accessories,40,Florida,M,Magenta,Spring,3.9,yes,Next Day Air,yes,yes,12,Bank Transfer,Annually
652,32,male,Hat,Accessories,32,Arkansas,L,Yellow,Summer,2.9,yes,Next Day Air,yes,yes,41,Venmo,Fortnightly
653,64,male,Sunglasses,Accessories,27,Minnesota,M,Beige,Winter,3.1,yes,Free Shipping,yes,yes,27,Venmo,Weekly
654,20,male,Scarf,Accessories,68,North Dakota,M,Olive,Winter,3.6,yes,2-Day Shipping,yes,yes,45,Cash,Fortnightly
655,24,male,Handbag,Accessories,59,California,L,Gray,Summer,4.4,yes,2-Day Shipping,yes,yes,23,Venmo,Annually
656,20,male,Handbag,Accessories,36,Mississippi,S,Purple,Fall,3.1,yes,Free Shipping,yes,yes,19,Venmo,Monthly
657,42,male,Jeans,Clothing,23,Pennsylvania,M,Beige,Summer,3.9,yes,Standard,yes,yes,6,PayPal,Quarterly
658,48,male,Jacket,Outerwear,80,Arizona,M,White,Winter,4.3,yes,Free Shipping,yes,yes,6,PayPal,Quarterly
659,62,male,Backpack,Accessories,37,Louisiana,S,White,Fall,4.9,yes,Store Pickup,yes,yes,20,Venmo,Weekly
660,62,male,Shorts,Clothing,52,Virginia,S,Gold,Spring,3.6,yes,2-Day Shipping,yes,yes,8,Cash,Weekly
661,50,male,Coat,Outerwear,79,Montana,M,Olive,Fall,5,yes,2-Day Shipping,yes,yes,39,Credit Card,Quarterly
662,57,male,Shirt,Clothing,68,Iowa,XL,Green,Fall,4.1,yes,Store Pickup,yes,yes,39,Credit Card,Quarterly
663,24,male,Gloves,Accessories,98,Illinois,L,Magenta,Fall,2.8,yes,Express,yes,yes,39,Venmo,Bi-Weekly
664,59,male,Dress,Clothing,83,Alaska,M,Charcoal,Fall,4.7,yes,Express,yes,yes,23,Credit Card,Monthly
665,63,male,Pants,Clothing,83,Colorado,M,Indigo,Winter,4.4,yes,Express,yes,yes,41,PayPal,Bi-Weekly
666,41,male,Pants,Clothing,55,New Mexico,M,Peach,Spring,4.9,yes,2-Day Shipping,yes,yes,50,Credit Card,Annually
667,35,male,Hoodie,Clothing,26,Colorado,L,Turquoise,Winter,3.1,yes,Free Shipping,yes,yes,30,Debit Card,Quarterly
668,34,male,Sunglasses,Accessories,76,Arizona,S,Blue,Winter,2.6,yes,Standard,yes,yes,32,Bank Transfer,Quarterly
669,49,male,T-shirt,Clothing,85,Hawaii,S,Turquoise,Fall,2.9,yes,Express,yes,yes,35,Bank Transfer,Monthly
670,43,male,Jacket,Outerwear,89,Illinois,M,Gray,Spring,3.3,yes,Free Shipping,yes,yes,45,Venmo,Bi-Weekly
671,63,male,Sweater,Clothing,41,Louisiana,XL,Purple,Spring,4.8,yes,Next Day Air,yes,yes,37,Cash,Bi-Weekly
672,38,male,Jacket,Outerwear,30,Iowa,L,Black,Winter,4.7,yes,Express,yes,yes,45,Cash,Weekly
673,59,male,Socks,Clothing,53,Washington,M,Peach,Winter,3.3,yes,2-Day Shipping,yes,yes,29,Cash,Quarterly
674,35,male,Shirt,Clothing,66,Oklahoma,M,Indigo,Spring,4.2,yes,Free Shipping,yes,yes,27,Venmo,Bi-Weekly
675,48,male,Jewelry,Accessories,33,Washington,XL,Beige,Winter,4.7,yes,Store Pickup,yes,yes,36,Bank Transfer,Annually
676,64,male,Sunglasses,Accessories,86,Arkansas,M,Yellow,Spring,2.6,yes,2-Day Shipping,yes,yes,9,Cash,Annually
677,28,male,Pants,Clothing,60,Connecticut,M,Peach,Winter,2.9,yes,2-Day Shipping,yes,yes,38,Venmo,Bi-Weekly
678,60,male,Socks,Clothing,62,Washington,S,Turquoise,Summer,2.7,yes,Express,yes,yes,41,PayPal,Annually
679,27,male,Blouse,Clothing,74,Maine,M,Teal,Fall,3.3,yes,Store Pickup,yes,yes,25,Debit Card,Every 3 Months
680,56,male,Sandals,Footwear,95,Michigan,M,Turquoise,Fall,3.4,yes,Express,yes,yes,37,Venmo,Fortnightly
681,58,male,Sneakers,Footwear,25,Tennessee,M,Magenta,Spring,4.2,yes,Express,yes,yes,3,PayPal,Annually
682,30,male,Shirt,Clothing,59,Louisiana,XL,Purple,Winter,3.8,yes,2-Day Shipping,yes,yes,24,Credit Card,Every 3 Months
683,23,male,Jacket,Outerwear,29,Missouri,M,Brown,Summer,4,yes,Standard,yes,yes,49,Credit Card,Bi-Weekly
684,33,male,Sandals,Footwear,36,Michigan,S,Violet,Winter,2.7,yes,Free Shipping,yes,yes,3,Bank Transfer,Monthly
685,63,male,Hat,Accessories,82,Alabama,M,Yellow,Summer,4.7,yes,Express,yes,yes,42,Debit Card,Monthly
686,70,male,Blouse,Clothing,71,Massachusetts,XL,Magenta,Winter,3.5,yes,Standard,yes,yes,32,Cash,Fortnightly
687,70,male,Sweater,Clothing,35,Indiana,L,Beige,Fall,3,yes,2-Day Shipping,yes,yes,33,Venmo,Fortnightly
688,19,male,Gloves,Accessories,38,West Virginia,XL,Turquoise,Winter,3.3,yes,Free Shipping,yes,yes,46,Bank Transfer,Quarterly
689,25,male,Scarf,Accessories,59,Michigan,S,Peach,Summer,4.7,yes,Store Pickup,yes,yes,44,Venmo,Monthly
690,19,male,Hoodie,Clothing,91,Pennsylvania,M,Orange,Summer,4.7,yes,Express,yes,yes,35,Credit Card,Every 3 Months
691,25,male,Shorts,Clothing,68,Alaska,XL,Red,Spring,4.8,yes,Standard,yes,yes,45,Bank Transfer,Weekly
692,60,male,Backpack,Accessories,21,Massachusetts,L,Silver,Summer,2.9,yes,Standard,yes,yes,37,PayPal,Bi-Weekly
693,35,male,Sunglasses,Accessories,95,North Dakota,M,Cyan,Spring,4,yes,2-Day Shipping,yes,yes,40,Debit Card,Every 3 Months
694,46,male,Shorts,Clothing,52,Vermont,L,Turquoise,Spring,3.1,yes,Free Shipping,yes,yes,30,Cash,Every 3 Months
695,41,male,Dress,Clothing,21,Kentucky,S,Charcoal,Fall,3.5,yes,2-Day Shipping,yes,yes,38,Venmo,Every 3 Months
696,30,male,Shorts,Clothing,67,Nevada,XL,Peach,Summer,3.7,yes,Next Day Air,yes,yes,15,Debit Card,Every 3 Months
697,44,male,Belt,Accessories,42,Utah,L,Green,Fall,2.8,yes,Standard,yes,yes,49,Cash,Monthly
698,61,male,Scarf,Accessories,63,North Dakota,XL,Brown,Summer,4.6,yes,Free Shipping,yes,yes,40,Debit Card,Quarterly
699,55,male,Boots,Footwear,41,Iowa,M,Yellow,Winter,3.8,yes,Standard,yes,yes,40,Debit Card,Weekly
700,50,male,Handbag,Accessories,46,Connecticut,M,Charcoal,Fall,2.6,yes,2-Day Shipping,yes,yes,5,PayPal,Weekly
701,57,male,Pants,Clothing,79,Wisconsin,L,Olive,Winter,4.1,yes,Standard,yes,yes,5,PayPal,Monthly
702,51,male,Boots,Footwear,90,Idaho,L,Red,Fall,3.3,yes,Next Day Air,yes,yes,5,Debit Card,Every 3 Months
703,18,male,Shirt,Clothing,71,Montana,M,White,Winter,3.4,yes,Store Pickup,yes,yes,1,Cash,Weekly
704,63,male,Dress,Clothing,87,Connecticut,L,Pink,Summer,3,yes,Standard,yes,yes,21,Venmo,Weekly
705,34,male,Hoodie,Clothing,66,Idaho,S,Black,Spring,3.2,yes,Express,yes,yes,18,PayPal,Annually
706,25,male,Pants,Clothing,90,Arkansas,XL,Indigo,Summer,4.5,yes,Free Shipping,yes,yes,49,Cash,Quarterly
707,46,male,Jeans,Clothing,47,Iowa,L,Turquoise,Summer,4.8,yes,Express,yes,yes,27,Debit Card,Weekly
708,59,male,Shirt,Clothing,38,Louisiana,L,Purple,Spring,3.7,yes,Next Day Air,yes,yes,21,Venmo,Annually
709,37,male,Backpack,Accessories,50,Kentucky,L,Beige,Summer,3.4,yes,Store Pickup,yes,yes,19,Cash,Fortnightly
710,49,male,Jacket,Outerwear,79,Massachusetts,L,Charcoal,Summer,4.6,yes,Standard,yes,yes,23,Debit Card,Monthly
711,22,male,Scarf,Accessories,91,Virginia,L,Turquoise,Spring,4.1,yes,Standard,yes,yes,26,PayPal,Fortnightly
712,64,male,Boots,Footwear,60,New Hampshire,M,Maroon,Spring,3.5,yes,2-Day Shipping,yes,yes,13,Bank Transfer,Bi-Weekly
713,42,male,Blouse,Clothing,81,New Hampshire,XL,Black,Summer,3.8,yes,Next Day Air,yes,yes,36,Bank Transfer,Quarterly
714,37,male,Hoodie,Clothing,90,Oregon,M,Lavender,Summer,2.6,yes,Express,yes,yes,39,Bank Transfer,Bi-Weekly
715,26,male,Jacket,Outerwear,70,South Dakota,M,Magenta,Fall,4.4,yes,Store Pickup,yes,yes,40,Debit Card,Fortnightly
716,33,male,Jeans,Clothing,63,Delaware,L,Green,Spring,2.6,yes,Express,yes,yes,37,Debit Card,Quarterly
717,30,male,Jewelry,Accessories,29,Missouri,M,Olive,Spring,3.6,yes,Express,yes,yes,9,Venmo,Bi-Weekly
718,21,male,Socks,Clothing,90,Alaska,L,Green,Spring,4.2,yes,Express,yes,yes,7,Venmo,Every 3 Months
719,22,male,Shirt,Clothing,22,Florida,M,Peach,Summer,4.6,yes,Standard,yes,yes,25,Bank Transfer,Annually
720,63,male,Shorts,Clothing,22,Mississippi,L,Turquoise,Summer,3.3,yes,Next Day Air,yes,yes,42,Venmo,Bi-Weekly
721,33,male,Jewelry,Accessories,62,New Mexico,L,Orange,Fall,3.4,yes,Free Shipping,yes,yes,19,Debit Card,Weekly
722,43,male,Blouse,Clothing,57,California,L,Silver,Summer,4.4,yes,Next Day Air,yes,yes,41,Debit Card,Every 3 Months
723,27,male,Sweater,Clothing,32,Wyoming,S,Blue,Summer,4.3,yes,Store Pickup,yes,yes,50,Cash,Bi-Weekly
724,35,male,Jewelry,Accessories,53,Missouri,L,Cyan,Fall,3.5,yes,Express,yes,yes,43,PayPal,Monthly
725,37,male,T-shirt,Clothing,79,New Hampshire,XL,Green,Fall,4.7,yes,Store Pickup,yes,yes,36,Venmo,Every 3 Months
726,61,male,Hat,Accessories,61,Texas,L,Silver,Winter,3.1,yes,Standard,yes,yes,33,Debit Card,Fortnightly
727,32,male,Shorts,Clothing,78,North Dakota,L,Yellow,Summer,3.6,yes,Next Day Air,yes,yes,20,Bank Transfer,Every 3 Months
728,62,male,Sweater,Clothing,97,Arkansas,S,Gray,Winter,4.8,yes,Next Day Air,yes,yes,37,Venmo,Every 3 Months
729,29,male,Jeans,Clothing,78,Nebraska,M,Pink,Winter,3.7,yes,Next Day Air,yes,yes,12,PayPal,Every 3 Months
730,41,male,Sunglasses,Accessories,56,Minnesota,L,Beige,Summer,3.2,yes,Express,yes,yes,46,PayPal,Every 3 Months
731,48,male,Boots,Footwear,25,Massachusetts,M,Indigo,Summer,3.9,yes,Standard,yes,yes,28,Venmo,Fortnightly
732,43,male,Coat,Outerwear,28,Arkansas,M,Red,Spring,3.5,yes,Free Shipping,yes,yes,30,PayPal,Fortnightly
733,34,male,Shirt,Clothing,57,New Hampshire,L,Blue,Spring,2.8,yes,Express,yes,yes,28,Cash,Bi-Weekly
734,45,male,Dress,Clothing,36,Rhode Island,L,Cyan,Fall,2.7,yes,2-Day Shipping,yes,yes,20,Debit Card,Bi-Weekly
735,65,male,Shirt,Clothing,69,New Jersey,S,Violet,Winter,3.1,yes,Express,yes,yes,39,Bank Transfer,Every 3 Months
736,61,male,Sunglasses,Accessories,48,Montana,M,Orange,Fall,3.6,yes,2-Day Shipping,yes,yes,48,Cash,Bi-Weekly
737,18,male,Dress,Clothing,58,Colorado,L,Maroon,Spring,2.9,yes,2-Day Shipping,yes,yes,32,Credit Card,Every 3 Months
738,47,male,Sunglasses,Accessories,24,Nebraska,M,Teal,Spring,3.6,yes,Store Pickup,yes,yes,28,PayPal,Annually
739,56,male,Sunglasses,Accessories,31,Minnesota,L,Orange,Winter,3.5,yes,2-Day Shipping,yes,yes,27,Venmo,Quarterly
740,64,male,Shorts,Clothing,29,Minnesota,S,Purple,Summer,3.5,yes,Free Shipping,yes,yes,26,Venmo,Bi-Weekly
741,26,male,Jeans,Clothing,69,South Dakota,M,Orange,Summer,2.8,yes,Next Day Air,yes,yes,22,Credit Card,Fortnightly
742,22,male,T-shirt,Clothing,79,West Virginia,XL,Yellow,Summer,4.7,yes,Free Shipping,yes,yes,23,Bank Transfer,Every 3 Months
743,64,male,Pants,Clothing,39,Nevada,M,Charcoal,Summer,3.1,yes,Express,yes,yes,21,Debit Card,Quarterly
744,21,male,Sunglasses,Accessories,84,North Carolina,L,Gray,Fall,4.9,yes,Free Shipping,yes,yes,36,Cash,Weekly
745,67,male,Boots,Footwear,66,Illinois,S,Charcoal,Spring,4.1,yes,Next Day Air,yes,yes,42,Debit Card,Bi-Weekly
746,46,male,T-shirt,Clothing,92,Michigan,L,Orange,Fall,4.7,yes,Standard,yes,yes,4,Venmo,Monthly
747,40,male,Sandals,Footwear,45,Michigan,M,Red,Winter,2.5,yes,Free Shipping,yes,yes,47,Credit Card,Annually
748,51,male,Shorts,Clothing,74,Oklahoma,L,Gold,Spring,4.4,yes,Next Day Air,yes,yes,13,Bank Transfer,Weekly
749,35,male,Hat,Accessories,39,South Dakota,L,Brown,Fall,3.9,yes,Free Shipping,yes,yes,8,Bank Transfer,Quarterly
750,56,male,Scarf,Accessories,71,Oklahoma,M,Olive,Winter,3.7,yes,Standard,yes,yes,11,Debit Card,Quarterly
751,25,male,T-shirt,Clothing,95,Maryland,L,Violet,Fall,3.4,yes,Free Shipping,yes,yes,5,Venmo,Annually
752,65,male,Gloves,Accessories,72,Ohio,L,Indigo,Fall,4.8,yes,Free Shipping,yes,yes,1,Credit Card,Monthly
753,39,male,Scarf,Accessories,85,Ohio,L,Yellow,Fall,4.2,yes,2-Day Shipping,yes,yes,17,PayPal,Every 3 Months
754,47,male,Boots,Footwear,54,Massachusetts,M,Teal,Fall,3.4,yes,Store Pickup,yes,yes,27,Venmo,Quarterly
755,36,male,Gloves,Accessories,41,North Carolina,L,Pink,Spring,2.9,yes,Store Pickup,yes,yes,3,Debit Card,Quarterly
756,66,male,Coat,Outerwear,24,Florida,M,Violet,Spring,3.3,yes,Free Shipping,yes,yes,22,PayPal,Weekly
757,62,male,Belt,Accessories,99,Montana,S,Orange,Summer,4.8,yes,Standard,yes,yes,24,Cash,Fortnightly
758,41,male,Hoodie,Clothing,32,Minnesota,M,Red,Fall,3.8,yes,Store Pickup,yes,yes,18,Debit Card,Quarterly
759,66,male,Shoes,Footwear,71,Massachusetts,L,Peach,Summer,4.6,yes,2-Day Shipping,yes,yes,39,Bank Transfer,Every 3 Months
760,51,male,Dress,Clothing,49,Rhode Island,XL,Green,Winter,2.6,yes,Next Day Air,yes,yes,25,Credit Card,Fortnightly
761,33,male,Gloves,Accessories,50,Minnesota,XL,Violet,Fall,3.4,yes,Free Shipping,yes,yes,6,Cash,Annually
762,57,male,Jewelry,Accessories,91,Nevada,L,Yellow,Fall,4.2,yes,Express,yes,yes,26,Bank Transfer,Weekly
763,45,male,Belt,Accessories,46,New Mexico,M,Pink,Fall,3.9,yes,Standard,yes,yes,43,Debit Card,Fortnightly
764,61,male,Sweater,Clothing,50,North Carolina,M,Brown,Spring,2.9,yes,2-Day Shipping,yes,yes,6,Credit Card,Monthly
765,55,male,Skirt,Clothing,39,Virginia,XL,Silver,Fall,4.2,yes,Free Shipping,yes,yes,6,Debit Card,Quarterly
766,54,male,Sneakers,Footwear,99,Alaska,M,Pink,Summer,3,yes,Store Pickup,yes,yes,13,Cash,Quarterly
767,57,male,Gloves,Accessories,48,Nevada,M,Cyan,Winter,3.6,yes,Next Day Air,yes,yes,13,PayPal,Monthly
768,27,male,Coat,Outerwear,77,Pennsylvania,M,Brown,Fall,2.5,yes,Next Day Air,yes,yes,11,Cash,Annually
769,64,male,Backpack,Accessories,95,Illinois,XL,Red,Spring,2.6,yes,Express,yes,yes,45,Venmo,Weekly
770,52,male,Socks,Clothing,100,Delaware,M,Silver,Spring,4.3,yes,Store Pickup,yes,yes,8,PayPal,Monthly
771,19,male,Sneakers,Footwear,54,Vermont,M,Gray,Spring,3.3,yes,Express,yes,yes,8,Credit Card,Annually
772,22,male,Sweater,Clothing,68,Hawaii,L,Cyan,Fall,2.6,yes,Next Day Air,yes,yes,34,Bank Transfer,Fortnightly
773,18,male,Jeans,Clothing,22,Illinois,L,Teal,Fall,3.6,yes,Free Shipping,yes,yes,40,Debit Card,Bi-Weekly
774,29,male,Hat,Accessories,84,California,L,Indigo,Winter,2.6,yes,Express,yes,yes,14,Debit Card,Bi-Weekly
775,42,male,Hat,Accessories,46,Nevada,M,Yellow,Summer,3.5,yes,Standard,yes,yes,11,Credit Card,Quarterly
776,49,male,Handbag,Accessories,53,Kentucky,S,Gold,Winter,3,yes,Store Pickup,yes,yes,8,PayPal,Monthly
777,49,male,Shirt,Clothing,60,Alabama,M,Maroon,Spring,5,yes,Standard,yes,yes,8,Venmo,Every 3 Months
778,55,male,Socks,Clothing,32,Wyoming,XL,Silver,Spring,2.5,yes,Express,yes,yes,37,Venmo,Weekly
779,29,male,Socks,Clothing,50,Massachusetts,M,Yellow,Summer,2.9,yes,Store Pickup,yes,yes,23,Debit Card,Annually
780,60,male,Dress,Clothing,94,Utah,M,Blue,Spring,4.6,yes,Express,yes,yes,38,Cash,Annually
781,34,male,Shoes,Footwear,26,New York,M,Turquoise,Spring,3.6,yes,Free Shipping,yes,yes,38,Cash,Quarterly
782,30,male,Scarf,Accessories,44,Vermont,L,Indigo,Winter,3,yes,Store Pickup,yes,yes,12,Credit Card,Fortnightly
783,28,male,Hoodie,Clothing,57,Hawaii,M,Green,Summer,4.5,yes,Standard,yes,yes,15,Cash,Weekly
784,63,male,T-shirt,Clothing,65,Louisiana,L,Purple,Winter,4.5,yes,Next Day Air,yes,yes,38,PayPal,Fortnightly
785,31,male,Jeans,Clothing,72,Alabama,M,Peach,Winter,3.2,yes,Store Pickup,yes,yes,41,Bank Transfer,Every 3 Months
786,46,male,Shorts,Clothing,62,Louisiana,S,Purple,Spring,4,yes,Next Day Air,yes,yes,37,PayPal,Fortnightly
787,70,male,Hat,Accessories,21,Indiana,S,Teal,Winter,4.8,yes,Express,yes,yes,16,Bank Transfer,Every 3 Months
788,53,male,Handbag,Accessories,85,Michigan,S,Green,Spring,3.7,yes,Free Shipping,yes,yes,25,Venmo,Weekly
789,50,male,Pants,Clothing,51,Rhode Island,XL,Yellow,Summer,3.8,yes,Store Pickup,yes,yes,18,Bank Transfer,Quarterly
790,33,male,Handbag,Accessories,84,Idaho,S,Purple,Fall,2.7,yes,Standard,yes,yes,4,Credit Card,Bi-Weekly
791,22,male,Sweater,Clothing,37,Louisiana,M,Indigo,Summer,4.9,yes,Store Pickup,yes,yes,12,Bank Transfer,Quarterly
792,50,male,Scarf,Accessories,44,North Carolina,S,Magenta,Summer,3.1,yes,2-Day Shipping,yes,yes,35,PayPal,Fortnightly
793,34,male,Sneakers,Footwear,45,New Jersey,M,Violet,Spring,4.2,yes,Next Day Air,yes,yes,45,Venmo,Weekly
794,24,male,Pants,Clothing,35,Alabama,L,Maroon,Summer,3.8,yes,Free Shipping,yes,yes,16,Credit Card,Monthly
795,69,male,Backpack,Accessories,50,Kentucky,XL,Yellow,Winter,4.2,yes,Store Pickup,yes,yes,10,Debit Card,Fortnightly
796,39,male,Sandals,Footwear,26,New York,M,Beige,Summer,4.6,yes,Store Pickup,yes,yes,34,Venmo,Annually
797,42,male,Socks,Clothing,78,Arizona,XL,Black,Fall,4,yes,2-Day Shipping,yes,yes,43,Credit Card,Annually
798,42,male,Coat,Outerwear,82,Maryland,M,Violet,Fall,4,yes,2-Day Shipping,yes,yes,38,Debit Card,Weekly
799,29,male,Socks,Clothing,39,Alaska,M,Violet,Spring,3.8,yes,2-Day Shipping,yes,yes,48,PayPal,Every 3 Months
800,55,male,Belt,Accessories,55,Nevada,L,Brown,Summer,3.3,yes,Free Shipping,yes,yes,31,PayPal,Annually
801,32,male,Socks,Clothing,20,Utah,S,Gold,Summer,2.6,yes,Free Shipping,yes,yes,20,Cash,Every 3 Months
802,25,male,Belt,Accessories,29,New Mexico,L,Blue,Fall,4.9,yes,Express,yes,yes,12,Credit Card,Fortnightly
803,38,male,Pants,Clothing,41,Delaware,M,Teal,Winter,3.5,yes,Next Day Air,yes,yes,2,Bank Transfer,Weekly
804,32,male,Shorts,Clothing,38,Connecticut,L,Silver,Winter,2.8,yes,Express,yes,yes,30,Venmo,Every 3 Months
805,43,male,Boots,Footwear,47,Mississippi,M,Maroon,Summer,2.6,yes,Store Pickup,yes,yes,28,Venmo,Quarterly
806,41,male,Dress,Clothing,30,Connecticut,L,White,Summer,3.7,yes,Next Day Air,yes,yes,40,Debit Card,Monthly
807,56,male,Jeans,Clothing,56,Florida,L,Charcoal,Summer,2.7,yes,Standard,yes,yes,46,PayPal,Quarterly
808,27,male,T-shirt,Clothing,89,New York,S,Brown,Winter,3.3,yes,Express,yes,yes,15,Credit Card,Weekly
809,46,male,Shoes,Footwear,96,Wisconsin,L,Lavender,Fall,4.6,yes,Next Day Air,yes,yes,38,Cash,Every 3 Months
810,48,male,Boots,Footwear,81,South Carolina,M,Violet,Fall,4.9,yes,Next Day Air,yes,yes,30,PayPal,Bi-Weekly
811,52,male,Scarf,Accessories,83,South Dakota,S,Lavender,Fall,4.9,yes,Store Pickup,yes,yes,32,Debit Card,Bi-Weekly
812,18,male,Sneakers,Footwear,35,Illinois,M,Green,Winter,2.7,yes,Free Shipping,yes,yes,36,Venmo,Quarterly
813,64,male,Boots,Footwear,56,Alaska,M,Olive,Summer,3.2,yes,Standard,yes,yes,32,Credit Card,Weekly
814,54,male,Handbag,Accessories,45,Montana,S,Olive,Summer,2.9,yes,Store Pickup,yes,yes,14,Debit Card,Annually
815,31,male,Shirt,Clothing,62,Minnesota,M,Pink,Winter,3.8,yes,Express,yes,yes,8,PayPal,Monthly
816,30,male,Hat,Accessories,84,West Virginia,L,Teal,Spring,3,yes,Next Day Air,yes,yes,27,Venmo,Bi-Weekly
817,26,male,Sweater,Clothing,24,Illinois,L,Cyan,Summer,3.9,yes,Store Pickup,yes,yes,24,Debit Card,Monthly
818,25,male,Handbag,Accessories,21,Nevada,S,Gray,Spring,4.7,yes,Store Pickup,yes,yes,30,PayPal,Fortnightly
819,59,male,Shirt,Clothing,91,Idaho,M,Peach,Winter,4.9,yes,Store Pickup,yes,yes,34,Debit Card,Monthly
820,55,male,Sunglasses,Accessories,36,Colorado,S,Teal,Winter,4.8,yes,Next Day Air,yes,yes,28,Debit Card,Quarterly
821,56,male,Sneakers,Footwear,39,Louisiana,M,Turquoise,Spring,2.5,yes,2-Day Shipping,yes,yes,27,Debit Card,Monthly
822,62,male,Hoodie,Clothing,39,Vermont,M,Green,Spring,3.9,yes,Standard,yes,yes,31,Credit Card,Bi-Weekly
823,35,male,Shirt,Clothing,59,Mississippi,L,Magenta,Winter,3.4,yes,Standard,yes,yes,23,Bank Transfer,Annually
824,51,male,Sunglasses,Accessories,27,Georgia,M,Green,Winter,2.5,yes,Free Shipping,yes,yes,11,Credit Card,Quarterly
825,61,male,Blouse,Clothing,94,Georgia,M,White,Spring,3,yes,Store Pickup,yes,yes,48,Cash,Quarterly
826,27,male,Belt,Accessories,94,Nebraska,XL,Brown,Fall,3.6,yes,Next Day Air,yes,yes,17,Cash,Monthly
827,54,male,Dress,Clothing,94,Massachusetts,M,Purple,Winter,3.6,yes,Standard,yes,yes,36,PayPal,Weekly
828,31,male,Shoes,Footwear,51,Colorado,S,Green,Fall,4.1,yes,Free Shipping,yes,yes,33,Bank Transfer,Fortnightly
829,24,male,Socks,Clothing,62,Nevada,M,Peach,Fall,3.7,yes,2-Day Shipping,yes,yes,27,PayPal,Bi-Weekly
830,42,male,Socks,Clothing,57,Idaho,S,Silver,Spring,3.1,yes,2-Day Shipping,yes,yes,14,Credit Card,Fortnightly
831,41,male,Shorts,Clothing,76,Wyoming,M,Maroon,Fall,4.2,yes,Express,yes,yes,5,Credit Card,Annually
832,66,male,Gloves,Accessories,63,Washington,M,Red,Summer,4.3,yes,Express,yes,yes,47,Cash,Every 3 Months
833,58,male,Jacket,Outerwear,80,California,L,Blue,Fall,2.5,yes,Express,yes,yes,28,Cash,Bi-Weekly
834,43,male,Handbag,Accessories,68,Oklahoma,M,Purple,Fall,3.5,yes,Standard,yes,yes,11,Credit Card,Annually
835,52,male,Backpack,Accessories,89,Nevada,M,Indigo,Summer,3.1,yes,Free Shipping,yes,yes,18,Credit Card,Weekly
836,35,male,Boots,Footwear,26,Maryland,L,Indigo,Summer,2.5,yes,Next Day Air,yes,yes,21,Debit Card,Weekly
837,23,male,Gloves,Accessories,90,West Virginia,L,Violet,Winter,3.9,yes,Store Pickup,yes,yes,22,Cash,Bi-Weekly
838,25,male,Hoodie,Clothing,28,Illinois,L,Brown,Spring,4.9,yes,Express,yes,yes,33,Cash,Every 3 Months
839,33,male,Coat,Outerwear,29,Kentucky,M,Gray,Spring,4.3,yes,Express,yes,yes,49,Credit Card,Annually
840,48,male,Shirt,Clothing,31,Illinois,L,Teal,Spring,2.6,yes,Free Shipping,yes,yes,10,Debit Card,Every 3 Months
841,42,male,Shirt,Clothing,24,Alabama,L,Teal,Summer,4.2,yes,2-Day Shipping,yes,yes,18,PayPal,Weekly
842,55,male,Sweater,Clothing,88,Texas,M,Beige,Summer,2.6,yes,Store Pickup,yes,yes,28,PayPal,Fortnightly
843,59,male,Shirt,Clothing,87,Missouri,M,Violet,Spring,3.6,yes,Express,yes,yes,25,PayPal,Weekly
844,65,male,Hoodie,Clothing,80,Pennsylvania,S,Beige,Summer,3.2,yes,Express,yes,yes,6,PayPal,Weekly
845,59,male,Sandals,Footwear,48,Missouri,L,Purple,Winter,4.4,yes,Express,yes,yes,44,Venmo,Bi-Weekly
846,31,male,Belt,Accessories,21,Michigan,XL,Charcoal,Winter,3.7,yes,Standard,yes,yes,30,Venmo,Monthly
847,49,male,Boots,Footwear,72,Kentucky,M,Pink,Spring,3.7,yes,Express,yes,yes,42,Debit Card,Quarterly
848,53,male,Hoodie,Clothing,44,New Jersey,L,Blue,Fall,4.1,yes,Standard,yes,yes,30,PayPal,Monthly
849,48,male,Sandals,Footwear,73,Delaware,M,Lavender,Fall,3.6,yes,Store Pickup,yes,yes,33,Credit Card,Bi-Weekly
850,23,male,Jeans,Clothing,61,Missouri,S,Charcoal,Spring,4.3,yes,Express,yes,yes,24,PayPal,Quarterly
851,68,male,Shoes,Footwear,20,Connecticut,L,Turquoise,Winter,2.6,yes,Store Pickup,yes,yes,13,Venmo,Monthly
852,35,male,Sandals,Footwear,86,Massachusetts,M,Red,Summer,2.9,yes,Express,yes,yes,19,Debit Card,Monthly
853,34,male,Dress,Clothing,60,Florida,L,Yellow,Spring,4.2,yes,Next Day Air,yes,yes,23,Debit Card,Every 3 Months
854,62,male,Hat,Accessories,43,Delaware,L,Orange,Winter,4,yes,Free Shipping,yes,yes,35,Cash,Monthly
855,21,male,Pants,Clothing,44,California,L,Blue,Spring,4.3,yes,Free Shipping,yes,yes,22,Venmo,Monthly
856,70,male,Socks,Clothing,76,Oregon,L,Gold,Spring,3,yes,2-Day Shipping,yes,yes,14,Credit Card,Quarterly
857,55,male,Shirt,Clothing,33,Alaska,M,Gold,Summer,3.5,yes,Express,yes,yes,47,Debit Card,Fortnightly
858,43,male,Shorts,Clothing,60,Missouri,L,Cyan,Fall,3,yes,Standard,yes,yes,50,Debit Card,Every 3 Months
859,19,male,Jacket,Outerwear,26,Oklahoma,L,Olive,Fall,3.1,yes,Free Shipping,yes,yes,33,PayPal,Weekly
860,47,male,Hoodie,Clothing,73,Wisconsin,M,Teal,Winter,4,yes,Next Day Air,yes,yes,7,Debit Card,Monthly
861,26,male,Shoes,Footwear,87,South Carolina,M,Maroon,Spring,4.1,yes,Standard,yes,yes,3,Cash,Monthly
862,46,male,Skirt,Clothing,100,Virginia,XL,Green,Spring,3.3,yes,2-Day Shipping,yes,yes,35,Credit Card,Every 3 Months
863,19,male,Coat,Outerwear,84,Arkansas,M,Charcoal,Winter,4.9,yes,Standard,yes,yes,13,PayPal,Fortnightly
864,49,male,Sneakers,Footwear,41,Vermont,M,Cyan,Summer,3.9,yes,Standard,yes,yes,42,PayPal,Fortnightly
865,51,male,Jeans,Clothing,59,Kentucky,S,Charcoal,Winter,3.9,yes,Next Day Air,yes,yes,5,PayPal,Annually
866,64,male,Blouse,Clothing,26,Colorado,L,Charcoal,Winter,4.8,yes,Store Pickup,yes,yes,23,Venmo,Annually
867,67,male,Sunglasses,Accessories,69,New Mexico,M,Lavender,Summer,2.7,yes,Free Shipping,yes,yes,11,PayPal,Bi-Weekly
868,37,male,Jacket,Outerwear,20,Colorado,M,Turquoise,Spring,3.1,yes,Free Shipping,yes,yes,23,Bank Transfer,Fortnightly
869,40,male,Dress,Clothing,83,North Carolina,M,Green,Summer,3.2,yes,Next Day Air,yes,yes,2,Credit Card,Every 3 Months
870,38,male,Hat,Accessories,54,New Hampshire,M,Silver,Spring,2.7,yes,2-Day Shipping,yes,yes,33,PayPal,Weekly
871,66,male,Hoodie,Clothing,66,West Virginia,M,Blue,Fall,2.5,yes,Standard,yes,yes,6,Bank Transfer,Bi-Weekly
872,47,male,Handbag,Accessories,42,Hawaii,M,Charcoal,Spring,2.6,yes,Next Day Air,yes,yes,45,Debit Card,Quarterly
873,56,male,Jeans,Clothing,33,North Dakota,M,Pink,Spring,2.9,yes,Standard,yes,yes,25,Cash,Quarterly
874,51,male,Boots,Footwear,77,Mississippi,M,Pink,Summer,4.2,yes,Free Shipping,yes,yes,24,Venmo,Quarterly
875,25,male,Jacket,Outerwear,65,Maine,M,Magenta,Fall,4.4,yes,Free Shipping,yes,yes,10,Venmo,Every 3 Months
876,37,male,Sandals,Footwear,39,North Dakota,L,Gray,Summer,4.1,yes,Free Shipping,yes,yes,7,Bank Transfer,Every 3 Months
877,41,male,Belt,Accessories,51,Nebraska,L,Gray,Summer,3.8,yes,2-Day Shipping,yes,yes,1,Debit Card,Weekly
878,64,male,Handbag,Accessories,65,Nebraska,M,Orange,Winter,4.9,yes,Next Day Air,yes,yes,45,Venmo,Every 3 Months
879,23,male,Sunglasses,Accessories,89,Tennessee,S,Black,Summer,4.9,yes,Express,yes,yes,37,Debit Card,Weekly
880,62,male,Skirt,Clothing,76,Wyoming,S,Lavender,Spring,4.1,yes,Free Shipping,yes,yes,14,PayPal,Quarterly
881,39,male,Backpack,Accessories,75,Nevada,L,Red,Spring,3.1,yes,Express,yes,yes,25,Debit Card,Monthly
882,52,male,Sandals,Footwear,61,South Carolina,M,Silver,Summer,2.7,yes,Next Day Air,yes,yes,18,Venmo,Annually
883,50,male,Boots,Footwear,35,Virginia,M,Cyan,Fall,3.8,yes,Next Day Air,yes,yes,37,Cash,Every 3 Months
884,28,male,Sneakers,Footwear,37,Pennsylvania,S,Gold,Fall,4.3,yes,Free Shipping,yes,yes,30,Bank Transfer,Monthly
885,67,male,Skirt,Clothing,91,Hawaii,L,Yellow,Winter,4.1,yes,Express,yes,yes,34,Bank Transfer,Weekly
886,41,male,Dress,Clothing,99,Ohio,L,Purple,Fall,4.4,yes,Free Shipping,yes,yes,49,Debit Card,Every 3 Months
887,19,male,Shorts,Clothing,54,Utah,S,Brown,Summer,3.6,yes,Express,yes,yes,48,Bank Transfer,Monthly
888,70,male,Handbag,Accessories,47,Minnesota,L,Turquoise,Winter,3.3,yes,2-Day Shipping,yes,yes,33,PayPal,Fortnightly
889,49,male,Scarf,Accessories,77,New Hampshire,S,Gold,Spring,3.6,yes,Express,yes,yes,44,Cash,Annually
890,59,male,Belt,Accessories,84,Arizona,S,Olive,Fall,2.8,yes,Free Shipping,yes,yes,50,Venmo,Weekly
891,52,male,Gloves,Accessories,51,New York,S,Purple,Spring,4.3,yes,2-Day Shipping,yes,yes,47,Credit Card,Monthly
892,20,male,Skirt,Clothing,26,Pennsylvania,S,Lavender,Summer,3.9,yes,Store Pickup,yes,yes,24,PayPal,Every 3 Months
893,31,male,Shorts,Clothing,64,New Mexico,L,Gray,Summer,2.7,yes,Free Shipping,yes,yes,43,Debit Card,Monthly
894,33,male,Backpack,Accessories,51,Nebraska,M,Red,Spring,4.7,yes,Express,yes,yes,14,Venmo,Monthly
895,44,male,Hoodie,Clothing,60,Wyoming,L,Purple,Spring,3.8,yes,Free Shipping,yes,yes,3,Debit Card,Quarterly
896,40,male,Hat,Accessories,69,Mississippi,XL,Olive,Spring,4.7,yes,Next Day Air,yes,yes,33,Debit Card,Quarterly
897,69,male,Jewelry,Accessories,29,Arkansas,M,Lavender,Spring,4.7,yes,Express,yes,yes,38,Cash,Fortnightly
898,29,male,Shirt,Clothing,91,Illinois,M,Gray,Spring,3.4,yes,Express,yes,yes,46,Venmo,Weekly
899,54,male,Belt,Accessories,70,Nevada,L,Red,Spring,3.5,yes,2-Day Shipping,yes,yes,19,Bank Transfer,Every 3 Months
900,65,male,Sweater,Clothing,58,Rhode Island,M,Peach,Summer,4,yes,Standard,yes,yes,20,PayPal,Annually
901,54,male,Hat,Accessories,98,West Virginia,L,Gray,Fall,3.3,yes,Free Shipping,yes,yes,42,Bank Transfer,Quarterly
902,60,male,Scarf,Accessories,68,Missouri,L,Violet,Summer,4.7,yes,2-Day Shipping,yes,yes,34,Cash,Monthly
903,43,male,Hat,Accessories,44,Kentucky,M,Beige,Summer,2.8,yes,Next Day Air,yes,yes,5,Cash,Monthly
904,44,male,Jacket,Outerwear,45,Washington,M,Blue,Winter,3.3,yes,Express,yes,yes,3,PayPal,Quarterly
905,69,male,T-shirt,Clothing,99,Alaska,L,Magenta,Spring,2.9,yes,Free Shipping,yes,yes,46,PayPal,Every 3 Months
906,46,male,Dress,Clothing,68,Mississippi,S,Cyan,Spring,2.8,yes,Standard,yes,yes,16,Venmo,Annually
907,41,male,Pants,Clothing,56,South Carolina,M,Red,Spring,4.2,yes,Standard,yes,yes,21,Debit Card,Bi-Weekly
908,32,male,Sweater,Clothing,43,Missouri,L,Cyan,Winter,4.4,yes,Express,yes,yes,34,Credit Card,Bi-Weekly
909,26,male,Sunglasses,Accessories,99,New Jersey,M,Turquoise,Winter,3.6,yes,Free Shipping,yes,yes,9,PayPal,Every 3 Months
910,61,male,Belt,Accessories,56,Louisiana,L,Silver,Fall,2.7,yes,Express,yes,yes,36,PayPal,Weekly
911,49,male,Hoodie,Clothing,25,South Carolina,S,Pink,Spring,3.4,yes,Express,yes,yes,22,Credit Card,Monthly
912,53,male,Pants,Clothing,74,Vermont,M,Black,Winter,2.8,yes,2-Day Shipping,yes,yes,2,Bank Transfer,Quarterly
913,24,male,Hoodie,Clothing,56,Arkansas,M,Green,Winter,3.4,yes,Next Day Air,yes,yes,32,Bank Transfer,Monthly
914,37,male,Sneakers,Footwear,47,Utah,M,Yellow,Fall,2.6,yes,Next Day Air,yes,yes,29,Cash,Every 3 Months
915,43,male,Dress,Clothing,67,Washington,L,Purple,Summer,4.1,yes,Standard,yes,yes,27,Venmo,Every 3 Months
916,31,male,Dress,Clothing,22,Rhode Island,L,Purple,Winter,2.9,yes,Store Pickup,yes,yes,33,Credit Card,Fortnightly
917,49,male,Jeans,Clothing,34,Illinois,S,Blue,Spring,2.7,yes,Standard,yes,yes,16,Venmo,Monthly
918,69,male,Sweater,Clothing,64,Missouri,M,Maroon,Spring,3.7,yes,Standard,yes,yes,11,Bank Transfer,Quarterly
919,65,male,Shorts,Clothing,42,North Carolina,M,Orange,Spring,4.3,yes,2-Day Shipping,yes,yes,11,Cash,Fortnightly
920,41,male,Shirt,Clothing,82,Massachusetts,L,Green,Winter,2.6,yes,2-Day Shipping,yes,yes,17,Debit Card,Bi-Weekly
921,37,male,Belt,Accessories,81,Arkansas,XL,Gold,Summer,4.3,yes,Free Shipping,yes,yes,37,Cash,Weekly
922,70,male,Coat,Outerwear,24,South Dakota,L,Silver,Summer,4.1,yes,Express,yes,yes,18,PayPal,Weekly
923,63,male,Sneakers,Footwear,60,Georgia,M,Cyan,Fall,4.2,yes,Standard,yes,yes,13,Credit Card,Monthly
924,55,male,Shirt,Clothing,24,Arkansas,M,Silver,Spring,4.2,yes,2-Day Shipping,yes,yes,7,PayPal,Weekly
925,52,male,Socks,Clothing,78,Kansas,XL,Beige,Winter,3.1,yes,Standard,yes,yes,37,Cash,Quarterly
926,22,male,Jeans,Clothing,88,Arizona,L,Teal,Winter,4.9,yes,Express,yes,yes,8,Cash,Monthly
927,54,male,Jeans,Clothing,63,Massachusetts,XL,Green,Spring,4.4,yes,Express,yes,yes,11,Cash,Bi-Weekly
928,28,male,Sneakers,Footwear,78,New Mexico,L,Black,Summer,4.4,yes,Standard,yes,yes,8,Venmo,Bi-Weekly
929,67,male,Dress,Clothing,37,Arkansas,XL,Yellow,Winter,3.4,yes,Store Pickup,yes,yes,31,Cash,Every 3 Months
930,59,male,Boots,Footwear,94,Nebraska,M,White,Fall,4.5,yes,2-Day Shipping,yes,yes,26,Debit Card,Fortnightly
931,26,male,T-shirt,Clothing,78,Hawaii,L,Green,Fall,4.5,yes,Store Pickup,yes,yes,20,Credit Card,Bi-Weekly
932,24,male,Coat,Outerwear,36,Nebraska,M,Silver,Winter,4.1,yes,Standard,yes,yes,24,Bank Transfer,Fortnightly
933,62,male,Skirt,Clothing,24,Indiana,L,Blue,Winter,3.2,yes,Standard,yes,yes,45,Debit Card,Bi-Weekly
934,70,male,Sneakers,Footwear,84,Colorado,M,Magenta,Spring,2.7,yes,Store Pickup,yes,yes,33,Debit Card,Monthly
935,45,male,Jeans,Clothing,47,Oregon,S,Yellow,Spring,3.7,yes,Express,yes,yes,21,Bank Transfer,Monthly
936,58,male,Hoodie,Clothing,51,Ohio,L,White,Fall,2.6,yes,Store Pickup,yes,yes,2,Bank Transfer,Fortnightly
937,31,male,Shoes,Footwear,84,Maine,M,Pink,Summer,2.7,yes,Free Shipping,yes,yes,28,Cash,Weekly
938,32,male,Shorts,Clothing,24,Iowa,M,Magenta,Summer,2.7,yes,Express,yes,yes,18,Venmo,Quarterly
939,36,male,Blouse,Clothing,97,Wisconsin,S,Teal,Fall,4.8,yes,Free Shipping,yes,yes,21,Debit Card,Fortnightly
940,25,male,T-shirt,Clothing,89,New York,L,Indigo,Winter,4.8,yes,Next Day Air,yes,yes,24,Credit Card,Monthly
941,48,male,Belt,Accessories,44,Colorado,S,Maroon,Spring,2.6,yes,Store Pickup,yes,yes,15,PayPal,Every 3 Months
942,39,male,Handbag,Accessories,35,Illinois,L,Black,Winter,4.5,yes,2-Day Shipping,yes,yes,38,PayPal,Every 3 Months
943,26,male,Dress,Clothing,91,Arizona,M,Cyan,Winter,3.2,yes,Express,yes,yes,38,PayPal,Bi-Weekly
944,32,male,Hat,Accessories,63,Oklahoma,L,Cyan,Winter,3.8,yes,Next Day Air,yes,yes,13,Venmo,Fortnightly
945,54,male,Belt,Accessories,97,Indiana,S,Gray,Spring,4.8,yes,Express,yes,yes,39,Cash,Bi-Weekly
946,38,male,Boots,Footwear,38,Minnesota,M,Violet,Summer,4.1,yes,Store Pickup,yes,yes,8,Venmo,Every 3 Months
947,46,male,Coat,Outerwear,24,Pennsylvania,XL,Blue,Spring,2.8,yes,Next Day Air,yes,yes,4,PayPal,Quarterly
948,57,male,Blouse,Clothing,32,Indiana,M,Charcoal,Winter,3.9,yes,Store Pickup,yes,yes,6,Cash,Every 3 Months
949,49,male,Hat,Accessories,90,Alabama,L,Olive,Summer,4.9,yes,Express,yes,yes,11,Venmo,Every 3 Months
950,33,male,Jeans,Clothing,36,Montana,M,Olive,Summer,3.4,yes,Standard,yes,yes,49,Venmo,Monthly
951,54,male,Backpack,Accessories,37,New Mexico,XL,Turquoise,Winter,4.1,yes,Free Shipping,yes,yes,30,PayPal,Quarterly
952,47,male,Dress,Clothing,51,Alaska,M,Cyan,Summer,2.9,yes,Express,yes,yes,34,Bank Transfer,Monthly
953,36,male,Hat,Accessories,71,Idaho,S,Red,Fall,3.1,yes,2-Day Shipping,yes,yes,28,PayPal,Monthly
954,68,male,Sunglasses,Accessories,50,Utah,S,Cyan,Spring,3.6,yes,2-Day Shipping,yes,yes,36,Venmo,Quarterly
955,60,male,Hat,Accessories,74,Louisiana,S,Turquoise,Fall,3.5,yes,Standard,yes,yes,18,Credit Card,Every 3 Months
956,55,male,Dress,Clothing,75,Mississippi,L,Lavender,Summer,3.4,yes,Free Shipping,yes,yes,4,PayPal,Monthly
957,29,male,Shirt,Clothing,99,Mississippi,XL,Cyan,Spring,2.9,yes,2-Day Shipping,yes,yes,42,Debit Card,Quarterly
958,38,male,Scarf,Accessories,23,Indiana,XL,Violet,Spring,4.7,yes,Store Pickup,yes,yes,11,Cash,Quarterly
959,70,male,Sneakers,Footwear,53,Washington,XL,Beige,Winter,4.4,yes,Free Shipping,yes,yes,31,Credit Card,Bi-Weekly
960,36,male,Skirt,Clothing,99,Nevada,M,Cyan,Spring,2.6,yes,Standard,yes,yes,12,Cash,Fortnightly
961,18,male,Jewelry,Accessories,48,Louisiana,XL,Indigo,Spring,4.4,yes,Standard,yes,yes,20,Venmo,Quarterly
962,62,male,Boots,Footwear,72,Pennsylvania,L,Olive,Fall,3.7,yes,Next Day Air,yes,yes,37,Debit Card,Quarterly
963,29,male,Sunglasses,Accessories,64,Michigan,L,Green,Spring,4.4,yes,Standard,yes,yes,26,Debit Card,Fortnightly
964,21,male,Boots,Footwear,63,South Carolina,L,Green,Spring,2.5,yes,2-Day Shipping,yes,yes,14,Credit Card,Weekly
965,42,male,Sandals,Footwear,51,Arizona,M,Beige,Spring,2.6,yes,Next Day Air,yes,yes,12,Venmo,Bi-Weekly
966,43,male,Boots,Footwear,55,Delaware,L,Black,Spring,5,yes,Store Pickup,yes,yes,10,Credit Card,Annually
967,58,male,Dress,Clothing,55,Kentucky,M,Brown,Spring,4.9,yes,Express,yes,yes,19,Cash,Annually
968,27,male,Hoodie,Clothing,26,Georgia,S,Silver,Summer,3.7,yes,Store Pickup,yes,yes,4,Cash,Weekly
969,57,male,Shorts,Clothing,67,North Carolina,L,Gray,Summer,3.1,yes,Next Day Air,yes,yes,48,Bank Transfer,Quarterly
970,40,male,Coat,Outerwear,31,California,S,Pink,Fall,3.2,yes,Express,yes,yes,37,PayPal,Monthly
971,45,male,Jeans,Clothing,66,California,S,Maroon,Winter,4.4,yes,Free Shipping,yes,yes,4,Cash,Monthly
972,47,male,Sunglasses,Accessories,67,Indiana,M,Cyan,Summer,4.3,yes,Next Day Air,yes,yes,15,Credit Card,Weekly
973,61,male,Sneakers,Footwear,61,Colorado,L,Gold,Winter,3,yes,Standard,yes,yes,33,Credit Card,Weekly
974,60,male,Jacket,Outerwear,75,Colorado,M,Teal,Fall,3.5,yes,2-Day Shipping,yes,yes,30,Bank Transfer,Quarterly
975,69,male,Skirt,Clothing,90,North Carolina,M,Beige,Spring,3.6,yes,2-Day Shipping,yes,yes,23,Bank Transfer,Monthly
976,58,male,Sweater,Clothing,40,Washington,M,Olive,Summer,3.8,yes,2-Day Shipping,yes,yes,2,Bank Transfer,Weekly
977,34,male,T-shirt,Clothing,90,Florida,M,Gray,Fall,3.6,yes,Express,yes,yes,50,Credit Card,Every 3 Months
978,20,male,Belt,Accessories,20,Washington,M,Black,Spring,4.6,yes,Express,yes,yes,34,Cash,Bi-Weekly
979,56,male,Gloves,Accessories,40,Colorado,M,Turquoise,Summer,2.5,yes,Standard,yes,yes,33,Credit Card,Weekly
980,64,male,Hat,Accessories,33,New Hampshire,S,Brown,Fall,3.5,yes,Store Pickup,yes,yes,34,Debit Card,Monthly
981,56,male,Boots,Footwear,98,Maryland,S,Magenta,Spring,4,yes,Free Shipping,yes,yes,39,PayPal,Every 3 Months
982,27,male,Belt,Accessories,42,Maryland,M,Silver,Spring,3.5,yes,Next Day Air,yes,yes,47,Credit Card,Quarterly
983,35,male,Coat,Outerwear,62,Texas,S,Red,Summer,3.2,yes,Standard,yes,yes,37,PayPal,Monthly
984,24,male,Hat,Accessories,45,New Mexico,L,Indigo,Winter,3.5,yes,Free Shipping,yes,yes,40,Venmo,Bi-Weekly
985,26,male,Shoes,Footwear,78,Utah,M,Green,Summer,3.4,yes,Free Shipping,yes,yes,8,Credit Card,Bi-Weekly
986,32,male,Handbag,Accessories,80,West Virginia,M,Gray,Fall,5,yes,Express,yes,yes,12,Bank Transfer,Annually
987,54,male,Scarf,Accessories,96,Connecticut,S,Peach,Spring,4.5,yes,Store Pickup,yes,yes,36,Bank Transfer,Monthly
988,62,male,Handbag,Accessories,47,West Virginia,M,Charcoal,Summer,2.8,yes,Express,yes,yes,48,PayPal,Weekly
989,50,male,Pants,Clothing,84,Ohio,M,Orange,Winter,4.9,yes,2-Day Shipping,yes,yes,47,PayPal,Fortnightly
990,70,male,Shoes,Footwear,31,Texas,M,Beige,Spring,3.1,yes,Store Pickup,yes,yes,2,Bank Transfer,Monthly
991,48,male,Sunglasses,Accessories,63,Washington,S,Yellow,Spring,4.8,yes,Store Pickup,yes,yes,24,Cash,Weekly
992,20,male,Shorts,Clothing,97,Wisconsin,XL,White,Spring,2.7,yes,Standard,yes,yes,40,Bank Transfer,Bi-Weekly
993,46,male,Jacket,Outerwear,99,Louisiana,M,Gray,Winter,4.6,yes,Express,yes,yes,50,Debit Card,Weekly
994,51,male,Sandals,Footwear,90,Iowa,M,Peach,Winter,4.4,yes,Store Pickup,yes,yes,25,Cash,Weekly
995,53,male,Shoes,Footwear,68,New York,L,Violet,Fall,3.2,yes,Express,yes,yes,20,Debit Card,Monthly
996,44,male,Jewelry,Accessories,80,Idaho,M,Magenta,Spring,3,yes,2-Day Shipping,yes,yes,10,Venmo,Weekly
997,29,male,Sandals,Footwear,91,Delaware,L,Maroon,Summer,4.9,yes,Standard,yes,yes,32,Bank Transfer,Quarterly
998,64,male,Pants,Clothing,30,Kentucky,M,Cyan,Spring,3.6,yes,Express,yes,yes,31,Cash,Fortnightly
999,51,male,Shoes,Footwear,90,Connecticut,M,White,Spring,3.8,yes,Next Day Air,yes,yes,48,Bank Transfer,Bi-Weekly
1000,50,male,Socks,Clothing,28,New Mexico,L,Brown,Spring,2.9,yes,Standard,yes,yes,23,Debit Card,Monthly
1001,43,male,Socks,Clothing,46,Georgia,M,Red,Winter,3.9,yes,Express,yes,yes,1,Bank Transfer,Bi-Weekly
1002,61,male,Dress,Clothing,60,Washington,M,Orange,Fall,3.6,yes,Standard,yes,yes,4,Debit Card,Fortnightly
1003,55,male,Shoes,Footwear,59,North Dakota,M,White,Spring,3.5,yes,Store Pickup,yes,yes,3,Bank Transfer,Bi-Weekly
1004,56,male,Hat,Accessories,68,Ohio,M,Green,Fall,4,yes,Store Pickup,yes,yes,3,Cash,Bi-Weekly
1005,33,male,Backpack,Accessories,79,Tennessee,M,Black,Summer,4.8,yes,2-Day Shipping,yes,yes,44,Cash,Annually
1006,43,male,Backpack,Accessories,94,New York,M,Gold,Winter,3.9,yes,Store Pickup,yes,yes,5,Debit Card,Bi-Weekly
1007,21,male,Pants,Clothing,83,Michigan,S,Lavender,Summer,4.5,yes,Next Day Air,yes,yes,50,Venmo,Quarterly
1008,58,male,Gloves,Accessories,62,Georgia,XL,Turquoise,Spring,4.8,yes,Standard,yes,yes,2,Credit Card,Annually
1009,41,male,Scarf,Accessories,85,New Mexico,M,Pink,Spring,2.6,yes,Store Pickup,yes,yes,29,PayPal,Annually
1010,39,male,Hoodie,Clothing,30,Louisiana,M,Silver,Summer,3.1,yes,Express,yes,yes,11,Venmo,Annually
1011,54,male,Jeans,Clothing,24,South Dakota,XL,Gray,Spring,4.7,yes,2-Day Shipping,yes,yes,37,Credit Card,Fortnightly
1012,43,male,Backpack,Accessories,25,Montana,L,Indigo,Spring,2.9,yes,Next Day Air,yes,yes,32,Debit Card,Fortnightly
1013,28,male,Sandals,Footwear,37,New Mexico,L,Teal,Summer,3.8,yes,Express,yes,yes,27,Credit Card,Annually
1014,59,male,Belt,Accessories,69,South Carolina,XL,Green,Summer,3.8,yes,2-Day Shipping,yes,yes,31,Venmo,Bi-Weekly
1015,28,male,Shoes,Footwear,97,Ohio,M,Violet,Summer,3,yes,Standard,yes,yes,36,Debit Card,Fortnightly
1016,68,male,Gloves,Accessories,24,North Carolina,M,Cyan,Summer,4.1,yes,Standard,yes,yes,34,Cash,Weekly
1017,20,male,Belt,Accessories,30,Idaho,XL,Blue,Summer,3.4,yes,Express,yes,yes,15,Bank Transfer,Every 3 Months
1018,21,male,Jacket,Outerwear,53,Oklahoma,L,Orange,Fall,2.5,yes,Express,yes,yes,14,Credit Card,Annually
1019,50,male,Dress,Clothing,70,Georgia,XL,Charcoal,Spring,4.9,yes,Next Day Air,yes,yes,46,Cash,Weekly
1020,32,male,Shirt,Clothing,76,Kentucky,S,Beige,Winter,2.8,yes,Standard,yes,yes,33,Venmo,Bi-Weekly
1021,24,male,Scarf,Accessories,95,Delaware,M,Black,Fall,4.5,yes,Express,yes,yes,41,Debit Card,Annually
1022,55,male,Coat,Outerwear,51,Massachusetts,S,Lavender,Winter,4.9,yes,2-Day Shipping,yes,yes,39,PayPal,Weekly
1023,61,male,Handbag,Accessories,41,Nebraska,M,Lavender,Winter,4.9,yes,Store Pickup,yes,yes,7,Cash,Annually
1024,61,male,Sunglasses,Accessories,71,Maine,S,Turquoise,Winter,3.5,yes,Free Shipping,yes,yes,29,Bank Transfer,Every 3 Months
1025,28,male,T-shirt,Clothing,66,Pennsylvania,M,Purple,Summer,3.5,yes,Free Shipping,yes,yes,18,Venmo,Quarterly
1026,60,male,Shirt,Clothing,84,Nebraska,M,Olive,Winter,4.9,yes,Free Shipping,yes,yes,15,Credit Card,Annually
1027,49,male,Handbag,Accessories,95,Virginia,L,Turquoise,Winter,3,yes,Express,yes,yes,39,PayPal,Bi-Weekly
1028,33,male,Jewelry,Accessories,90,Ohio,L,Teal,Summer,2.8,yes,Next Day Air,yes,yes,11,Cash,Monthly
1029,45,male,Hoodie,Clothing,36,Nebraska,S,Lavender,Summer,3.7,yes,Standard,yes,yes,4,Cash,Fortnightly
1030,29,male,Gloves,Accessories,22,Ohio,M,Purple,Spring,3.6,yes,2-Day Shipping,yes,yes,33,Venmo,Bi-Weekly
1031,58,male,Coat,Outerwear,89,Kentucky,L,Blue,Winter,3.3,yes,Next Day Air,yes,yes,37,Debit Card,Quarterly
1032,22,male,Sandals,Footwear,50,Tennessee,M,Teal,Spring,3.4,yes,Free Shipping,yes,yes,32,Cash,Quarterly
1033,55,male,Boots,Footwear,36,Maine,M,Lavender,Fall,4,yes,Free Shipping,yes,yes,44,Credit Card,Quarterly
1034,19,male,Pants,Clothing,52,Montana,S,Silver,Spring,4.6,yes,Free Shipping,yes,yes,41,Bank Transfer,Quarterly
1035,68,male,Socks,Clothing,29,Maryland,M,Olive,Fall,4.2,yes,Next Day Air,yes,yes,44,Bank Transfer,Weekly
1036,61,male,Blouse,Clothing,89,Georgia,M,Brown,Fall,2.8,yes,Express,yes,yes,32,Venmo,Annually
1037,68,male,Handbag,Accessories,47,Hawaii,M,Yellow,Fall,3.7,yes,2-Day Shipping,yes,yes,13,Bank Transfer,Monthly
1038,52,male,Jewelry,Accessories,25,Rhode Island,XL,Brown,Spring,3.4,yes,Standard,yes,yes,48,Debit Card,Quarterly
1039,41,male,Pants,Clothing,74,Nebraska,XL,Cyan,Fall,3,yes,Express,yes,yes,3,Bank Transfer,Weekly
1040,29,male,Belt,Accessories,46,Michigan,M,Magenta,Fall,4.8,yes,Standard,yes,yes,39,Venmo,Monthly
1041,68,male,Jeans,Clothing,22,North Carolina,S,Magenta,Fall,4,yes,Next Day Air,yes,yes,7,Cash,Fortnightly
1042,36,male,Shirt,Clothing,25,Minnesota,M,Orange,Summer,4.9,yes,Next Day Air,yes,yes,11,Cash,Fortnightly
1043,55,male,Belt,Accessories,80,Maryland,M,Maroon,Spring,4.9,yes,Next Day Air,yes,yes,47,Credit Card,Weekly
1044,28,male,Jeans,Clothing,76,Hawaii,M,Green,Spring,3.3,yes,2-Day Shipping,yes,yes,28,Debit Card,Fortnightly
1045,39,male,Jeans,Clothing,30,Oregon,L,Teal,Summer,4.4,yes,Next Day Air,yes,yes,17,Bank Transfer,Every 3 Months
1046,54,male,Sweater,Clothing,79,New Mexico,L,Black,Fall,3.5,yes,2-Day Shipping,yes,yes,11,PayPal,Bi-Weekly
1047,40,male,Sneakers,Footwear,22,Illinois,M,Magenta,Winter,4.2,yes,Standard,yes,yes,12,Venmo,Annually
1048,31,male,Socks,Clothing,36,Utah,S,Olive,Fall,4.2,yes,Standard,yes,yes,7,Credit Card,Fortnightly
1049,30,male,Socks,Clothing,77,Maine,L,Yellow,Fall,2.7,yes,Standard,yes,yes,19,Venmo,Fortnightly
1050,45,male,Sunglasses,Accessories,33,Virginia,S,Purple,Fall,2.8,yes,Store Pickup,yes,yes,24,Cash,Quarterly
1051,48,male,Sneakers,Footwear,64,Florida,M,Beige,Winter,3.8,yes,Next Day Air,yes,yes,19,Venmo,Monthly
1052,45,male,Socks,Clothing,53,Ohio,M,Indigo,Fall,2.6,yes,Free Shipping,yes,yes,39,PayPal,Annually
1053,60,male,Shoes,Footwear,36,Virginia,XL,Pink,Fall,3,yes,2-Day Shipping,yes,yes,1,Credit Card,Fortnightly
1054,59,male,Blouse,Clothing,70,Kansas,M,Blue,Spring,3.3,no,2-Day Shipping,yes,yes,10,Debit Card,Bi-Weekly
1055,18,male,Shorts,Clothing,96,Arkansas,L,Cyan,Winter,4.9,no,Express,yes,yes,48,PayPal,Quarterly
1056,70,male,Jacket,Outerwear,27,Massachusetts,M,Orange,Spring,3.3,no,Next Day Air,yes,yes,24,Debit Card,Annually
1057,20,male,Sweater,Clothing,64,Idaho,L,Black,Winter,2.9,no,2-Day Shipping,yes,yes,42,Venmo,Fortnightly
1058,65,male,Jacket,Outerwear,23,Wisconsin,S,Maroon,Spring,4.4,no,2-Day Shipping,yes,yes,20,Credit Card,Weekly
1059,29,male,Scarf,Accessories,33,New Mexico,L,Violet,Summer,3.1,no,Next Day Air,yes,yes,49,Bank Transfer,Every 3 Months
1060,22,male,Jacket,Outerwear,34,North Carolina,M,Beige,Winter,2.5,no,Standard,yes,yes,25,Debit Card,Monthly
1061,27,male,Sweater,Clothing,35,Iowa,S,Gray,Summer,2.6,no,Next Day Air,yes,yes,21,Debit Card,Every 3 Months
1062,36,male,Coat,Outerwear,62,Idaho,M,Gray,Summer,4.4,no,Free Shipping,yes,yes,12,Venmo,Every 3 Months
1063,59,male,Boots,Footwear,75,Ohio,M,Brown,Fall,2.6,no,Next Day Air,yes,yes,21,Debit Card,Every 3 Months
1064,62,male,Hoodie,Clothing,29,Alabama,S,Indigo,Summer,3.3,no,Free Shipping,yes,yes,35,Cash,Monthly
1065,34,male,Hat,Accessories,28,Wyoming,M,Violet,Spring,3.5,no,Express,yes,yes,42,Credit Card,Every 3 Months
1066,59,male,T-shirt,Clothing,20,Alabama,XL,Blue,Spring,4.1,no,Store Pickup,yes,yes,3,PayPal,Every 3 Months
1067,49,male,Coat,Outerwear,96,Mississippi,M,Red,Winter,4,no,Store Pickup,yes,yes,11,PayPal,Bi-Weekly
1068,18,male,Dress,Clothing,43,Pennsylvania,S,Peach,Summer,2.7,no,2-Day Shipping,yes,yes,22,PayPal,Quarterly
1069,55,male,Shirt,Clothing,94,Wyoming,M,Olive,Fall,2.5,no,Standard,yes,yes,47,Credit Card,Weekly
1070,38,male,Skirt,Clothing,81,Maryland,XL,White,Fall,4.3,no,Next Day Air,yes,yes,33,Venmo,Every 3 Months
1071,50,male,Jewelry,Accessories,75,North Carolina,M,Magenta,Summer,3.3,no,Free Shipping,yes,yes,50,Debit Card,Weekly
1072,61,male,Hat,Accessories,81,Pennsylvania,M,Beige,Summer,2.6,no,Express,yes,yes,46,Credit Card,Monthly
1073,48,male,Shorts,Clothing,92,Idaho,L,Gold,Fall,3.5,no,Express,yes,yes,34,Debit Card,Fortnightly
1074,22,male,Scarf,Accessories,96,California,XL,Purple,Spring,4,no,Store Pickup,yes,yes,33,Credit Card,Monthly
1075,48,male,Jewelry,Accessories,71,Tennessee,S,White,Fall,2.6,no,Standard,yes,yes,45,Bank Transfer,Fortnightly
1076,57,male,Sunglasses,Accessories,50,Missouri,L,Indigo,Summer,4.9,no,Next Day Air,yes,yes,32,Debit Card,Bi-Weekly
1077,33,male,Coat,Outerwear,72,North Dakota,L,Charcoal,Spring,2.9,no,Standard,yes,yes,47,Venmo,Bi-Weekly
1078,58,male,Jacket,Outerwear,28,West Virginia,M,Pink,Winter,3.7,no,Standard,yes,yes,5,PayPal,Quarterly
1079,37,male,Sweater,Clothing,59,Arizona,M,Silver,Fall,4.4,no,Express,yes,yes,49,Credit Card,Fortnightly
1080,18,male,Coat,Outerwear,33,Oklahoma,S,Blue,Summer,4.4,no,Free Shipping,yes,yes,48,Bank Transfer,Monthly
1081,65,male,Scarf,Accessories,59,Pennsylvania,L,Blue,Fall,3.8,no,Express,yes,yes,22,Cash,Every 3 Months
1082,62,male,Belt,Accessories,30,Idaho,XL,Brown,Spring,4.5,no,Standard,yes,yes,45,Credit Card,Annually
1083,54,male,Hat,Accessories,85,South Carolina,XL,Cyan,Winter,2.6,no,Next Day Air,yes,yes,30,Venmo,Quarterly
1084,35,male,Backpack,Accessories,97,Washington,L,Teal,Summer,3.3,no,Store Pickup,yes,yes,43,Cash,Weekly
1085,34,male,T-shirt,Clothing,36,Arkansas,S,Purple,Fall,4.1,no,Next Day Air,yes,yes,48,Cash,Quarterly
1086,25,male,Jewelry,Accessories,85,Utah,M,Turquoise,Winter,3,no,Store Pickup,yes,yes,23,Venmo,Fortnightly
1087,53,male,Sunglasses,Accessories,62,Alaska,M,Olive,Winter,3,no,Free Shipping,yes,yes,27,PayPal,Bi-Weekly
1088,45,male,Jeans,Clothing,71,West Virginia,S,White,Winter,3.4,no,Next Day Air,yes,yes,7,Bank Transfer,Monthly
1089,49,male,Pants,Clothing,21,Louisiana,M,Turquoise,Winter,2.7,no,Free Shipping,yes,yes,2,PayPal,Weekly
1090,40,male,Backpack,Accessories,61,Arizona,M,Silver,Spring,3.8,no,Next Day Air,yes,yes,33,PayPal,Bi-Weekly
1091,38,male,Scarf,Accessories,58,Connecticut,M,Violet,Spring,4.2,no,Store Pickup,yes,yes,27,Cash,Fortnightly
1092,44,male,Sweater,Clothing,80,North Carolina,L,Lavender,Spring,4.7,no,Store Pickup,yes,yes,6,Credit Card,Fortnightly
1093,68,male,Jewelry,Accessories,50,South Dakota,L,Magenta,Spring,4.1,no,2-Day Shipping,yes,yes,20,Venmo,Quarterly
1094,60,male,Sneakers,Footwear,48,Delaware,S,Indigo,Winter,4.2,no,2-Day Shipping,yes,yes,46,Venmo,Every 3 Months
1095,25,male,Jewelry,Accessories,40,Connecticut,M,Black,Winter,4.8,no,Next Day Air,yes,yes,25,Cash,Quarterly
1096,19,male,Coat,Outerwear,34,Tennessee,S,Peach,Summer,3,no,Free Shipping,yes,yes,30,Bank Transfer,Quarterly
1097,57,male,Coat,Outerwear,46,New Hampshire,S,Beige,Fall,2.6,no,Standard,yes,yes,48,Credit Card,Annually
1098,58,male,Sunglasses,Accessories,27,Vermont,M,Black,Summer,3.2,no,Store Pickup,yes,yes,47,Bank Transfer,Weekly
1099,49,male,Handbag,Accessories,98,Idaho,S,Turquoise,Spring,3.6,no,Next Day Air,yes,yes,27,Credit Card,Weekly
1100,19,male,Sweater,Clothing,73,North Carolina,M,Peach,Fall,2.6,no,Next Day Air,yes,yes,45,Bank Transfer,Fortnightly
1101,50,male,Pants,Clothing,28,Nevada,L,Gold,Spring,4.4,no,Express,yes,yes,2,Credit Card,Weekly
1102,30,male,Gloves,Accessories,76,Delaware,XL,Silver,Fall,3,no,Free Shipping,yes,yes,39,Cash,Fortnightly
1103,52,male,Sweater,Clothing,83,Texas,M,Peach,Fall,2.9,no,Express,yes,yes,24,Cash,Fortnightly
1104,35,male,Hoodie,Clothing,23,Tennessee,S,Charcoal,Spring,4.3,no,Free Shipping,yes,yes,8,Debit Card,Bi-Weekly
1105,35,male,Hat,Accessories,28,Delaware,M,Beige,Fall,3.1,no,Express,yes,yes,8,Bank Transfer,Quarterly
1106,33,male,T-shirt,Clothing,83,Massachusetts,S,Olive,Spring,3,no,Next Day Air,yes,yes,6,Venmo,Every 3 Months
1107,52,male,Skirt,Clothing,96,Minnesota,L,Violet,Winter,3.6,no,Store Pickup,yes,yes,12,Venmo,Fortnightly
1108,69,male,Sneakers,Footwear,62,Texas,M,Peach,Fall,2.8,no,Store Pickup,yes,yes,26,Bank Transfer,Weekly
1109,27,male,Shorts,Clothing,25,Nebraska,M,Teal,Fall,2.8,no,Standard,yes,yes,50,Cash,Fortnightly
1110,66,male,Hoodie,Clothing,97,Oklahoma,L,Violet,Winter,4.9,no,Next Day Air,yes,yes,2,Venmo,Weekly
1111,28,male,Hoodie,Clothing,61,Texas,L,Cyan,Fall,3,no,Standard,yes,yes,31,Cash,Bi-Weekly
1112,22,male,Shoes,Footwear,66,New York,S,Olive,Summer,4.1,no,Next Day Air,yes,yes,4,Credit Card,Bi-Weekly
1113,69,male,Hoodie,Clothing,67,Washington,XL,Pink,Spring,4.6,no,Free Shipping,yes,yes,32,PayPal,Quarterly
1114,28,male,Sunglasses,Accessories,80,Maryland,M,Purple,Summer,4.8,no,Next Day Air,yes,yes,11,PayPal,Bi-Weekly
1115,55,male,Skirt,Clothing,25,New Hampshire,L,Violet,Fall,2.6,no,Next Day Air,yes,yes,47,Bank Transfer,Every 3 Months
1116,30,male,Hat,Accessories,58,New York,S,Peach,Fall,4,no,2-Day Shipping,yes,yes,37,Cash,Weekly
1117,67,male,Backpack,Accessories,96,Hawaii,M,Charcoal,Winter,4.2,no,Express,yes,yes,39,PayPal,Fortnightly
1118,25,male,Sunglasses,Accessories,77,California,L,Lavender,Spring,4.5,no,Store Pickup,yes,yes,24,Credit Card,Monthly
1119,49,male,Belt,Accessories,65,Indiana,M,Purple,Summer,4.9,no,Standard,yes,yes,11,PayPal,Every 3 Months
1120,34,male,Jewelry,Accessories,36,Louisiana,M,Indigo,Spring,3.1,no,Standard,yes,yes,36,Credit Card,Weekly
1121,22,male,Sneakers,Footwear,84,Pennsylvania,M,Magenta,Winter,4,no,Next Day Air,yes,yes,40,Debit Card,Monthly
1122,63,male,T-shirt,Clothing,58,Florida,XL,Peach,Fall,3.2,no,Express,yes,yes,25,Cash,Quarterly
1123,70,male,Handbag,Accessories,62,North Carolina,S,Charcoal,Spring,4.3,no,2-Day Shipping,yes,yes,12,Credit Card,Annually
1124,36,male,Hat,Accessories,67,Massachusetts,S,Purple,Fall,2.5,no,Store Pickup,yes,yes,38,Cash,Monthly
1125,42,male,Sweater,Clothing,20,Iowa,M,Orange,Spring,4.9,no,Express,yes,yes,40,Cash,Quarterly
1126,27,male,Sandals,Footwear,90,North Dakota,M,Lavender,Summer,2.7,no,2-Day Shipping,yes,yes,10,Bank Transfer,Weekly
1127,23,male,Scarf,Accessories,58,Iowa,L,Beige,Winter,3.4,no,Standard,yes,yes,47,Venmo,Fortnightly
1128,50,male,Shirt,Clothing,53,Delaware,XL,Maroon,Spring,4.8,no,Store Pickup,yes,yes,22,Debit Card,Monthly
1129,56,male,Gloves,Accessories,30,New York,L,Charcoal,Winter,4.7,no,Next Day Air,yes,yes,35,Debit Card,Monthly
1130,37,male,Hoodie,Clothing,65,New Hampshire,XL,White,Winter,4.7,no,Express,yes,yes,46,Venmo,Fortnightly
1131,67,male,Jewelry,Accessories,41,Kentucky,M,Lavender,Summer,3.9,no,Standard,yes,yes,30,PayPal,Bi-Weekly
1132,67,male,Shirt,Clothing,73,Illinois,M,Black,Spring,3.7,no,Express,yes,yes,20,Bank Transfer,Monthly
1133,50,male,Hoodie,Clothing,98,North Carolina,S,Teal,Spring,4.3,no,Store Pickup,yes,yes,25,Cash,Fortnightly
1134,36,male,Shoes,Footwear,36,Connecticut,XL,Magenta,Winter,4.1,no,2-Day Shipping,yes,yes,29,Cash,Weekly
1135,62,male,T-shirt,Clothing,81,Wisconsin,M,Brown,Summer,4.6,no,Express,yes,yes,2,Venmo,Every 3 Months
1136,65,male,Skirt,Clothing,90,Massachusetts,L,Peach,Winter,3.6,no,2-Day Shipping,yes,yes,32,Bank Transfer,Quarterly
1137,23,male,Handbag,Accessories,83,Illinois,S,Cyan,Summer,4.8,no,Free Shipping,yes,yes,37,Cash,Monthly
1138,46,male,Shirt,Clothing,91,New Mexico,XL,Pink,Winter,2.8,no,2-Day Shipping,yes,yes,16,Bank Transfer,Every 3 Months
1139,18,male,Pants,Clothing,36,Iowa,M,Purple,Summer,4.7,no,Express,yes,yes,32,Venmo,Fortnightly
1140,58,male,Coat,Outerwear,53,Alabama,L,Purple,Spring,3.9,no,Standard,yes,yes,42,Debit Card,Bi-Weekly
1141,31,male,Jeans,Clothing,39,Maryland,M,White,Winter,2.6,no,Store Pickup,yes,yes,6,Credit Card,Every 3 Months
1142,39,male,Gloves,Accessories,33,Ohio,S,Silver,Winter,4.7,no,Next Day Air,yes,yes,23,PayPal,Fortnightly
1143,69,male,T-shirt,Clothing,76,Ohio,L,Green,Spring,3.5,no,Store Pickup,yes,yes,27,Venmo,Bi-Weekly
1144,68,male,Boots,Footwear,23,Nevada,L,Teal,Winter,4.4,no,Standard,yes,yes,43,PayPal,Quarterly
1145,41,male,Jeans,Clothing,54,South Carolina,S,Indigo,Fall,4.4,no,2-Day Shipping,yes,yes,25,Bank Transfer,Fortnightly
1146,31,male,Sneakers,Footwear,89,Nevada,L,Pink,Summer,3,no,Express,yes,yes,30,Cash,Every 3 Months
1147,48,male,Sneakers,Footwear,38,Wisconsin,M,Indigo,Summer,4.2,no,Standard,yes,yes,7,Bank Transfer,Every 3 Months
1148,59,male,Hat,Accessories,36,Tennessee,XL,Red,Winter,4.3,no,Next Day Air,yes,yes,17,Debit Card,Annually
1149,34,male,Pants,Clothing,66,Florida,M,Violet,Spring,2.6,no,Store Pickup,yes,yes,10,PayPal,Fortnightly
1150,21,male,Jewelry,Accessories,42,Georgia,L,Cyan,Spring,3.3,no,Store Pickup,yes,yes,40,Venmo,Annually
1151,29,male,Jewelry,Accessories,36,Kentucky,S,Red,Winter,2.7,no,Next Day Air,yes,yes,50,Venmo,Bi-Weekly
1152,41,male,Blouse,Clothing,86,Ohio,M,Gray,Spring,4.2,no,Express,yes,yes,24,Credit Card,Weekly
1153,62,male,Handbag,Accessories,49,Connecticut,M,Gold,Fall,4,no,Standard,yes,yes,8,PayPal,Every 3 Months
1154,27,male,Shirt,Clothing,41,Idaho,M,Pink,Summer,4,no,Free Shipping,yes,yes,6,Bank Transfer,Quarterly
1155,49,male,Dress,Clothing,82,Georgia,L,Cyan,Spring,2.9,no,2-Day Shipping,yes,yes,44,Credit Card,Bi-Weekly
1156,67,male,T-shirt,Clothing,53,Tennessee,S,Red,Fall,2.6,no,Express,yes,yes,47,PayPal,Quarterly
1157,20,male,Shoes,Footwear,21,Hawaii,M,Gold,Summer,4.8,no,Express,yes,yes,6,Venmo,Every 3 Months
1158,37,male,Belt,Accessories,66,Maryland,M,Charcoal,Fall,4.4,no,Standard,yes,yes,11,Cash,Quarterly
1159,69,male,Belt,Accessories,89,Nevada,L,Orange,Summer,4,no,2-Day Shipping,yes,yes,41,Bank Transfer,Annually
1160,66,male,Handbag,Accessories,55,New Hampshire,L,Blue,Fall,3.6,no,2-Day Shipping,yes,yes,46,Venmo,Every 3 Months
1161,37,male,Scarf,Accessories,42,North Dakota,S,Blue,Summer,3.2,no,Next Day Air,yes,yes,9,Venmo,Bi-Weekly
1162,63,male,Shorts,Clothing,52,Oklahoma,S,Orange,Fall,3.1,no,2-Day Shipping,yes,yes,37,PayPal,Monthly
1163,47,male,Sandals,Footwear,92,North Carolina,M,Blue,Winter,4.2,no,Express,yes,yes,13,PayPal,Weekly
1164,26,male,Pants,Clothing,56,Tennessee,L,White,Summer,3,no,2-Day Shipping,yes,yes,24,Debit Card,Monthly
1165,68,male,Dress,Clothing,96,Montana,M,Green,Winter,4.2,no,Standard,yes,yes,47,PayPal,Quarterly
1166,51,male,T-shirt,Clothing,64,Wisconsin,M,Silver,Winter,2.9,no,Next Day Air,yes,yes,21,Venmo,Every 3 Months
1167,48,male,Dress,Clothing,48,Connecticut,S,Lavender,Winter,3.7,no,Store Pickup,yes,yes,22,Venmo,Fortnightly
1168,60,male,Socks,Clothing,83,New Jersey,XL,Beige,Summer,3.6,no,Free Shipping,yes,yes,16,PayPal,Quarterly
1169,68,male,Scarf,Accessories,91,Mississippi,L,Violet,Summer,3.6,no,Standard,yes,yes,37,Debit Card,Fortnightly
1170,25,male,Backpack,Accessories,94,Wyoming,S,Gray,Fall,4.5,no,2-Day Shipping,yes,yes,3,Cash,Annually
1171,57,male,Skirt,Clothing,62,Illinois,S,Red,Spring,3.2,no,Express,yes,yes,33,Cash,Bi-Weekly
1172,41,male,Socks,Clothing,55,Louisiana,M,Lavender,Spring,3.9,no,Next Day Air,yes,yes,15,Debit Card,Annually
1173,59,male,Coat,Outerwear,68,Oregon,L,Peach,Spring,4.6,no,Store Pickup,yes,yes,42,Bank Transfer,Bi-Weekly
1174,44,male,Jewelry,Accessories,76,South Dakota,M,Indigo,Winter,2.5,no,Express,yes,yes,42,Cash,Bi-Weekly
1175,42,male,Backpack,Accessories,31,Michigan,M,Black,Winter,4.3,no,Express,yes,yes,19,Bank Transfer,Bi-Weekly
1176,35,male,Belt,Accessories,81,New Jersey,M,Beige,Spring,4.1,no,Store Pickup,yes,yes,26,PayPal,Quarterly
1177,36,male,Dress,Clothing,83,Oregon,M,Red,Winter,4.6,no,Free Shipping,yes,yes,39,PayPal,Quarterly
1178,54,male,Skirt,Clothing,21,Iowa,M,Black,Spring,4.8,no,Standard,yes,yes,24,Debit Card,Monthly
1179,37,male,Dress,Clothing,22,South Carolina,M,Teal,Spring,4.9,no,Express,yes,yes,23,Debit Card,Annually
1180,20,male,T-shirt,Clothing,33,Indiana,M,Blue,Summer,2.8,no,Free Shipping,yes,yes,44,Bank Transfer,Annually
1181,23,male,Skirt,Clothing,23,Oregon,S,Beige,Spring,4.9,no,Standard,yes,yes,34,Cash,Monthly
1182,61,male,Shorts,Clothing,96,New York,L,Teal,Summer,3.5,no,Free Shipping,yes,yes,43,Bank Transfer,Quarterly
1183,37,male,Jewelry,Accessories,21,New Mexico,M,Maroon,Spring,3.8,no,Express,yes,yes,45,PayPal,Quarterly
1184,23,male,Pants,Clothing,39,Louisiana,M,Yellow,Spring,4.5,no,2-Day Shipping,yes,yes,4,Credit Card,Weekly
1185,63,male,Belt,Accessories,73,South Carolina,S,Indigo,Fall,3.4,no,Express,yes,yes,19,Credit Card,Annually
1186,47,male,Jeans,Clothing,64,Maine,M,Magenta,Spring,3.9,no,Standard,yes,yes,29,Credit Card,Monthly
1187,63,male,Jeans,Clothing,68,Indiana,M,Beige,Summer,4.1,no,2-Day Shipping,yes,yes,27,Credit Card,Annually
1188,56,male,Hat,Accessories,89,Iowa,L,Maroon,Fall,3,no,Express,yes,yes,37,Credit Card,Every 3 Months
1189,68,male,Blouse,Clothing,29,Mississippi,M,Magenta,Summer,3.3,no,Next Day Air,yes,yes,11,Credit Card,Weekly
1190,64,male,Shirt,Clothing,97,Arkansas,XL,Teal,Summer,4.9,no,Free Shipping,yes,yes,28,Debit Card,Annually
1191,62,male,Shirt,Clothing,45,South Carolina,M,Orange,Winter,4.3,no,Next Day Air,yes,yes,31,Credit Card,Weekly
1192,34,male,T-shirt,Clothing,70,Indiana,L,Charcoal,Winter,4.1,no,Free Shipping,yes,yes,50,Venmo,Quarterly
1193,49,male,Coat,Outerwear,56,Florida,M,Turquoise,Summer,4,no,2-Day Shipping,yes,yes,42,Venmo,Quarterly
1194,40,male,Jacket,Outerwear,55,Alaska,L,Pink,Fall,5,no,2-Day Shipping,yes,yes,18,Credit Card,Fortnightly
1195,50,male,Hoodie,Clothing,46,New York,S,Teal,Winter,3.1,no,2-Day Shipping,yes,yes,6,Credit Card,Fortnightly
1196,25,male,Scarf,Accessories,95,Texas,M,White,Winter,4,no,2-Day Shipping,yes,yes,33,Venmo,Monthly
1197,30,male,Belt,Accessories,88,North Dakota,M,Maroon,Winter,3.2,no,2-Day Shipping,yes,yes,13,Bank Transfer,Bi-Weekly
1198,54,male,Sneakers,Footwear,92,Vermont,L,Violet,Fall,3.9,no,Standard,yes,yes,26,PayPal,Annually
1199,40,male,Socks,Clothing,49,New Jersey,M,Brown,Summer,3.9,no,2-Day Shipping,yes,yes,17,Cash,Annually
1200,49,male,Sandals,Footwear,89,Maryland,M,Indigo,Fall,4.5,no,Free Shipping,yes,yes,3,Debit Card,Weekly
1201,27,male,Coat,Outerwear,22,Connecticut,XL,Black,Winter,4.4,no,Store Pickup,yes,yes,7,PayPal,Weekly
1202,27,male,Shoes,Footwear,61,Illinois,XL,Black,Summer,3.1,no,2-Day Shipping,yes,yes,46,Venmo,Fortnightly
1203,48,male,Scarf,Accessories,29,Maryland,S,Olive,Spring,2.9,no,Standard,yes,yes,14,Venmo,Every 3 Months
1204,40,male,Sneakers,Footwear,82,Minnesota,M,Orange,Winter,3.7,no,Free Shipping,yes,yes,23,Bank Transfer,Annually
1205,67,male,Belt,Accessories,94,Florida,M,Pink,Spring,3.2,no,2-Day Shipping,yes,yes,20,Credit Card,Every 3 Months
1206,52,male,Handbag,Accessories,99,California,M,Olive,Spring,3.5,no,Standard,yes,yes,38,Bank Transfer,Fortnightly
1207,22,male,Handbag,Accessories,59,Mississippi,S,Cyan,Fall,3,no,Free Shipping,yes,yes,16,Venmo,Every 3 Months
1208,62,male,Boots,Footwear,90,Washington,M,White,Summer,4.1,no,Next Day Air,yes,yes,48,Credit Card,Every 3 Months
1209,20,male,Boots,Footwear,100,Wisconsin,S,Red,Winter,2.9,no,2-Day Shipping,yes,yes,8,Debit Card,Annually
1210,41,male,Pants,Clothing,62,Pennsylvania,M,Blue,Winter,3.8,no,Next Day Air,yes,yes,16,Bank Transfer,Monthly
1211,34,male,Sunglasses,Accessories,78,Missouri,M,Olive,Fall,4.1,no,Next Day Air,yes,yes,5,Cash,Quarterly
1212,23,male,Hoodie,Clothing,94,Oklahoma,M,Green,Spring,4.6,no,Store Pickup,yes,yes,14,Venmo,Every 3 Months
1213,32,male,Shoes,Footwear,74,Pennsylvania,M,Yellow,Summer,2.5,no,Free Shipping,yes,yes,18,Credit Card,Weekly
1214,68,male,Handbag,Accessories,52,Kentucky,XL,Black,Spring,3.7,no,Express,yes,yes,14,Debit Card,Every 3 Months
1215,30,male,Jacket,Outerwear,81,Vermont,M,Blue,Fall,3.8,no,Free Shipping,yes,yes,5,Cash,Every 3 Months
1216,66,male,Blouse,Clothing,20,Oregon,L,Pink,Winter,2.6,no,2-Day Shipping,yes,yes,15,Credit Card,Every 3 Months
1217,62,male,Pants,Clothing,32,Utah,XL,Lavender,Summer,3.7,no,Free Shipping,yes,yes,3,Venmo,Every 3 Months
1218,50,male,Boots,Footwear,63,Nebraska,XL,Cyan,Fall,2.6,no,Free Shipping,yes,yes,12,Cash,Every 3 Months
1219,55,male,Boots,Footwear,79,Pennsylvania,M,Cyan,Spring,3.1,no,Store Pickup,yes,yes,43,Cash,Every 3 Months
1220,19,male,Sweater,Clothing,23,Vermont,M,Gold,Winter,2.5,no,Next Day Air,yes,yes,35,Credit Card,Bi-Weekly
1221,67,male,Gloves,Accessories,64,Kentucky,M,Green,Winter,4.9,no,Express,yes,yes,36,Bank Transfer,Quarterly
1222,18,male,Socks,Clothing,69,Iowa,M,Red,Winter,4.5,no,Standard,yes,yes,3,Cash,Quarterly
1223,58,male,Jeans,Clothing,69,Indiana,L,Magenta,Fall,3.4,no,Store Pickup,yes,yes,27,Bank Transfer,Annually
1224,69,male,Pants,Clothing,24,Kansas,L,Red,Winter,3.9,no,Free Shipping,yes,yes,21,Bank Transfer,Weekly
1225,62,male,Shorts,Clothing,50,Illinois,M,Yellow,Summer,3.7,no,Store Pickup,yes,yes,18,Venmo,Weekly
1226,28,male,Gloves,Accessories,97,North Carolina,S,Turquoise,Fall,2.6,no,Free Shipping,yes,yes,16,Debit Card,Weekly
1227,53,male,Sandals,Footwear,91,Ohio,S,Cyan,Fall,3.4,no,Store Pickup,yes,yes,18,Venmo,Bi-Weekly
1228,27,male,Blouse,Clothing,37,Illinois,L,Yellow,Spring,4.9,no,Store Pickup,yes,yes,19,Bank Transfer,Bi-Weekly
1229,55,male,Jacket,Outerwear,55,Indiana,S,Yellow,Winter,3.9,no,Express,yes,yes,1,Cash,Annually
1230,34,male,Jewelry,Accessories,52,Kansas,XL,Maroon,Winter,3.6,no,Express,yes,yes,39,Bank Transfer,Annually
1231,25,male,Hat,Accessories,80,Illinois,L,Brown,Spring,4.6,no,Standard,yes,yes,49,Venmo,Monthly
1232,66,male,Socks,Clothing,79,Pennsylvania,M,Gold,Spring,4,no,2-Day Shipping,yes,yes,43,Credit Card,Fortnightly
1233,57,male,Handbag,Accessories,23,New York,M,Charcoal,Summer,3.6,no,Free Shipping,yes,yes,31,Debit Card,Every 3 Months
1234,46,male,Pants,Clothing,73,Utah,L,Beige,Winter,3.5,no,Next Day Air,yes,yes,40,Venmo,Every 3 Months
1235,38,male,Gloves,Accessories,99,New Jersey,M,Indigo,Fall,4.1,no,Store Pickup,yes,yes,2,Bank Transfer,Bi-Weekly
1236,23,male,Sweater,Clothing,22,Idaho,M,Red,Spring,3,no,Store Pickup,yes,yes,46,PayPal,Every 3 Months
1237,42,male,Hat,Accessories,68,New Mexico,M,White,Summer,4.4,no,Store Pickup,yes,yes,35,Debit Card,Every 3 Months
1238,25,male,Dress,Clothing,92,Michigan,S,Charcoal,Spring,4.4,no,2-Day Shipping,yes,yes,42,Credit Card,Quarterly
1239,55,male,Pants,Clothing,77,Wyoming,M,Violet,Winter,3.7,no,Express,yes,yes,3,Venmo,Fortnightly
1240,62,male,Coat,Outerwear,37,New Jersey,XL,Magenta,Spring,4.8,no,Standard,yes,yes,32,Debit Card,Every 3 Months
1241,41,male,Scarf,Accessories,79,New Jersey,L,White,Winter,2.9,no,Store Pickup,yes,yes,48,Debit Card,Annually
1242,58,male,Hoodie,Clothing,51,Hawaii,XL,Pink,Winter,3.1,no,Express,yes,yes,34,Credit Card,Weekly
1243,56,male,Socks,Clothing,27,Nevada,M,Lavender,Summer,4,no,Next Day Air,yes,yes,15,Bank Transfer,Quarterly
1244,25,male,Blouse,Clothing,23,New Hampshire,S,Pink,Spring,3,no,Store Pickup,yes,yes,22,Debit Card,Annually
1245,70,male,Socks,Clothing,76,Indiana,S,Silver,Summer,3.9,no,2-Day Shipping,yes,yes,2,Cash,Monthly
1246,42,male,Dress,Clothing,31,New York,M,Violet,Fall,3.4,no,Standard,yes,yes,30,Bank Transfer,Weekly
1247,27,male,Hoodie,Clothing,60,Louisiana,M,Charcoal,Winter,2.7,no,Standard,yes,yes,27,Cash,Monthly
1248,65,male,T-shirt,Clothing,99,Virginia,M,Charcoal,Spring,3.5,no,Express,yes,yes,18,Venmo,Bi-Weekly
1249,62,male,Hat,Accessories,37,Wisconsin,XL,Red,Winter,3,no,Free Shipping,yes,yes,8,Credit Card,Annually
1250,62,male,Boots,Footwear,50,Oregon,M,Peach,Winter,4.5,no,Express,yes,yes,48,Venmo,Fortnightly
1251,52,male,Jeans,Clothing,26,New Hampshire,XL,Purple,Winter,4.1,no,Free Shipping,yes,yes,24,Cash,Monthly
1252,56,male,Shorts,Clothing,86,Indiana,XL,Orange,Spring,5,no,Next Day Air,yes,yes,43,Credit Card,Monthly
1253,28,male,Sandals,Footwear,41,Massachusetts,L,Magenta,Fall,4,no,Standard,yes,yes,8,Cash,Quarterly
1254,39,male,Sandals,Footwear,23,Montana,XL,Red,Winter,4.9,no,Express,yes,yes,49,PayPal,Annually
1255,54,male,Sneakers,Footwear,56,California,XL,Black,Spring,3.3,no,2-Day Shipping,yes,yes,2,Credit Card,Bi-Weekly
1256,30,male,Hat,Accessories,68,Indiana,M,Peach,Fall,4.1,no,Standard,yes,yes,38,Cash,Fortnightly
1257,45,male,Coat,Outerwear,48,West Virginia,S,Olive,Winter,3.6,no,Express,yes,yes,4,Cash,Fortnightly
1258,68,male,Dress,Clothing,67,Minnesota,L,Gold,Spring,3,no,Free Shipping,yes,yes,31,Cash,Every 3 Months
1259,47,male,Boots,Footwear,87,Ohio,XL,Gold,Spring,4.1,no,2-Day Shipping,yes,yes,34,Debit Card,Every 3 Months
1260,68,male,Skirt,Clothing,64,Minnesota,M,Turquoise,Fall,3.9,no,Standard,yes,yes,45,Credit Card,Monthly
1261,63,male,Shirt,Clothing,93,Virginia,XL,Green,Spring,4.1,no,Store Pickup,yes,yes,30,Debit Card,Quarterly
1262,20,male,Shirt,Clothing,29,Connecticut,L,Maroon,Summer,2.8,no,Next Day Air,yes,yes,2,Credit Card,Fortnightly
1263,29,male,Boots,Footwear,62,Tennessee,L,Brown,Winter,4.8,no,Store Pickup,yes,yes,44,Venmo,Monthly
1264,41,male,Hoodie,Clothing,70,Delaware,L,Brown,Winter,4.6,no,2-Day Shipping,yes,yes,1,Credit Card,Bi-Weekly
1265,52,male,Sweater,Clothing,92,Vermont,S,Blue,Winter,2.5,no,Next Day Air,yes,yes,1,Venmo,Bi-Weekly
1266,32,male,Shirt,Clothing,79,Louisiana,M,Lavender,Spring,2.7,no,Next Day Air,yes,yes,27,Bank Transfer,Weekly
1267,20,male,Blouse,Clothing,31,North Dakota,M,Peach,Fall,4,no,Standard,yes,yes,14,Debit Card,Every 3 Months
1268,47,male,T-shirt,Clothing,83,Oregon,S,Gray,Spring,2.7,no,Standard,yes,yes,41,Cash,Weekly
1269,23,male,Jacket,Outerwear,88,Idaho,XL,Charcoal,Winter,2.9,no,Next Day Air,yes,yes,25,Debit Card,Bi-Weekly
1270,43,male,Jewelry,Accessories,53,Vermont,M,Lavender,Spring,3,no,Standard,yes,yes,47,PayPal,Quarterly
1271,67,male,Hoodie,Clothing,98,West Virginia,M,Green,Fall,3.3,no,Standard,yes,yes,20,Cash,Annually
1272,70,male,Jewelry,Accessories,57,Kentucky,S,Gray,Spring,4.3,no,Store Pickup,yes,yes,42,PayPal,Annually
1273,35,male,Sandals,Footwear,80,Wisconsin,M,Orange,Winter,4.4,no,Express,yes,yes,16,Bank Transfer,Monthly
1274,41,male,Jeans,Clothing,29,Mississippi,L,Silver,Spring,4.1,no,Next Day Air,yes,yes,32,Credit Card,Every 3 Months
1275,54,male,Hat,Accessories,73,Missouri,M,Olive,Spring,3.1,no,2-Day Shipping,yes,yes,37,PayPal,Quarterly
1276,55,male,Sweater,Clothing,32,Arkansas,S,Turquoise,Fall,4.5,no,Standard,yes,yes,1,PayPal,Monthly
1277,51,male,Boots,Footwear,68,Wyoming,L,Turquoise,Spring,4.8,no,Next Day Air,yes,yes,37,Bank Transfer,Weekly
1278,19,male,Blouse,Clothing,97,Rhode Island,L,Green,Spring,5,no,Express,yes,yes,5,Venmo,Quarterly
1279,28,male,Shorts,Clothing,98,Utah,M,Violet,Fall,2.8,no,Next Day Air,yes,yes,31,Venmo,Fortnightly
1280,63,male,Hoodie,Clothing,56,Maryland,L,Charcoal,Fall,3.7,no,Express,yes,yes,18,Debit Card,Annually
1281,30,male,Pants,Clothing,78,Georgia,L,White,Winter,4.4,no,2-Day Shipping,yes,yes,39,Venmo,Every 3 Months
1282,29,male,Belt,Accessories,81,New Jersey,M,Olive,Spring,4.5,no,Store Pickup,yes,yes,8,Venmo,Bi-Weekly
1283,24,male,Shirt,Clothing,68,New Hampshire,L,Violet,Winter,3,no,Free Shipping,yes,yes,20,Venmo,Monthly
1284,69,male,Shirt,Clothing,94,Oregon,M,Violet,Winter,3.9,no,2-Day Shipping,yes,yes,23,Debit Card,Every 3 Months
1285,65,male,Dress,Clothing,93,Arkansas,M,Black,Spring,3.9,no,Express,yes,yes,38,PayPal,Fortnightly
1286,64,male,Gloves,Accessories,99,North Carolina,M,Charcoal,Fall,3.5,no,Next Day Air,yes,yes,45,Bank Transfer,Fortnightly
1287,40,male,Gloves,Accessories,49,West Virginia,L,Yellow,Winter,4.9,no,Next Day Air,yes,yes,44,Debit Card,Fortnightly
1288,24,male,Jeans,Clothing,28,Utah,XL,Blue,Winter,3.4,no,Standard,yes,yes,20,PayPal,Monthly
1289,66,male,Belt,Accessories,93,South Dakota,XL,Charcoal,Winter,4.1,no,Standard,yes,yes,34,PayPal,Bi-Weekly
1290,35,male,Jacket,Outerwear,24,New Hampshire,M,Red,Fall,2.9,no,Next Day Air,yes,yes,10,PayPal,Weekly
1291,67,male,Skirt,Clothing,35,Maryland,M,Indigo,Spring,3.4,no,Free Shipping,yes,yes,3,PayPal,Annually
1292,69,male,Sandals,Footwear,68,South Dakota,S,Beige,Spring,3.2,no,2-Day Shipping,yes,yes,23,Debit Card,Fortnightly
1293,26,male,Belt,Accessories,61,Kentucky,M,Maroon,Summer,3.9,no,Free Shipping,yes,yes,42,Bank Transfer,Annually
1294,23,male,Sweater,Clothing,74,Florida,XL,Yellow,Fall,4.1,no,Standard,yes,yes,30,Debit Card,Annually
1295,27,male,Shirt,Clothing,64,Texas,M,Silver,Summer,4.5,no,Standard,yes,yes,21,Cash,Every 3 Months
1296,30,male,Sneakers,Footwear,60,New Mexico,M,Olive,Fall,2.8,no,Standard,yes,yes,50,PayPal,Weekly
1297,48,male,Jeans,Clothing,29,South Dakota,S,Teal,Spring,2.8,no,Express,yes,yes,16,Cash,Bi-Weekly
1298,44,male,Sandals,Footwear,85,New Jersey,M,Silver,Summer,4.6,no,Standard,yes,yes,32,Venmo,Annually
1299,29,male,Pants,Clothing,81,Indiana,S,Indigo,Summer,3,no,Free Shipping,yes,yes,14,Bank Transfer,Fortnightly
1300,29,male,Belt,Accessories,23,Louisiana,L,Teal,Fall,3.6,no,2-Day Shipping,yes,yes,42,Venmo,Bi-Weekly
1301,67,male,T-shirt,Clothing,100,West Virginia,M,Charcoal,Spring,4.5,no,Next Day Air,yes,yes,47,Credit Card,Every 3 Months
1302,42,male,Shirt,Clothing,54,Maine,M,Orange,Fall,5,no,Express,yes,yes,21,Debit Card,Weekly
1303,23,male,Sneakers,Footwear,25,Idaho,M,Gold,Fall,2.9,no,Next Day Air,yes,yes,37,Credit Card,Monthly
1304,34,male,Blouse,Clothing,32,New York,L,Silver,Summer,3.1,no,Next Day Air,yes,yes,10,Credit Card,Annually
1305,64,male,Backpack,Accessories,63,Montana,S,Orange,Spring,4,no,2-Day Shipping,yes,yes,18,PayPal,Every 3 Months
1306,31,male,Pants,Clothing,56,Mississippi,XL,Peach,Spring,4.5,no,Express,yes,yes,2,PayPal,Every 3 Months
1307,54,male,Sweater,Clothing,33,Alaska,L,Brown,Winter,4.5,no,Next Day Air,yes,yes,40,PayPal,Annually
1308,23,male,Coat,Outerwear,32,Missouri,L,Black,Summer,3.1,no,Express,yes,yes,43,PayPal,Annually
1309,59,male,Dress,Clothing,38,Rhode Island,L,Red,Summer,4.4,no,Next Day Air,yes,yes,14,Credit Card,Every 3 Months
1310,32,male,Blouse,Clothing,21,Hawaii,L,Lavender,Summer,4.7,no,Store Pickup,yes,yes,41,Cash,Quarterly
1311,43,male,Hoodie,Clothing,59,South Carolina,L,Brown,Winter,3.1,no,Store Pickup,yes,yes,38,Credit Card,Every 3 Months
1312,32,male,Shoes,Footwear,87,Tennessee,M,Maroon,Fall,4.2,no,Express,yes,yes,12,Venmo,Annually
1313,66,male,T-shirt,Clothing,79,Missouri,M,Violet,Winter,3,no,Store Pickup,yes,yes,19,Bank Transfer,Monthly
1314,70,male,Shoes,Footwear,28,Missouri,M,Lavender,Summer,2.6,no,Free Shipping,yes,yes,23,Credit Card,Bi-Weekly
1315,42,male,Boots,Footwear,67,Missouri,S,Magenta,Summer,3.4,no,Free Shipping,yes,yes,49,Debit Card,Annually
1316,56,male,Shorts,Clothing,75,Mississippi,L,Green,Spring,4.2,no,2-Day Shipping,yes,yes,29,Debit Card,Quarterly
1317,28,male,Belt,Accessories,32,Arkansas,S,Lavender,Spring,4.6,no,Standard,yes,yes,14,Debit Card,Bi-Weekly
1318,28,male,Pants,Clothing,43,Kentucky,M,Green,Spring,2.8,no,Free Shipping,yes,yes,19,Cash,Monthly
1319,52,male,Shorts,Clothing,93,Connecticut,M,Maroon,Spring,2.7,no,Express,yes,yes,19,Credit Card,Bi-Weekly
1320,65,male,Sunglasses,Accessories,24,Oklahoma,M,Magenta,Spring,4,no,Standard,yes,yes,48,Bank Transfer,Weekly
1321,56,male,Hat,Accessories,31,California,XL,Teal,Fall,3.1,no,Free Shipping,yes,yes,19,Debit Card,Annually
1322,59,male,T-shirt,Clothing,84,Missouri,L,Orange,Winter,3.7,no,Express,yes,yes,45,Bank Transfer,Every 3 Months
1323,23,male,Pants,Clothing,74,Washington,M,Violet,Winter,4,no,Next Day Air,yes,yes,17,Bank Transfer,Quarterly
1324,58,male,Shorts,Clothing,62,New York,M,Yellow,Spring,4.6,no,Standard,yes,yes,15,Debit Card,Every 3 Months
1325,39,male,Jewelry,Accessories,77,Indiana,S,Orange,Summer,3.8,no,Free Shipping,yes,yes,11,Credit Card,Fortnightly
1326,28,male,Backpack,Accessories,73,Oregon,L,Gold,Summer,3.5,no,Express,yes,yes,1,Cash,Monthly
1327,40,male,Shoes,Footwear,50,Texas,M,Indigo,Spring,4.6,no,Free Shipping,yes,yes,17,Cash,Monthly
1328,52,male,Coat,Outerwear,40,Florida,M,Turquoise,Winter,2.8,no,Standard,yes,yes,37,Cash,Weekly
1329,37,male,Sweater,Clothing,97,Rhode Island,M,Orange,Winter,3.7,no,Standard,yes,yes,40,Bank Transfer,Weekly
1330,70,male,Gloves,Accessories,63,Texas,M,Indigo,Fall,3.3,no,Express,yes,yes,50,PayPal,Every 3 Months
1331,30,male,Handbag,Accessories,65,Vermont,M,Charcoal,Fall,2.9,no,Standard,yes,yes,20,PayPal,Bi-Weekly
1332,38,male,Socks,Clothing,91,Maryland,M,Lavender,Spring,3.2,no,Standard,yes,yes,8,PayPal,Bi-Weekly
1333,66,male,Hoodie,Clothing,60,Alaska,S,Gold,Spring,4.3,no,Store Pickup,yes,yes,16,Bank Transfer,Quarterly
1334,29,male,Pants,Clothing,69,Idaho,M,Lavender,Winter,2.7,no,Next Day Air,yes,yes,9,Bank Transfer,Quarterly
1335,46,male,Coat,Outerwear,52,West Virginia,S,White,Spring,4.2,no,Store Pickup,yes,yes,12,Venmo,Monthly
1336,56,male,Boots,Footwear,49,Nevada,M,Lavender,Fall,4.8,no,2-Day Shipping,yes,yes,26,Credit Card,Weekly
1337,23,male,Sneakers,Footwear,85,Oregon,M,Charcoal,Spring,4.8,no,Store Pickup,yes,yes,44,Debit Card,Fortnightly
1338,37,male,Sweater,Clothing,86,Tennessee,L,Silver,Spring,3.4,no,Express,yes,yes,19,Credit Card,Bi-Weekly
1339,56,male,Handbag,Accessories,51,Alabama,S,Yellow,Winter,2.6,no,Standard,yes,yes,43,PayPal,Fortnightly
1340,36,male,Belt,Accessories,56,Indiana,L,Olive,Winter,5,no,Next Day Air,yes,yes,5,Bank Transfer,Every 3 Months
1341,40,male,Belt,Accessories,72,Idaho,M,Peach,Fall,4.4,no,Next Day Air,yes,yes,5,Debit Card,Every 3 Months
1342,26,male,Hoodie,Clothing,27,Rhode Island,XL,Yellow,Fall,2.9,no,Standard,yes,yes,31,Bank Transfer,Quarterly
1343,57,male,Sunglasses,Accessories,43,Arizona,XL,Yellow,Summer,3.4,no,2-Day Shipping,yes,yes,11,Bank Transfer,Monthly
1344,68,male,Sneakers,Footwear,56,Florida,M,Indigo,Spring,3.4,no,Standard,yes,yes,34,Bank Transfer,Monthly
1345,56,male,T-shirt,Clothing,37,New York,S,Violet,Fall,4.9,no,Next Day Air,yes,yes,14,Cash,Annually
1346,40,male,Dress,Clothing,21,Nebraska,M,White,Fall,3.6,no,Standard,yes,yes,42,Venmo,Weekly
1347,44,male,Hoodie,Clothing,91,Mississippi,L,White,Winter,3,no,Free Shipping,yes,yes,15,Venmo,Bi-Weekly
1348,44,male,Sweater,Clothing,95,Vermont,M,Cyan,Summer,3.9,no,2-Day Shipping,yes,yes,47,Bank Transfer,Monthly
1349,19,male,Belt,Accessories,54,Nebraska,XL,Purple,Spring,3.2,no,Standard,yes,yes,23,Credit Card,Fortnightly
1350,21,male,Socks,Clothing,36,South Carolina,XL,Black,Spring,3.2,no,Next Day Air,yes,yes,23,Cash,Bi-Weekly
1351,31,male,Sunglasses,Accessories,71,Delaware,M,Orange,Fall,4.3,no,Next Day Air,yes,yes,1,Cash,Every 3 Months
1352,30,male,Coat,Outerwear,31,Vermont,L,Maroon,Summer,2.8,no,2-Day Shipping,yes,yes,28,Bank Transfer,Quarterly
1353,65,male,Hat,Accessories,89,Indiana,XL,Orange,Spring,4.5,no,Next Day Air,yes,yes,37,Credit Card,Bi-Weekly
1354,39,male,Pants,Clothing,83,Oregon,M,Teal,Winter,4.1,no,Next Day Air,yes,yes,4,Cash,Every 3 Months
1355,64,male,Backpack,Accessories,42,Maryland,M,Gray,Spring,3.6,no,2-Day Shipping,yes,yes,21,Bank Transfer,Quarterly
1356,59,male,Shorts,Clothing,91,Florida,M,Blue,Summer,3,no,2-Day Shipping,yes,yes,50,PayPal,Bi-Weekly
1357,49,male,Jacket,Outerwear,61,Indiana,M,Cyan,Spring,4,no,Free Shipping,yes,yes,34,Bank Transfer,Annually
1358,24,male,Backpack,Accessories,66,Texas,S,Red,Summer,3.5,no,Next Day Air,yes,yes,20,Cash,Quarterly
1359,19,male,Scarf,Accessories,22,Nebraska,XL,Pink,Spring,2.5,no,Store Pickup,yes,yes,25,Venmo,Every 3 Months
1360,27,male,Hoodie,Clothing,68,North Carolina,S,Cyan,Winter,4.3,no,Store Pickup,yes,yes,26,Bank Transfer,Fortnightly
1361,56,male,Skirt,Clothing,43,Alabama,L,Black,Fall,2.8,no,Express,yes,yes,4,Bank Transfer,Annually
1362,49,male,Dress,Clothing,32,Alabama,M,Beige,Fall,3.7,no,Next Day Air,yes,yes,39,Debit Card,Monthly
1363,41,male,Coat,Outerwear,46,Colorado,M,Gray,Fall,4.3,no,Express,yes,yes,29,Cash,Weekly
1364,36,male,Blouse,Clothing,90,Wisconsin,L,Red,Summer,4,no,Express,yes,yes,47,PayPal,Quarterly
1365,68,male,Hat,Accessories,75,Delaware,L,Yellow,Fall,4.7,no,Express,yes,yes,5,Cash,Every 3 Months
1366,28,male,Handbag,Accessories,69,Indiana,M,Magenta,Winter,4.5,no,Store Pickup,yes,yes,18,Bank Transfer,Fortnightly
1367,45,male,Belt,Accessories,40,Iowa,M,Magenta,Fall,3.1,no,Free Shipping,yes,yes,10,Credit Card,Fortnightly
1368,60,male,Belt,Accessories,63,Iowa,S,Black,Fall,3.8,no,Express,yes,yes,25,Cash,Quarterly
1369,21,male,Shirt,Clothing,36,Wisconsin,L,Orange,Summer,4.9,no,Express,yes,yes,2,Cash,Weekly
1370,32,male,Shoes,Footwear,75,Iowa,M,Green,Winter,3.2,no,Standard,yes,yes,48,Venmo,Fortnightly
1371,27,male,Scarf,Accessories,67,Montana,L,Peach,Summer,2.9,no,2-Day Shipping,yes,yes,41,Bank Transfer,Every 3 Months
1372,40,male,Pants,Clothing,64,Mississippi,M,Charcoal,Spring,2.8,no,Store Pickup,yes,yes,42,Credit Card,Monthly
1373,64,male,Blouse,Clothing,61,Michigan,M,Gray,Fall,4,no,2-Day Shipping,yes,yes,44,PayPal,Bi-Weekly
1374,18,male,Gloves,Accessories,40,Virginia,L,Turquoise,Winter,2.6,no,Store Pickup,yes,yes,6,Cash,Quarterly
1375,22,male,Handbag,Accessories,97,New York,M,Red,Fall,2.7,no,Free Shipping,yes,yes,5,Bank Transfer,Quarterly
1376,42,male,Sneakers,Footwear,31,Maine,L,Brown,Spring,4.1,no,2-Day Shipping,yes,yes,8,Credit Card,Annually
1377,57,male,Sandals,Footwear,65,New Jersey,L,Pink,Spring,5,no,Free Shipping,yes,yes,24,PayPal,Annually
1378,33,male,Sunglasses,Accessories,54,Maryland,L,Olive,Spring,3,no,Next Day Air,yes,yes,42,Venmo,Monthly
1379,37,male,Jacket,Outerwear,49,Kentucky,XL,Lavender,Fall,3.6,no,Free Shipping,yes,yes,24,Venmo,Weekly
1380,21,male,T-shirt,Clothing,64,Minnesota,L,Purple,Fall,2.8,no,2-Day Shipping,yes,yes,38,Venmo,Bi-Weekly
1381,51,male,Sneakers,Footwear,35,Massachusetts,S,Beige,Winter,4.6,no,Standard,yes,yes,41,Cash,Fortnightly
1382,30,male,Shoes,Footwear,86,Illinois,L,Green,Winter,2.9,no,Standard,yes,yes,48,Venmo,Quarterly
1383,68,male,Jacket,Outerwear,55,Michigan,L,Brown,Winter,4.8,no,Express,yes,yes,16,Bank Transfer,Quarterly
1384,36,male,Scarf,Accessories,58,Wisconsin,M,Beige,Spring,3.3,no,Express,yes,yes,4,Venmo,Monthly
1385,46,male,Sneakers,Footwear,96,Alaska,M,Beige,Fall,4.6,no,Standard,yes,yes,8,Bank Transfer,Weekly
1386,41,male,Jewelry,Accessories,64,Mississippi,M,Indigo,Fall,2.6,no,Store Pickup,yes,yes,1,Bank Transfer,Bi-Weekly
1387,68,male,Jacket,Outerwear,56,Oregon,M,Silver,Fall,4,no,Next Day Air,yes,yes,4,Debit Card,Quarterly
1388,21,male,Blouse,Clothing,85,Maryland,M,Gold,Winter,3.8,no,Standard,yes,yes,20,Credit Card,Monthly
1389,62,male,Dress,Clothing,23,Arkansas,M,Lavender,Spring,3.9,no,Express,yes,yes,40,Cash,Quarterly
1390,59,male,Scarf,Accessories,72,Illinois,L,Orange,Fall,2.6,no,Store Pickup,yes,yes,8,Debit Card,Fortnightly
1391,25,male,Hat,Accessories,38,Arkansas,M,Maroon,Summer,4.3,no,Standard,yes,yes,42,Debit Card,Weekly
1392,53,male,Blouse,Clothing,29,Mississippi,S,White,Winter,3.6,no,Express,yes,yes,38,Credit Card,Annually
1393,31,male,Gloves,Accessories,46,Arkansas,M,Yellow,Spring,4.2,no,Express,yes,yes,34,Venmo,Every 3 Months
1394,46,male,Gloves,Accessories,58,Idaho,L,Yellow,Spring,3.9,no,Express,yes,yes,14,PayPal,Fortnightly
1395,26,male,Coat,Outerwear,43,Iowa,L,Magenta,Fall,4.7,no,Next Day Air,yes,yes,39,Cash,Weekly
1396,47,male,Scarf,Accessories,32,West Virginia,L,Turquoise,Spring,2.8,no,Next Day Air,yes,yes,40,PayPal,Bi-Weekly
1397,37,male,Pants,Clothing,30,Wisconsin,XL,Lavender,Winter,3,no,Next Day Air,yes,yes,49,Debit Card,Monthly
1398,55,male,Sunglasses,Accessories,67,Massachusetts,S,Magenta,Summer,4.7,no,Store Pickup,yes,yes,33,PayPal,Annually
1399,30,male,Dress,Clothing,45,Texas,M,Cyan,Summer,2.5,no,Free Shipping,yes,yes,25,Credit Card,Weekly
1400,19,male,Hat,Accessories,81,Nebraska,M,Olive,Winter,3.1,no,Store Pickup,yes,yes,48,Venmo,Annually
1401,36,male,Backpack,Accessories,23,Nevada,M,Red,Fall,3.6,no,Next Day Air,yes,yes,22,Credit Card,Every 3 Months
1402,23,male,Sandals,Footwear,59,Indiana,M,Blue,Fall,3.5,no,2-Day Shipping,yes,yes,1,PayPal,Weekly
1403,62,male,Sunglasses,Accessories,21,North Dakota,L,White,Summer,3.1,no,Express,yes,yes,47,PayPal,Monthly
1404,26,male,Backpack,Accessories,20,Georgia,M,Peach,Spring,3.6,no,Store Pickup,yes,yes,20,Credit Card,Bi-Weekly
1405,36,male,Jewelry,Accessories,28,New Mexico,M,Charcoal,Winter,3.5,no,Next Day Air,yes,yes,10,Debit Card,Weekly
1406,33,male,Socks,Clothing,100,New Hampshire,M,Peach,Winter,2.7,no,Store Pickup,yes,yes,39,Credit Card,Monthly
1407,32,male,Shirt,Clothing,46,Washington,L,Turquoise,Spring,3.6,no,Express,yes,yes,15,Debit Card,Monthly
1408,56,male,Handbag,Accessories,61,Nevada,XL,Charcoal,Spring,4.5,no,Express,yes,yes,11,Credit Card,Annually
1409,58,male,Blouse,Clothing,58,Maine,M,Yellow,Winter,4.1,no,Free Shipping,yes,yes,38,Venmo,Weekly
1410,34,male,Backpack,Accessories,50,Idaho,M,Blue,Spring,4.2,no,Standard,yes,yes,41,Cash,Fortnightly
1411,61,male,Hat,Accessories,93,Tennessee,M,Purple,Summer,4,no,Store Pickup,yes,yes,18,Debit Card,Annually
1412,48,male,Skirt,Clothing,24,Louisiana,L,Green,Summer,2.8,no,Store Pickup,yes,yes,13,Venmo,Quarterly
1413,25,male,Shorts,Clothing,100,Michigan,M,Charcoal,Summer,2.6,no,2-Day Shipping,yes,yes,43,Venmo,Annually
1414,51,male,Blouse,Clothing,79,New Hampshire,S,Indigo,Fall,2.7,no,Store Pickup,yes,yes,12,Bank Transfer,Quarterly
1415,29,male,Socks,Clothing,51,Minnesota,M,Black,Summer,4.5,no,Store Pickup,yes,yes,3,Credit Card,Bi-Weekly
1416,54,male,Belt,Accessories,90,Illinois,M,Blue,Winter,3.7,no,Free Shipping,yes,yes,12,Credit Card,Every 3 Months
1417,48,male,Boots,Footwear,56,Idaho,L,Silver,Summer,3.4,no,Free Shipping,yes,yes,46,Cash,Quarterly
1418,62,male,Shorts,Clothing,25,Montana,S,Brown,Spring,4.6,no,Standard,yes,yes,21,Debit Card,Fortnightly
1419,18,male,Shirt,Clothing,75,Alabama,M,Violet,Summer,4.1,no,2-Day Shipping,yes,yes,23,Venmo,Every 3 Months
1420,43,male,Handbag,Accessories,75,Montana,M,Orange,Summer,2.6,no,Free Shipping,yes,yes,4,Debit Card,Quarterly
1421,22,male,Jeans,Clothing,53,California,XL,Gray,Summer,4.6,no,Store Pickup,yes,yes,45,PayPal,Every 3 Months
1422,68,male,Dress,Clothing,100,Pennsylvania,S,Gold,Spring,3,no,Standard,yes,yes,24,Bank Transfer,Fortnightly
1423,44,male,Dress,Clothing,27,Texas,L,Charcoal,Fall,3.4,no,Free Shipping,yes,yes,3,PayPal,Bi-Weekly
1424,51,male,Sandals,Footwear,60,Michigan,S,Black,Fall,3.5,no,Free Shipping,yes,yes,12,Venmo,Every 3 Months
1425,66,male,Jacket,Outerwear,23,Connecticut,S,Indigo,Fall,3.5,no,Standard,yes,yes,34,Bank Transfer,Every 3 Months
1426,59,male,Coat,Outerwear,40,Wyoming,S,White,Winter,3.7,no,Next Day Air,yes,yes,39,Credit Card,Annually
1427,60,male,Pants,Clothing,38,Michigan,M,Yellow,Summer,4.8,no,Free Shipping,yes,yes,35,PayPal,Every 3 Months
1428,31,male,Backpack,Accessories,90,South Dakota,S,Orange,Summer,4.9,no,Store Pickup,yes,yes,8,Credit Card,Annually
1429,20,male,Blouse,Clothing,97,North Dakota,S,Green,Summer,4.9,no,Express,yes,yes,42,PayPal,Quarterly
1430,24,male,Skirt,Clothing,38,Maryland,L,Gold,Fall,4.7,no,Standard,yes,yes,6,Credit Card,Every 3 Months
1431,48,male,Sandals,Footwear,30,Michigan,S,Orange,Summer,4.9,no,Free Shipping,yes,yes,3,Credit Card,Fortnightly
1432,39,male,Pants,Clothing,88,South Dakota,M,Cyan,Fall,2.9,no,Express,yes,yes,29,Venmo,Quarterly
1433,34,male,Hat,Accessories,33,Florida,L,Black,Winter,4.4,no,Express,yes,yes,32,Debit Card,Quarterly
1434,70,male,Hoodie,Clothing,60,Minnesota,L,Yellow,Winter,3.2,no,Next Day Air,yes,yes,45,Debit Card,Weekly
1435,59,male,Sweater,Clothing,64,New York,L,Maroon,Summer,4.6,no,Free Shipping,yes,yes,21,Debit Card,Bi-Weekly
1436,45,male,Scarf,Accessories,95,Oregon,XL,Black,Fall,4,no,Standard,yes,yes,41,Cash,Weekly
1437,35,male,Sneakers,Footwear,83,Minnesota,M,Gray,Winter,3.7,no,Free Shipping,yes,yes,23,PayPal,Fortnightly
1438,69,male,Boots,Footwear,97,Montana,XL,Orange,Winter,4.2,no,Free Shipping,yes,yes,14,Cash,Annually
1439,58,male,Coat,Outerwear,38,Washington,M,Cyan,Spring,2.9,no,Standard,yes,yes,24,Debit Card,Monthly
1440,25,male,Boots,Footwear,48,New Mexico,M,Magenta,Summer,4.8,no,Next Day Air,yes,yes,25,Cash,Fortnightly
1441,27,male,Sandals,Footwear,76,Arizona,M,Pink,Spring,4.4,no,Standard,yes,yes,13,Venmo,Monthly
1442,34,male,Pants,Clothing,25,Nebraska,S,Turquoise,Summer,3.4,no,Free Shipping,yes,yes,3,Venmo,Every 3 Months
1443,53,male,Hoodie,Clothing,92,Idaho,S,Violet,Spring,2.8,no,2-Day Shipping,yes,yes,42,Credit Card,Annually
1444,58,male,Sandals,Footwear,47,Idaho,L,Teal,Fall,4.2,no,Next Day Air,yes,yes,2,Cash,Monthly
1445,32,male,Sweater,Clothing,36,Vermont,L,Pink,Fall,3.8,no,Express,yes,yes,26,Cash,Quarterly
1446,64,male,Belt,Accessories,51,Arkansas,M,Gold,Fall,3.1,no,2-Day Shipping,yes,yes,24,Credit Card,Annually
1447,63,male,Jeans,Clothing,35,Wyoming,XL,Red,Summer,3.2,no,Express,yes,yes,6,Credit Card,Quarterly
1448,23,male,Hoodie,Clothing,57,New Mexico,S,Beige,Summer,3,no,Next Day Air,yes,yes,25,PayPal,Monthly
1449,64,male,Boots,Footwear,95,West Virginia,M,Black,Summer,3.6,no,Free Shipping,yes,yes,11,Credit Card,Every 3 Months
1450,18,male,Socks,Clothing,41,New York,L,Lavender,Winter,2.5,no,Store Pickup,yes,yes,20,Cash,Every 3 Months
1451,25,male,Dress,Clothing,44,Illinois,S,Teal,Winter,3.4,no,Free Shipping,yes,yes,25,Cash,Quarterly
1452,54,male,Jacket,Outerwear,34,Utah,M,Maroon,Fall,2.5,no,Next Day Air,yes,yes,35,PayPal,Quarterly
1453,60,male,Jacket,Outerwear,25,Colorado,L,Blue,Spring,4.7,no,2-Day Shipping,yes,yes,11,Bank Transfer,Quarterly
1454,36,male,Boots,Footwear,93,Virginia,S,Teal,Winter,3.2,no,2-Day Shipping,yes,yes,41,Bank Transfer,Fortnightly
1455,66,male,Sneakers,Footwear,50,Georgia,L,Maroon,Winter,2.9,no,Free Shipping,yes,yes,17,Credit Card,Annually
1456,60,male,Pants,Clothing,79,Alabama,L,Silver,Fall,4.9,no,Express,yes,yes,1,PayPal,Every 3 Months
1457,59,male,Coat,Outerwear,100,Montana,S,Olive,Spring,2.7,no,Store Pickup,yes,yes,30,PayPal,Every 3 Months
1458,58,male,Shirt,Clothing,57,Pennsylvania,S,Gray,Spring,4.7,no,Express,yes,yes,47,Venmo,Fortnightly
1459,35,male,Sweater,Clothing,28,Missouri,M,Peach,Spring,2.9,no,2-Day Shipping,yes,yes,34,Venmo,Weekly
1460,20,male,Shoes,Footwear,35,Maine,L,Yellow,Winter,4.8,no,Express,yes,yes,18,Venmo,Fortnightly
1461,70,male,Boots,Footwear,85,Pennsylvania,L,Violet,Fall,4.6,no,Standard,yes,yes,33,Venmo,Bi-Weekly
1462,54,male,Sunglasses,Accessories,95,Oregon,S,Red,Summer,5,no,2-Day Shipping,yes,yes,42,Venmo,Quarterly
1463,38,male,Sneakers,Footwear,90,Utah,S,Charcoal,Summer,4.8,no,2-Day Shipping,yes,yes,2,Venmo,Quarterly
1464,54,male,Jewelry,Accessories,49,Oklahoma,M,Beige,Summer,4.9,no,Store Pickup,yes,yes,1,Bank Transfer,Monthly
1465,33,male,Belt,Accessories,92,Montana,M,Peach,Winter,4.6,no,2-Day Shipping,yes,yes,23,Bank Transfer,Quarterly
1466,46,male,Gloves,Accessories,72,Nebraska,XL,Violet,Winter,3.9,no,Store Pickup,yes,yes,42,Cash,Bi-Weekly
1467,58,male,Shorts,Clothing,71,Alabama,M,Green,Summer,4.5,no,Store Pickup,yes,yes,3,PayPal,Annually
1468,30,male,Jewelry,Accessories,27,Ohio,XL,Olive,Winter,4.7,no,Store Pickup,yes,yes,16,Debit Card,Fortnightly
1469,42,male,Gloves,Accessories,39,Arkansas,S,Silver,Fall,3.9,no,Express,yes,yes,46,Cash,Fortnightly
1470,28,male,Jewelry,Accessories,98,Mississippi,M,Purple,Winter,4.4,no,Standard,yes,yes,31,PayPal,Every 3 Months
1471,43,male,Sandals,Footwear,27,California,M,Silver,Spring,3.9,no,Next Day Air,yes,yes,15,Cash,Every 3 Months
1472,31,male,Jewelry,Accessories,71,Alaska,S,Gray,Spring,2.8,no,2-Day Shipping,yes,yes,48,Venmo,Every 3 Months
1473,39,male,Hat,Accessories,24,Indiana,L,Turquoise,Spring,3.5,no,Store Pickup,yes,yes,11,Cash,Weekly
1474,69,male,Shorts,Clothing,63,Wisconsin,M,Violet,Fall,4.3,no,Express,yes,yes,20,Credit Card,Every 3 Months
1475,31,male,Sweater,Clothing,72,New Jersey,S,Pink,Fall,3.9,no,Next Day Air,yes,yes,6,Credit Card,Monthly
1476,44,male,Blouse,Clothing,61,Rhode Island,M,Teal,Spring,4,no,Express,yes,yes,24,Cash,Monthly
1477,39,male,Hat,Accessories,56,Wyoming,M,Magenta,Fall,4.1,no,Next Day Air,yes,yes,18,Credit Card,Monthly
1478,24,male,Belt,Accessories,32,Oregon,XL,Silver,Summer,4.3,no,Standard,yes,yes,1,PayPal,Every 3 Months
1479,28,male,Gloves,Accessories,23,Washington,M,Blue,Summer,4.2,no,Free Shipping,yes,yes,13,Venmo,Bi-Weekly
1480,48,male,Coat,Outerwear,100,Washington,L,Black,Spring,4,no,Standard,yes,yes,2,Bank Transfer,Weekly
1481,39,male,Jewelry,Accessories,74,New Hampshire,M,Gold,Fall,3.6,no,Express,yes,yes,26,Cash,Quarterly
1482,64,male,Skirt,Clothing,33,Maryland,S,Gray,Spring,3.3,no,Standard,yes,yes,31,PayPal,Quarterly
1483,28,male,Gloves,Accessories,67,Wisconsin,S,Magenta,Spring,4.1,no,2-Day Shipping,yes,yes,43,Bank Transfer,Weekly
1484,39,male,Jewelry,Accessories,61,Massachusetts,S,Yellow,Summer,4.7,no,Next Day Air,yes,yes,12,Debit Card,Bi-Weekly
1485,49,male,Shorts,Clothing,46,Nebraska,M,Teal,Summer,4.4,no,Store Pickup,yes,yes,22,Venmo,Every 3 Months
1486,22,male,Gloves,Accessories,56,Nebraska,L,Red,Spring,3.4,no,Standard,yes,yes,3,Cash,Fortnightly
1487,25,male,Sneakers,Footwear,73,Idaho,S,Yellow,Spring,5,no,Free Shipping,yes,yes,23,Venmo,Every 3 Months
1488,40,male,Skirt,Clothing,44,Arizona,L,Black,Summer,4.6,no,Store Pickup,yes,yes,26,PayPal,Annually
1489,23,male,Hat,Accessories,44,Hawaii,L,Pink,Winter,4,no,Standard,yes,yes,37,Credit Card,Weekly
1490,24,male,Jewelry,Accessories,26,Missouri,XL,Magenta,Summer,4.1,no,Next Day Air,yes,yes,42,Venmo,Quarterly
1491,66,male,Sneakers,Footwear,52,Louisiana,L,Olive,Spring,4.9,no,Express,yes,yes,15,Venmo,Bi-Weekly
1492,27,male,Shirt,Clothing,54,Arkansas,S,Black,Summer,2.7,no,Free Shipping,yes,yes,10,Bank Transfer,Quarterly
1493,62,male,Jacket,Outerwear,38,North Carolina,M,Maroon,Summer,4.5,no,Free Shipping,yes,yes,3,Venmo,Quarterly
1494,70,male,Belt,Accessories,44,North Dakota,S,Gold,Fall,2.7,no,Standard,yes,yes,44,Credit Card,Quarterly
1495,43,male,T-shirt,Clothing,76,Montana,M,Gray,Spring,3,no,Next Day Air,yes,yes,23,Bank Transfer,Fortnightly
1496,45,male,Jewelry,Accessories,23,Rhode Island,M,Brown,Winter,4.5,no,Next Day Air,yes,yes,6,PayPal,Weekly
1497,63,male,T-shirt,Clothing,98,Idaho,M,Purple,Winter,5,no,Standard,yes,yes,9,Venmo,Bi-Weekly
1498,69,male,Jacket,Outerwear,33,Michigan,S,Magenta,Spring,3.8,no,2-Day Shipping,yes,yes,16,Debit Card,Every 3 Months
1499,59,male,Sweater,Clothing,32,Illinois,M,Teal,Summer,3.1,no,Standard,yes,yes,46,Venmo,Fortnightly
1500,19,male,Boots,Footwear,85,Georgia,S,Olive,Fall,3.4,no,Free Shipping,yes,yes,24,Credit Card,Every 3 Months
1501,63,male,Jeans,Clothing,69,Alabama,L,Maroon,Summer,4.8,no,Next Day Air,yes,yes,22,Debit Card,Monthly
1502,37,male,Jeans,Clothing,55,Alaska,XL,Silver,Spring,2.7,no,Standard,yes,yes,13,Debit Card,Every 3 Months
1503,37,male,Pants,Clothing,66,Massachusetts,M,Black,Summer,3.2,no,Store Pickup,yes,yes,20,Cash,Fortnightly
1504,50,male,Jacket,Outerwear,30,Michigan,M,Maroon,Fall,3.9,no,2-Day Shipping,yes,yes,46,Cash,Quarterly
1505,60,male,Jacket,Outerwear,80,Alaska,M,Teal,Winter,4.2,no,Next Day Air,yes,yes,10,Bank Transfer,Monthly
1506,46,male,Belt,Accessories,20,North Dakota,M,Teal,Summer,3,no,Express,yes,yes,39,Cash,Monthly
1507,35,male,Shirt,Clothing,30,South Carolina,L,Beige,Fall,3,no,2-Day Shipping,yes,yes,44,PayPal,Quarterly
1508,66,male,Dress,Clothing,86,Pennsylvania,S,Maroon,Winter,3.7,no,2-Day Shipping,yes,yes,7,Venmo,Annually
1509,35,male,Blouse,Clothing,84,Colorado,L,Beige,Spring,4.4,no,Store Pickup,yes,yes,3,Cash,Every 3 Months
1510,20,male,Dress,Clothing,54,New Hampshire,XL,White,Summer,4.6,no,Free Shipping,yes,yes,44,Debit Card,Annually
1511,55,male,Blouse,Clothing,30,Maryland,XL,Gray,Fall,3,no,Free Shipping,yes,yes,31,Venmo,Annually
1512,34,male,Dress,Clothing,91,Georgia,M,Violet,Winter,3.6,no,Express,yes,yes,48,Credit Card,Weekly
1513,60,male,Sneakers,Footwear,23,Wisconsin,L,Silver,Winter,3.9,no,Standard,yes,yes,18,PayPal,Bi-Weekly
1514,22,male,Socks,Clothing,35,Texas,M,Red,Spring,4.1,no,Free Shipping,yes,yes,27,Cash,Monthly
1515,26,male,Shoes,Footwear,90,Utah,L,Brown,Winter,3.9,no,2-Day Shipping,yes,yes,1,Venmo,Weekly
1516,39,male,Jeans,Clothing,93,Indiana,S,Turquoise,Fall,3.9,no,2-Day Shipping,yes,yes,34,Cash,Weekly
1517,20,male,Jeans,Clothing,68,Nevada,L,Indigo,Winter,4.5,no,Express,yes,yes,5,Bank Transfer,Bi-Weekly
1518,57,male,Gloves,Accessories,41,New Hampshire,M,Violet,Spring,3.4,no,Standard,yes,yes,12,Cash,Quarterly
1519,68,male,Belt,Accessories,73,New York,M,Yellow,Winter,4.1,no,Next Day Air,yes,yes,14,Venmo,Fortnightly
1520,50,male,Sunglasses,Accessories,73,Texas,L,Cyan,Fall,4.9,no,Next Day Air,yes,yes,40,PayPal,Weekly
1521,21,male,Hat,Accessories,66,Iowa,M,Brown,Summer,4.4,no,2-Day Shipping,yes,yes,39,Cash,Quarterly
1522,29,male,Backpack,Accessories,59,Washington,M,White,Summer,2.7,no,2-Day Shipping,yes,yes,50,Bank Transfer,Weekly
1523,38,male,Shorts,Clothing,72,Tennessee,L,Yellow,Spring,4.8,no,Free Shipping,yes,yes,5,Debit Card,Monthly
1524,54,male,Socks,Clothing,88,Georgia,M,White,Summer,3.3,no,2-Day Shipping,yes,yes,35,Debit Card,Annually
1525,22,male,Socks,Clothing,76,Massachusetts,L,Pink,Summer,4.4,no,Free Shipping,yes,yes,6,Cash,Bi-Weekly
1526,29,male,Belt,Accessories,31,Oregon,M,Indigo,Winter,4.6,no,2-Day Shipping,yes,yes,22,Cash,Fortnightly
1527,41,male,Jacket,Outerwear,22,Oklahoma,L,White,Summer,3.1,no,Next Day Air,yes,yes,27,PayPal,Monthly
1528,26,male,Hat,Accessories,75,Wisconsin,L,Red,Fall,4.5,no,2-Day Shipping,yes,yes,33,Debit Card,Fortnightly
1529,69,male,T-shirt,Clothing,75,Oregon,S,Red,Spring,4,no,Store Pickup,yes,yes,47,Venmo,Bi-Weekly
1530,20,male,Backpack,Accessories,63,Georgia,M,Lavender,Winter,3.1,no,Free Shipping,yes,yes,48,Credit Card,Bi-Weekly
1531,59,male,Coat,Outerwear,21,New Mexico,M,Teal,Spring,3.9,no,Next Day Air,yes,yes,22,Bank Transfer,Quarterly
1532,63,male,Backpack,Accessories,83,Mississippi,S,Violet,Spring,4.5,no,Next Day Air,yes,yes,8,PayPal,Bi-Weekly
1533,68,male,Jacket,Outerwear,46,Wisconsin,S,Silver,Winter,4.4,no,Next Day Air,yes,yes,5,PayPal,Every 3 Months
1534,50,male,Shoes,Footwear,59,New Hampshire,M,Gold,Summer,3.6,no,2-Day Shipping,yes,yes,16,Bank Transfer,Quarterly
1535,55,male,Blouse,Clothing,66,Wyoming,M,Green,Summer,3.4,no,Free Shipping,yes,yes,26,Venmo,Fortnightly
1536,36,male,Sandals,Footwear,74,West Virginia,S,Turquoise,Fall,4,no,2-Day Shipping,yes,yes,8,Venmo,Monthly
1537,18,male,Sunglasses,Accessories,82,Michigan,M,Indigo,Summer,2.6,no,Store Pickup,yes,yes,17,Cash,Quarterly
1538,68,male,Shoes,Footwear,89,Alaska,L,Black,Spring,3.2,no,Next Day Air,yes,yes,50,Venmo,Annually
1539,56,male,Dress,Clothing,65,Illinois,L,Charcoal,Fall,3.2,no,Standard,yes,yes,22,Venmo,Bi-Weekly
1540,32,male,Belt,Accessories,55,Hawaii,M,Turquoise,Spring,5,no,2-Day Shipping,yes,yes,19,Cash,Every 3 Months
1541,28,male,Shorts,Clothing,95,Colorado,M,Red,Winter,2.9,no,Next Day Air,yes,yes,14,Bank Transfer,Monthly
1542,24,male,Handbag,Accessories,77,Illinois,S,Indigo,Winter,2.9,no,Store Pickup,yes,yes,35,Cash,Bi-Weekly
1543,59,male,Blouse,Clothing,44,Hawaii,M,Maroon,Winter,3.5,no,Next Day Air,yes,yes,43,PayPal,Weekly
1544,56,male,Jeans,Clothing,89,Wisconsin,M,Indigo,Fall,4,no,Standard,yes,yes,24,Venmo,Annually
1545,30,male,Jewelry,Accessories,24,Arkansas,M,Maroon,Spring,3.9,no,Standard,yes,yes,17,Debit Card,Bi-Weekly
1546,48,male,Belt,Accessories,43,Delaware,M,Black,Winter,4.9,no,Store Pickup,yes,yes,49,Bank Transfer,Annually
1547,60,male,Sneakers,Footwear,51,Oregon,XL,Purple,Summer,3.8,no,Express,yes,yes,17,Bank Transfer,Annually
1548,46,male,Hat,Accessories,46,South Carolina,L,Teal,Summer,3.5,no,Standard,yes,yes,40,Cash,Quarterly
1549,69,male,Dress,Clothing,32,Maryland,M,Silver,Summer,3.7,no,Store Pickup,yes,yes,43,Bank Transfer,Weekly
1550,19,male,Sneakers,Footwear,55,Kansas,M,Black,Spring,2.9,no,2-Day Shipping,yes,yes,19,Debit Card,Every 3 Months
1551,66,male,Sunglasses,Accessories,26,Arkansas,S,Black,Summer,2.8,no,Free Shipping,yes,yes,40,Bank Transfer,Quarterly
1552,64,male,Handbag,Accessories,29,Minnesota,M,Olive,Summer,3.7,no,2-Day Shipping,yes,yes,13,Credit Card,Monthly
1553,54,male,Blouse,Clothing,49,New Mexico,L,Purple,Spring,3,no,Express,yes,yes,20,Credit Card,Monthly
1554,27,male,Blouse,Clothing,45,Delaware,M,Indigo,Spring,4.8,no,Free Shipping,yes,yes,21,Debit Card,Quarterly
1555,64,male,Shorts,Clothing,48,Utah,S,Lavender,Winter,2.7,no,Standard,yes,yes,18,Cash,Bi-Weekly
1556,43,male,Shorts,Clothing,47,Ohio,S,Cyan,Winter,4.5,no,Free Shipping,yes,yes,44,Cash,Quarterly
1557,43,male,Hoodie,Clothing,57,Alabama,M,Gold,Fall,2.7,no,Standard,yes,yes,26,Credit Card,Quarterly
1558,27,male,Backpack,Accessories,34,South Dakota,L,Magenta,Fall,3.5,no,Next Day Air,yes,yes,34,PayPal,Quarterly
1559,35,male,Sunglasses,Accessories,75,New Mexico,XL,Teal,Fall,3.5,no,Express,yes,yes,24,Credit Card,Every 3 Months
1560,43,male,Scarf,Accessories,94,Oregon,L,Beige,Fall,4.5,no,Store Pickup,yes,yes,23,PayPal,Fortnightly
1561,57,male,Hat,Accessories,84,Oregon,M,Teal,Winter,3.8,no,Free Shipping,yes,yes,3,Debit Card,Weekly
1562,50,male,Scarf,Accessories,38,Mississippi,M,Indigo,Summer,3.8,no,Standard,yes,yes,2,Bank Transfer,Quarterly
1563,37,male,Scarf,Accessories,75,Alabama,M,Purple,Winter,3.2,no,Next Day Air,yes,yes,23,Venmo,Bi-Weekly
1564,68,male,Pants,Clothing,44,Kansas,M,Teal,Fall,4.3,no,Next Day Air,yes,yes,8,Cash,Weekly
1565,22,male,Backpack,Accessories,33,California,XL,Turquoise,Summer,4.5,no,Next Day Air,yes,yes,30,Debit Card,Every 3 Months
1566,58,male,Sunglasses,Accessories,93,Idaho,L,Peach,Fall,4.2,no,Free Shipping,yes,yes,48,PayPal,Annually
1567,48,male,Sneakers,Footwear,99,Wyoming,S,Green,Winter,3,no,Free Shipping,yes,yes,21,Cash,Bi-Weekly
1568,30,male,Backpack,Accessories,33,Minnesota,M,Turquoise,Spring,4.1,no,Standard,yes,yes,9,Cash,Monthly
1569,51,male,Sneakers,Footwear,76,Washington,L,Yellow,Spring,4.6,no,Store Pickup,yes,yes,8,Debit Card,Monthly
1570,20,male,Skirt,Clothing,63,Hawaii,M,Orange,Summer,2.9,no,Standard,yes,yes,29,Debit Card,Weekly
1571,30,male,Pants,Clothing,41,Missouri,L,Brown,Winter,4.8,no,Next Day Air,yes,yes,3,Bank Transfer,Every 3 Months
1572,28,male,Jewelry,Accessories,88,Colorado,L,Silver,Winter,4.5,no,Next Day Air,yes,yes,11,Bank Transfer,Fortnightly
1573,37,male,Skirt,Clothing,92,Washington,L,White,Summer,3.4,no,2-Day Shipping,yes,yes,16,Debit Card,Monthly
1574,36,male,T-shirt,Clothing,31,North Dakota,L,Indigo,Summer,4.3,no,2-Day Shipping,yes,yes,25,Debit Card,Weekly
1575,18,male,Skirt,Clothing,25,Minnesota,S,Magenta,Spring,4.2,no,Free Shipping,yes,yes,32,PayPal,Bi-Weekly
1576,52,male,Shirt,Clothing,28,California,M,Turquoise,Spring,3.6,no,Next Day Air,yes,yes,28,Cash,Fortnightly
1577,56,male,Dress,Clothing,75,Michigan,M,White,Spring,3.7,no,2-Day Shipping,yes,yes,36,PayPal,Monthly
1578,68,male,Boots,Footwear,34,Delaware,S,Olive,Spring,4,no,Standard,yes,yes,7,Venmo,Fortnightly
1579,62,male,Pants,Clothing,97,California,S,Maroon,Winter,4.9,no,2-Day Shipping,yes,yes,2,PayPal,Quarterly
1580,35,male,Jacket,Outerwear,80,Oklahoma,M,Violet,Summer,3.1,no,Free Shipping,yes,yes,6,Bank Transfer,Monthly
1581,65,male,Sneakers,Footwear,71,North Dakota,L,Cyan,Summer,3.7,no,Standard,yes,yes,30,Cash,Annually
1582,69,male,Jewelry,Accessories,77,Ohio,L,Teal,Fall,4.2,no,Free Shipping,yes,yes,46,Cash,Quarterly
1583,28,male,Belt,Accessories,41,Hawaii,L,Red,Spring,2.5,no,Next Day Air,yes,yes,39,Cash,Monthly
1584,37,male,Scarf,Accessories,92,Maryland,XL,Yellow,Summer,4.3,no,Next Day Air,yes,yes,8,Venmo,Annually
1585,41,male,Blouse,Clothing,95,Hawaii,S,Silver,Spring,3.1,no,Store Pickup,yes,yes,46,Credit Card,Quarterly
1586,37,male,Sweater,Clothing,25,Alabama,M,Charcoal,Fall,3,no,Next Day Air,yes,yes,40,Debit Card,Fortnightly
1587,25,male,Boots,Footwear,77,Oklahoma,M,Purple,Fall,4,no,Express,yes,yes,21,Bank Transfer,Weekly
1588,41,male,Socks,Clothing,99,Alabama,M,Beige,Summer,3.5,no,Free Shipping,yes,yes,33,Credit Card,Fortnightly
1589,48,male,Belt,Accessories,24,Vermont,L,Cyan,Winter,3.2,no,Next Day Air,yes,yes,3,Venmo,Monthly
1590,42,male,Sneakers,Footwear,72,Ohio,M,Silver,Summer,2.7,no,Store Pickup,yes,yes,48,Cash,Weekly
1591,54,male,Jeans,Clothing,80,Wisconsin,S,Pink,Winter,3,no,Free Shipping,yes,yes,8,PayPal,Annually
1592,18,male,Skirt,Clothing,100,South Dakota,L,Gold,Winter,2.9,no,Next Day Air,yes,yes,24,PayPal,Annually
1593,56,male,Shoes,Footwear,83,Iowa,M,Cyan,Summer,3.3,no,Free Shipping,yes,yes,10,Bank Transfer,Every 3 Months
1594,61,male,Dress,Clothing,95,Maryland,M,Black,Spring,4.9,no,2-Day Shipping,yes,yes,25,Bank Transfer,Monthly
1595,40,male,Handbag,Accessories,41,Colorado,XL,Charcoal,Summer,3.7,no,Store Pickup,yes,yes,3,Cash,Fortnightly
1596,34,male,Backpack,Accessories,35,Wisconsin,S,Magenta,Spring,3.5,no,Standard,yes,yes,45,Debit Card,Fortnightly
1597,42,male,Jewelry,Accessories,30,Mississippi,S,Pink,Fall,4.7,no,Store Pickup,yes,yes,15,Debit Card,Monthly
1598,43,male,Hat,Accessories,21,Mississippi,XL,Maroon,Winter,2.6,no,Store Pickup,yes,yes,34,Bank Transfer,Quarterly
1599,47,male,Jewelry,Accessories,85,California,M,Teal,Fall,4.1,no,Express,yes,yes,21,Venmo,Bi-Weekly
1600,48,male,Shirt,Clothing,54,Delaware,M,Orange,Winter,2.8,no,2-Day Shipping,yes,yes,22,Debit Card,Bi-Weekly
1601,20,male,Boots,Footwear,26,Montana,S,Yellow,Spring,4.7,no,Next Day Air,yes,yes,24,PayPal,Weekly
1602,65,male,Shirt,Clothing,59,Indiana,XL,Red,Spring,2.9,no,Store Pickup,yes,yes,33,Credit Card,Monthly
1603,54,male,Sunglasses,Accessories,48,West Virginia,S,Charcoal,Winter,2.8,no,Free Shipping,yes,yes,13,Venmo,Fortnightly
1604,23,male,Shorts,Clothing,98,Iowa,L,Black,Summer,4.3,no,Next Day Air,yes,yes,17,Debit Card,Bi-Weekly
1605,18,male,Sweater,Clothing,92,Maine,M,White,Summer,4.8,no,2-Day Shipping,yes,yes,25,Credit Card,Every 3 Months
1606,70,male,Belt,Accessories,46,Connecticut,M,Lavender,Winter,3.4,no,Next Day Air,yes,yes,15,Credit Card,Bi-Weekly
1607,55,male,T-shirt,Clothing,21,Kansas,S,White,Spring,4.3,no,Standard,yes,yes,4,PayPal,Fortnightly
1608,49,male,Shorts,Clothing,72,Vermont,S,Gray,Fall,2.7,no,Free Shipping,yes,yes,43,Debit Card,Quarterly
1609,26,male,Sandals,Footwear,58,Nebraska,XL,Cyan,Fall,4.6,no,Next Day Air,yes,yes,12,Bank Transfer,Bi-Weekly
1610,33,male,Shirt,Clothing,93,Nevada,S,Brown,Fall,4.1,no,Standard,yes,yes,3,Venmo,Monthly
1611,20,male,Socks,Clothing,31,Tennessee,L,Purple,Spring,3.4,no,2-Day Shipping,yes,yes,1,PayPal,Annually
1612,41,male,Pants,Clothing,26,Arkansas,L,Yellow,Winter,4.5,no,Next Day Air,yes,yes,6,Debit Card,Monthly
1613,18,male,Skirt,Clothing,68,Wisconsin,M,Indigo,Summer,4.4,no,Standard,yes,yes,26,Venmo,Monthly
1614,26,male,Jewelry,Accessories,31,Illinois,S,Black,Summer,4,no,Next Day Air,yes,yes,6,Credit Card,Fortnightly
1615,30,male,T-shirt,Clothing,41,Kansas,S,Gray,Summer,3.4,no,Free Shipping,yes,yes,22,Cash,Bi-Weekly
1616,64,male,Jewelry,Accessories,62,New York,M,Indigo,Fall,3.2,no,Standard,yes,yes,45,Cash,Bi-Weekly
1617,26,male,Hat,Accessories,41,Colorado,M,Green,Spring,3.4,no,Standard,yes,yes,50,Cash,Quarterly
1618,43,male,Blouse,Clothing,64,Wisconsin,M,Peach,Winter,4.3,no,Standard,yes,yes,50,Credit Card,Fortnightly
1619,63,male,Sandals,Footwear,72,Michigan,L,Purple,Summer,5,no,Standard,yes,yes,39,Debit Card,Quarterly
1620,57,male,Handbag,Accessories,78,Hawaii,L,Beige,Winter,3.5,no,Store Pickup,yes,yes,50,Venmo,Bi-Weekly
1621,25,male,Hat,Accessories,47,Virginia,M,Charcoal,Winter,3.1,no,2-Day Shipping,yes,yes,27,PayPal,Every 3 Months
1622,68,male,Scarf,Accessories,46,Ohio,L,Gray,Summer,3.9,no,2-Day Shipping,yes,yes,38,Debit Card,Fortnightly
1623,31,male,Shorts,Clothing,43,Missouri,S,Brown,Winter,4,no,Store Pickup,yes,yes,37,Bank Transfer,Every 3 Months
1624,64,male,Backpack,Accessories,58,Indiana,M,Cyan,Summer,3.5,no,Next Day Air,yes,yes,50,Debit Card,Annually
1625,38,male,Sweater,Clothing,32,Florida,M,White,Winter,3.6,no,Free Shipping,yes,yes,40,PayPal,Every 3 Months
1626,34,male,Skirt,Clothing,45,Minnesota,L,Beige,Winter,3,no,Next Day Air,yes,yes,3,PayPal,Bi-Weekly
1627,32,male,Sneakers,Footwear,35,Nevada,L,Orange,Summer,2.6,no,Next Day Air,yes,yes,45,Credit Card,Bi-Weekly
1628,69,male,Sunglasses,Accessories,21,Maine,M,Olive,Winter,2.9,no,Next Day Air,yes,yes,8,Credit Card,Annually
1629,45,male,Dress,Clothing,64,Massachusetts,S,Teal,Winter,3.1,no,Next Day Air,yes,yes,7,Cash,Monthly
1630,35,male,Blouse,Clothing,88,North Dakota,S,Silver,Spring,3.3,no,Next Day Air,yes,yes,13,Venmo,Quarterly
1631,63,male,Shoes,Footwear,48,New Jersey,M,Gold,Summer,2.9,no,Store Pickup,yes,yes,29,Venmo,Every 3 Months
1632,65,male,Sweater,Clothing,36,Indiana,L,Violet,Summer,3.9,no,2-Day Shipping,yes,yes,7,Bank Transfer,Fortnightly
1633,35,male,Gloves,Accessories,28,Oregon,S,White,Summer,4.7,no,2-Day Shipping,yes,yes,50,Debit Card,Every 3 Months
1634,54,male,Socks,Clothing,80,North Dakota,M,Peach,Spring,4.4,no,2-Day Shipping,yes,yes,33,Debit Card,Bi-Weekly
1635,28,male,Coat,Outerwear,23,South Carolina,S,Orange,Summer,3.6,no,Store Pickup,yes,yes,30,Cash,Every 3 Months
1636,68,male,Sunglasses,Accessories,24,North Carolina,L,Violet,Summer,3.2,no,Standard,yes,yes,40,Cash,Annually
1637,58,male,Boots,Footwear,22,North Dakota,L,Green,Fall,4,no,Free Shipping,yes,yes,49,Cash,Fortnightly
1638,35,male,Dress,Clothing,21,Massachusetts,M,Peach,Spring,3.5,no,Next Day Air,yes,yes,32,Venmo,Fortnightly
1639,68,male,Jacket,Outerwear,51,Tennessee,M,Black,Spring,4.6,no,Free Shipping,yes,yes,18,Venmo,Weekly
1640,41,male,Gloves,Accessories,65,Missouri,L,Blue,Summer,3.3,no,Free Shipping,yes,yes,50,PayPal,Annually
1641,65,male,Scarf,Accessories,51,Tennessee,S,Magenta,Spring,4,no,2-Day Shipping,yes,yes,13,PayPal,Weekly
1642,50,male,Hoodie,Clothing,32,Colorado,L,Violet,Summer,3.4,no,Free Shipping,yes,yes,1,Bank Transfer,Every 3 Months
1643,18,male,Coat,Outerwear,70,Mississippi,M,Beige,Spring,4.2,no,Store Pickup,yes,yes,16,PayPal,Fortnightly
1644,38,male,Scarf,Accessories,77,Ohio,L,Pink,Summer,3.9,no,2-Day Shipping,yes,yes,6,PayPal,Monthly
1645,68,male,Coat,Outerwear,90,North Carolina,S,Beige,Summer,3.9,no,Next Day Air,yes,yes,21,Debit Card,Monthly
1646,53,male,Scarf,Accessories,36,Ohio,L,Green,Summer,2.8,no,Standard,yes,yes,36,Venmo,Every 3 Months
1647,58,male,Handbag,Accessories,77,Nebraska,S,Silver,Summer,3.7,no,Standard,yes,yes,20,Bank Transfer,Every 3 Months
1648,34,male,Boots,Footwear,78,Hawaii,M,Purple,Summer,4.9,no,Store Pickup,yes,yes,8,Debit Card,Quarterly
1649,36,male,Pants,Clothing,69,Oklahoma,M,Gray,Summer,2.6,no,Express,yes,yes,22,Credit Card,Monthly
1650,58,male,T-shirt,Clothing,63,Wisconsin,M,White,Summer,4.9,no,Free Shipping,yes,yes,3,Credit Card,Quarterly
1651,60,male,Scarf,Accessories,36,Arkansas,M,Silver,Winter,3.4,no,Next Day Air,yes,yes,46,Credit Card,Fortnightly
1652,59,male,Coat,Outerwear,80,Texas,M,Blue,Winter,3.9,no,Standard,yes,yes,42,Debit Card,Monthly
1653,65,male,Sweater,Clothing,35,New Mexico,M,Orange,Summer,4,no,Next Day Air,yes,yes,1,Bank Transfer,Fortnightly
1654,31,male,Belt,Accessories,93,Colorado,L,Silver,Winter,3,no,2-Day Shipping,yes,yes,29,Debit Card,Bi-Weekly
1655,43,male,Belt,Accessories,25,Indiana,L,Gray,Spring,2.6,no,Store Pickup,yes,yes,14,Credit Card,Quarterly
1656,37,male,Sweater,Clothing,81,Arizona,L,Gold,Spring,3.2,no,Next Day Air,yes,yes,4,PayPal,Monthly
1657,21,male,Blouse,Clothing,42,Indiana,L,Brown,Spring,2.6,no,2-Day Shipping,yes,yes,41,PayPal,Every 3 Months
1658,69,male,Skirt,Clothing,36,Indiana,L,Turquoise,Spring,3.2,no,Store Pickup,yes,yes,4,Debit Card,Bi-Weekly
1659,32,male,Jewelry,Accessories,66,Alaska,S,Pink,Spring,4.1,no,Store Pickup,yes,yes,47,Cash,Weekly
1660,53,male,Gloves,Accessories,37,Utah,M,Black,Fall,3.9,no,Next Day Air,yes,yes,44,Venmo,Annually
1661,59,male,T-shirt,Clothing,45,Louisiana,L,Yellow,Winter,4.1,no,Standard,yes,yes,37,Venmo,Monthly
1662,64,male,Gloves,Accessories,86,Iowa,S,Beige,Summer,2.7,no,2-Day Shipping,yes,yes,21,Debit Card,Quarterly
1663,63,male,Sunglasses,Accessories,24,New Mexico,M,Olive,Winter,4.6,no,Free Shipping,yes,yes,46,Debit Card,Fortnightly
1664,43,male,Shirt,Clothing,22,Maine,XL,Gold,Summer,3.5,no,Standard,yes,yes,1,Cash,Bi-Weekly
1665,19,male,Handbag,Accessories,53,Minnesota,M,Purple,Spring,5,no,Next Day Air,yes,yes,35,PayPal,Weekly
1666,40,male,Jacket,Outerwear,41,New Mexico,L,Pink,Fall,3.4,no,Next Day Air,yes,yes,49,Venmo,Monthly
1667,51,male,Skirt,Clothing,64,Arkansas,M,Blue,Summer,3.1,no,Store Pickup,yes,yes,47,PayPal,Annually
1668,51,male,Handbag,Accessories,40,Oklahoma,L,Brown,Winter,3.4,no,2-Day Shipping,yes,yes,24,Bank Transfer,Every 3 Months
1669,66,male,Blouse,Clothing,33,Utah,L,Charcoal,Summer,4,no,Standard,yes,yes,28,Debit Card,Fortnightly
1670,42,male,T-shirt,Clothing,59,Wisconsin,L,Maroon,Winter,2.7,no,Store Pickup,yes,yes,22,Bank Transfer,Quarterly
1671,22,male,Pants,Clothing,73,Utah,L,Cyan,Fall,3.6,no,Free Shipping,yes,yes,20,Cash,Weekly
1672,31,male,Hoodie,Clothing,22,Utah,M,Olive,Winter,4,no,Free Shipping,yes,yes,25,Bank Transfer,Weekly
1673,18,male,Boots,Footwear,73,South Carolina,L,Gold,Fall,3.8,no,Free Shipping,yes,yes,15,Venmo,Quarterly
1674,21,male,Blouse,Clothing,62,Hawaii,M,Violet,Fall,3.4,no,Next Day Air,yes,yes,49,Venmo,Bi-Weekly
1675,35,male,Coat,Outerwear,56,Alaska,M,Peach,Winter,3.2,no,Free Shipping,yes,yes,10,Debit Card,Fortnightly
1676,35,male,Pants,Clothing,90,Colorado,M,Beige,Spring,4.7,no,Next Day Air,yes,yes,21,Credit Card,Annually
1677,27,male,Sunglasses,Accessories,44,West Virginia,M,Cyan,Winter,3.1,no,Next Day Air,yes,yes,34,Bank Transfer,Weekly
1678,65,male,Jeans,Clothing,35,Oregon,L,Silver,Summer,3.3,no,Next Day Air,no,no,41,Debit Card,Weekly
1679,41,male,Pants,Clothing,71,Ohio,S,Magenta,Summer,4.8,no,2-Day Shipping,no,no,30,Venmo,Fortnightly
1680,60,male,Dress,Clothing,52,Massachusetts,S,Black,Fall,4.5,no,Next Day Air,no,no,24,Debit Card,Bi-Weekly
1681,61,male,Shoes,Footwear,37,Louisiana,M,Olive,Summer,3.4,no,Store Pickup,no,no,6,Credit Card,Annually
1682,24,male,Sneakers,Footwear,95,Virginia,L,Green,Winter,3.7,no,2-Day Shipping,no,no,14,Credit Card,Bi-Weekly
1683,65,male,Socks,Clothing,97,New York,M,Yellow,Fall,4.9,no,2-Day Shipping,no,no,37,Credit Card,Bi-Weekly
1684,23,male,Coat,Outerwear,57,Arkansas,S,Lavender,Spring,3.5,no,Next Day Air,no,no,37,Venmo,Quarterly
1685,30,male,Shirt,Clothing,93,New Mexico,M,Indigo,Spring,4.6,no,Standard,no,no,28,PayPal,Weekly
1686,33,male,Blouse,Clothing,48,Minnesota,M,Pink,Winter,4.6,no,Standard,no,no,43,PayPal,Bi-Weekly
1687,22,male,Gloves,Accessories,75,Illinois,L,Red,Fall,4.2,no,Store Pickup,no,no,25,Cash,Annually
1688,67,male,Skirt,Clothing,70,Georgia,S,Magenta,Winter,3.7,no,Free Shipping,no,no,4,PayPal,Annually
1689,28,male,Handbag,Accessories,26,Mississippi,S,Peach,Winter,3,no,Next Day Air,no,no,13,Venmo,Fortnightly
1690,32,male,Shirt,Clothing,73,North Carolina,L,Turquoise,Winter,4.6,no,Store Pickup,no,no,32,Bank Transfer,Monthly
1691,40,male,Coat,Outerwear,30,Nevada,M,Black,Summer,3.2,no,Free Shipping,no,no,1,Cash,Annually
1692,64,male,Shoes,Footwear,61,Connecticut,L,Blue,Summer,3.5,no,Next Day Air,no,no,4,Cash,Annually
1693,56,male,Handbag,Accessories,75,Utah,M,Beige,Winter,2.6,no,Standard,no,no,33,Cash,Bi-Weekly
1694,63,male,Jacket,Outerwear,88,Tennessee,XL,Olive,Fall,4.9,no,Standard,no,no,45,Bank Transfer,Fortnightly
1695,20,male,Shirt,Clothing,67,Mississippi,M,Turquoise,Summer,2.7,no,Express,no,no,20,Debit Card,Fortnightly
1696,54,male,Hat,Accessories,95,Nebraska,S,Yellow,Fall,4.7,no,2-Day Shipping,no,no,1,PayPal,Fortnightly
1697,31,male,Sunglasses,Accessories,69,West Virginia,S,Turquoise,Spring,4,no,Free Shipping,no,no,7,Credit Card,Bi-Weekly
1698,36,male,Shirt,Clothing,87,South Carolina,L,Lavender,Fall,3.5,no,Next Day Air,no,no,48,Credit Card,Every 3 Months
1699,25,male,Belt,Accessories,41,Iowa,XL,Turquoise,Winter,4.8,no,Standard,no,no,46,Bank Transfer,Quarterly
1700,20,male,Sweater,Clothing,67,North Dakota,L,Teal,Spring,4,no,Free Shipping,no,no,34,Debit Card,Annually
1701,62,male,Hoodie,Clothing,70,West Virginia,L,Black,Fall,4.1,no,Express,no,no,36,Bank Transfer,Monthly
1702,69,male,Handbag,Accessories,41,Mississippi,XL,Blue,Winter,3.8,no,Next Day Air,no,no,44,Debit Card,Every 3 Months
1703,54,male,Jeans,Clothing,83,Alabama,XL,Yellow,Summer,5,no,Express,no,no,48,Bank Transfer,Weekly
1704,39,male,Backpack,Accessories,22,California,M,Black,Spring,4,no,Next Day Air,no,no,12,Bank Transfer,Annually
1705,56,male,Sneakers,Footwear,20,Idaho,M,Lavender,Summer,3.9,no,Store Pickup,no,no,19,Cash,Every 3 Months
1706,39,male,Jewelry,Accessories,29,South Dakota,L,Cyan,Summer,3.4,no,2-Day Shipping,no,no,49,Venmo,Bi-Weekly
1707,37,male,Sunglasses,Accessories,87,North Dakota,M,Brown,Spring,3,no,Standard,no,no,25,Venmo,Fortnightly
1708,25,male,Shorts,Clothing,81,Nevada,L,Maroon,Fall,4.9,no,2-Day Shipping,no,no,25,Cash,Bi-Weekly
1709,35,male,Boots,Footwear,58,Florida,L,Cyan,Spring,3.2,no,Express,no,no,1,Credit Card,Quarterly
1710,45,male,Skirt,Clothing,83,Indiana,M,Pink,Winter,3.8,no,Standard,no,no,19,Bank Transfer,Annually
1711,19,male,Pants,Clothing,59,Arkansas,XL,Orange,Fall,3.8,no,Store Pickup,no,no,7,Credit Card,Quarterly
1712,21,male,T-shirt,Clothing,93,North Carolina,M,Lavender,Spring,4.7,no,Express,no,no,19,Credit Card,Monthly
1713,65,male,T-shirt,Clothing,87,Illinois,S,Beige,Fall,3.8,no,2-Day Shipping,no,no,9,Cash,Fortnightly
1714,49,male,Jacket,Outerwear,22,Missouri,M,Pink,Winter,4.6,no,Free Shipping,no,no,37,PayPal,Quarterly
1715,30,male,Jeans,Clothing,71,South Dakota,S,Charcoal,Summer,4.4,no,Standard,no,no,15,Cash,Monthly
1716,23,male,Dress,Clothing,69,Idaho,XL,Gray,Spring,3.4,no,2-Day Shipping,no,no,30,PayPal,Bi-Weekly
1717,69,male,Blouse,Clothing,47,Connecticut,M,Cyan,Winter,4.7,no,Standard,no,no,30,Cash,Every 3 Months
1718,29,male,Hoodie,Clothing,50,Hawaii,L,Orange,Summer,2.9,no,Express,no,no,16,Debit Card,Bi-Weekly
1719,54,male,T-shirt,Clothing,96,Maryland,L,Pink,Winter,3.4,no,2-Day Shipping,no,no,14,PayPal,Every 3 Months
1720,45,male,Sweater,Clothing,39,Maryland,M,White,Winter,3.2,no,Free Shipping,no,no,8,Venmo,Quarterly
1721,25,male,Shorts,Clothing,84,Massachusetts,S,Beige,Winter,2.8,no,Express,no,no,40,Debit Card,Bi-Weekly
1722,34,male,Jewelry,Accessories,28,Delaware,S,Magenta,Spring,4.3,no,Free Shipping,no,no,24,Credit Card,Monthly
1723,46,male,T-shirt,Clothing,51,Massachusetts,L,Violet,Summer,3.3,no,Standard,no,no,14,Cash,Fortnightly
1724,70,male,Scarf,Accessories,20,New York,XL,Gold,Spring,3.3,no,Standard,no,no,39,PayPal,Annually
1725,42,male,Shoes,Footwear,72,Delaware,S,Teal,Winter,3.3,no,Free Shipping,no,no,21,PayPal,Weekly
1726,45,male,Sunglasses,Accessories,33,Massachusetts,M,Indigo,Spring,3,no,Next Day Air,no,no,32,Venmo,Quarterly
1727,57,male,Coat,Outerwear,28,Indiana,S,Olive,Summer,2.8,no,Express,no,no,45,Debit Card,Weekly
1728,49,male,Blouse,Clothing,53,Virginia,S,Violet,Spring,4,no,Express,no,no,19,PayPal,Monthly
1729,23,male,Jeans,Clothing,48,Wyoming,L,Black,Fall,4.3,no,Express,no,no,1,Debit Card,Every 3 Months
1730,47,male,Shorts,Clothing,21,Illinois,M,Brown,Winter,3.8,no,Store Pickup,no,no,12,Venmo,Fortnightly
1731,23,male,Shirt,Clothing,22,Alabama,S,Silver,Fall,4.2,no,Free Shipping,no,no,26,Credit Card,Weekly
1732,21,male,Backpack,Accessories,87,Idaho,M,Gray,Fall,3.1,no,Next Day Air,no,no,12,Cash,Monthly
1733,45,male,Belt,Accessories,50,Rhode Island,S,Charcoal,Winter,2.6,no,Free Shipping,no,no,36,Cash,Every 3 Months
1734,67,male,Blouse,Clothing,85,New York,L,Black,Summer,3.4,no,Express,no,no,22,Credit Card,Annually
1735,31,male,Jeans,Clothing,98,Missouri,L,Brown,Spring,3.1,no,Next Day Air,no,no,16,PayPal,Quarterly
1736,58,male,Dress,Clothing,34,Texas,M,Purple,Winter,3.6,no,Express,no,no,31,Venmo,Annually
1737,57,male,Shorts,Clothing,61,Tennessee,M,Purple,Summer,2.6,no,2-Day Shipping,no,no,43,Cash,Quarterly
1738,42,male,Jewelry,Accessories,98,Ohio,L,Gray,Summer,4.2,no,Store Pickup,no,no,50,Venmo,Bi-Weekly
1739,60,male,Handbag,Accessories,61,Tennessee,M,Green,Spring,2.9,no,2-Day Shipping,no,no,37,Credit Card,Weekly
1740,21,male,Jewelry,Accessories,98,Minnesota,L,Silver,Winter,4.2,no,Express,no,no,23,Cash,Weekly
1741,69,male,Pants,Clothing,21,Wisconsin,L,Charcoal,Fall,3.3,no,Next Day Air,no,no,10,Bank Transfer,Every 3 Months
1742,41,male,Pants,Clothing,51,Delaware,XL,Teal,Winter,3.6,no,Next Day Air,no,no,20,Bank Transfer,Monthly
1743,51,male,Sandals,Footwear,80,Kansas,XL,White,Spring,4.3,no,Express,no,no,18,Venmo,Every 3 Months
1744,23,male,Skirt,Clothing,72,Missouri,XL,Brown,Winter,3.3,no,Standard,no,no,3,Bank Transfer,Weekly
1745,57,male,Sunglasses,Accessories,63,Michigan,L,Teal,Winter,3,no,Standard,no,no,23,PayPal,Weekly
1746,40,male,Skirt,Clothing,27,West Virginia,L,Red,Winter,3.6,no,Store Pickup,no,no,27,Cash,Weekly
1747,65,male,Handbag,Accessories,44,Alabama,L,Brown,Summer,3.1,no,Store Pickup,no,no,44,Bank Transfer,Fortnightly
1748,61,male,Coat,Outerwear,23,New Hampshire,M,Yellow,Winter,2.9,no,Express,no,no,41,Venmo,Quarterly
1749,34,male,Skirt,Clothing,93,Montana,L,Teal,Winter,3.9,no,2-Day Shipping,no,no,41,Bank Transfer,Annually
1750,43,male,Hoodie,Clothing,70,Wyoming,L,Pink,Fall,3.2,no,2-Day Shipping,no,no,36,Debit Card,Every 3 Months
1751,31,male,Sunglasses,Accessories,85,Missouri,M,White,Fall,3.1,no,Express,no,no,38,Venmo,Every 3 Months
1752,57,male,Sweater,Clothing,40,Ohio,M,Silver,Winter,3.2,no,2-Day Shipping,no,no,34,Cash,Annually
1753,34,male,Boots,Footwear,29,South Dakota,L,Blue,Winter,3.3,no,Store Pickup,no,no,14,Venmo,Quarterly
1754,25,male,Skirt,Clothing,27,Colorado,L,Black,Fall,4.8,no,Next Day Air,no,no,23,Credit Card,Fortnightly
1755,66,male,Dress,Clothing,93,Massachusetts,S,Beige,Fall,3.8,no,2-Day Shipping,no,no,18,Credit Card,Fortnightly
1756,56,male,Belt,Accessories,20,Delaware,XL,Charcoal,Spring,4.6,no,Next Day Air,no,no,45,Cash,Monthly
1757,49,male,Jewelry,Accessories,55,New Hampshire,S,Cyan,Fall,2.8,no,Free Shipping,no,no,14,Bank Transfer,Weekly
1758,19,male,Dress,Clothing,94,Michigan,L,Yellow,Fall,3.6,no,Standard,no,no,48,Debit Card,Annually
1759,27,male,Hat,Accessories,56,Pennsylvania,M,Silver,Winter,4.3,no,Free Shipping,no,no,17,Venmo,Bi-Weekly
1760,68,male,Sweater,Clothing,58,Louisiana,L,Green,Spring,4,no,Next Day Air,no,no,1,PayPal,Weekly
1761,20,male,Skirt,Clothing,44,Minnesota,XL,Peach,Spring,3.5,no,Standard,no,no,39,PayPal,Weekly
1762,21,male,Hoodie,Clothing,95,Hawaii,S,Green,Fall,4.9,no,2-Day Shipping,no,no,24,Cash,Weekly
1763,36,male,Sandals,Footwear,42,Idaho,M,Brown,Summer,3.1,no,Express,no,no,41,Bank Transfer,Fortnightly
1764,37,male,Jewelry,Accessories,93,Vermont,M,Lavender,Winter,3.9,no,Store Pickup,no,no,28,PayPal,Annually
1765,61,male,Dress,Clothing,56,Delaware,M,Charcoal,Summer,3,no,Store Pickup,no,no,34,Venmo,Quarterly
1766,68,male,Hoodie,Clothing,88,New Mexico,M,Orange,Spring,4.1,no,2-Day Shipping,no,no,41,Venmo,Quarterly
1767,60,male,Sweater,Clothing,54,Alaska,S,Cyan,Winter,4.3,no,2-Day Shipping,no,no,27,Cash,Bi-Weekly
1768,69,male,Jewelry,Accessories,89,Minnesota,L,Lavender,Fall,3.8,no,2-Day Shipping,no,no,46,Debit Card,Fortnightly
1769,25,male,Sandals,Footwear,45,Nebraska,M,Indigo,Summer,3.9,no,2-Day Shipping,no,no,2,PayPal,Every 3 Months
1770,32,male,Socks,Clothing,75,Alaska,L,Brown,Winter,4.3,no,Free Shipping,no,no,45,Cash,Monthly
1771,53,male,Backpack,Accessories,22,Michigan,M,Pink,Fall,4.3,no,Express,no,no,34,Bank Transfer,Weekly
1772,46,male,Shirt,Clothing,82,Indiana,XL,Turquoise,Fall,4.7,no,Store Pickup,no,no,9,Credit Card,Annually
1773,58,male,Shoes,Footwear,34,Hawaii,M,Gold,Summer,3.1,no,2-Day Shipping,no,no,1,Bank Transfer,Annually
1774,21,male,Coat,Outerwear,92,West Virginia,M,Blue,Summer,2.7,no,Free Shipping,no,no,17,PayPal,Annually
1775,46,male,Sweater,Clothing,78,New York,M,Lavender,Spring,3.7,no,Express,no,no,6,PayPal,Weekly
1776,18,male,Jacket,Outerwear,47,Iowa,M,Violet,Spring,3.3,no,2-Day Shipping,no,no,12,Cash,Bi-Weekly
1777,56,male,Jacket,Outerwear,64,Arizona,L,Cyan,Summer,3.4,no,Free Shipping,no,no,10,Venmo,Every 3 Months
1778,18,male,Sneakers,Footwear,44,Minnesota,L,Purple,Winter,4.7,no,Free Shipping,no,no,4,Cash,Fortnightly
1779,49,male,Belt,Accessories,94,Texas,M,Red,Winter,4.9,no,Store Pickup,no,no,8,Debit Card,Bi-Weekly
1780,29,male,Scarf,Accessories,62,Virginia,M,Charcoal,Winter,4.3,no,Free Shipping,no,no,41,Venmo,Weekly
1781,67,male,Jewelry,Accessories,81,North Dakota,S,Gray,Summer,4.2,no,Next Day Air,no,no,49,Credit Card,Weekly
1782,31,male,T-shirt,Clothing,33,Iowa,M,Pink,Fall,3.7,no,Express,no,no,49,Bank Transfer,Quarterly
1783,52,male,Pants,Clothing,88,Utah,M,Lavender,Fall,2.7,no,Next Day Air,no,no,40,Bank Transfer,Fortnightly
1784,42,male,Handbag,Accessories,49,Ohio,L,Lavender,Winter,3.3,no,Free Shipping,no,no,30,Credit Card,Monthly
1785,32,male,Backpack,Accessories,31,Louisiana,L,Yellow,Summer,4.8,no,Standard,no,no,4,Debit Card,Quarterly
1786,47,male,Gloves,Accessories,29,Iowa,S,Peach,Fall,4.1,no,Next Day Air,no,no,22,Venmo,Monthly
1787,45,male,Jacket,Outerwear,34,Maryland,M,Brown,Spring,4.6,no,2-Day Shipping,no,no,22,Venmo,Monthly
1788,20,male,Sweater,Clothing,38,Montana,L,Gold,Fall,4.9,no,2-Day Shipping,no,no,10,Bank Transfer,Quarterly
1789,66,male,Blouse,Clothing,41,Illinois,L,Pink,Summer,3.1,no,Store Pickup,no,no,23,Cash,Bi-Weekly
1790,52,male,Blouse,Clothing,34,Arizona,L,Peach,Spring,3,no,2-Day Shipping,no,no,43,Debit Card,Quarterly
1791,50,male,Gloves,Accessories,26,North Carolina,S,Violet,Summer,3.7,no,Store Pickup,no,no,31,PayPal,Bi-Weekly
1792,62,male,Jeans,Clothing,98,Montana,S,Purple,Winter,4,no,Store Pickup,no,no,38,Cash,Annually
1793,38,male,Sneakers,Footwear,59,Iowa,M,Peach,Fall,3,no,Express,no,no,22,Debit Card,Every 3 Months
1794,65,male,Hat,Accessories,92,Iowa,S,White,Fall,3.8,no,Store Pickup,no,no,45,Cash,Every 3 Months
1795,60,male,Backpack,Accessories,40,Ohio,L,Indigo,Spring,3.7,no,Express,no,no,21,Debit Card,Fortnightly
1796,68,male,Jeans,Clothing,20,Wisconsin,S,Violet,Fall,4,no,2-Day Shipping,no,no,9,Debit Card,Fortnightly
1797,62,male,Skirt,Clothing,35,South Carolina,S,Brown,Spring,3.1,no,Store Pickup,no,no,34,Venmo,Weekly
1798,62,male,Belt,Accessories,35,Oregon,L,Maroon,Spring,3.9,no,2-Day Shipping,no,no,26,Venmo,Weekly
1799,40,male,Dress,Clothing,82,North Dakota,L,Magenta,Winter,3.7,no,Express,no,no,1,Cash,Weekly
1800,32,male,Hoodie,Clothing,48,California,M,Charcoal,Fall,3.9,no,Express,no,no,47,Venmo,Weekly
1801,22,male,Coat,Outerwear,58,Mississippi,XL,Indigo,Winter,2.7,no,Express,no,no,30,Credit Card,Weekly
1802,33,male,Sweater,Clothing,57,New Jersey,M,Turquoise,Spring,3.9,no,Express,no,no,48,Debit Card,Fortnightly
1803,57,male,Shorts,Clothing,96,Rhode Island,L,Turquoise,Winter,2.6,no,Store Pickup,no,no,31,Venmo,Bi-Weekly
1804,60,male,Sneakers,Footwear,97,New Hampshire,S,Gray,Summer,3.5,no,Free Shipping,no,no,33,Venmo,Fortnightly
1805,30,male,Sweater,Clothing,42,Louisiana,L,Peach,Winter,4.4,no,Next Day Air,no,no,39,Credit Card,Weekly
1806,41,male,T-shirt,Clothing,62,Arizona,L,Gold,Spring,4.9,no,Store Pickup,no,no,46,Debit Card,Weekly
1807,58,male,Handbag,Accessories,67,Rhode Island,M,Green,Fall,3.9,no,Standard,no,no,24,Venmo,Annually
1808,34,male,Sneakers,Footwear,46,Vermont,L,Gold,Summer,3.5,no,Standard,no,no,37,Venmo,Fortnightly
1809,67,male,Jacket,Outerwear,71,Tennessee,M,Lavender,Spring,4.3,no,Next Day Air,no,no,7,Debit Card,Monthly
1810,58,male,Backpack,Accessories,99,Alaska,S,Blue,Fall,3.4,no,Free Shipping,no,no,6,Debit Card,Fortnightly
1811,41,male,Jeans,Clothing,28,Maryland,M,Magenta,Fall,2.7,no,Standard,no,no,16,Cash,Bi-Weekly
1812,42,male,Belt,Accessories,77,Wisconsin,L,Blue,Summer,3.6,no,Standard,no,no,33,Bank Transfer,Annually
1813,50,male,Boots,Footwear,63,Nevada,S,Blue,Summer,4.9,no,Express,no,no,18,PayPal,Bi-Weekly
1814,40,male,Shorts,Clothing,62,Illinois,M,Olive,Spring,3.5,no,Free Shipping,no,no,24,PayPal,Weekly
1815,32,male,Jeans,Clothing,92,Montana,M,White,Summer,3.8,no,Free Shipping,no,no,24,Cash,Quarterly
1816,51,male,Shoes,Footwear,72,New Mexico,L,White,Winter,4.5,no,2-Day Shipping,no,no,48,Credit Card,Every 3 Months
1817,26,male,Hat,Accessories,79,Virginia,M,Purple,Summer,4,no,Express,no,no,4,Cash,Weekly
1818,32,male,T-shirt,Clothing,27,Delaware,M,White,Summer,4.7,no,Free Shipping,no,no,20,Cash,Weekly
1819,58,male,Sunglasses,Accessories,39,North Carolina,M,White,Fall,3.8,no,Express,no,no,47,Debit Card,Every 3 Months
1820,51,male,Socks,Clothing,86,Nevada,S,Peach,Spring,4.5,no,Next Day Air,no,no,50,Cash,Quarterly
1821,19,male,Shirt,Clothing,94,Washington,XL,Gold,Fall,5,no,Express,no,no,31,PayPal,Monthly
1822,57,male,Shorts,Clothing,53,Maine,M,Teal,Spring,2.8,no,Express,no,no,29,PayPal,Quarterly
1823,66,male,Shirt,Clothing,85,Connecticut,S,Cyan,Summer,4.4,no,Standard,no,no,4,Cash,Annually
1824,62,male,Socks,Clothing,50,Louisiana,L,Pink,Fall,4.7,no,Free Shipping,no,no,40,Bank Transfer,Bi-Weekly
1825,58,male,Pants,Clothing,47,Illinois,XL,Magenta,Winter,3.8,no,Express,no,no,31,Cash,Monthly
1826,23,male,Boots,Footwear,75,South Dakota,M,Pink,Winter,4.9,no,Next Day Air,no,no,41,Credit Card,Weekly
1827,45,male,T-shirt,Clothing,60,Indiana,M,Turquoise,Winter,4.2,no,Express,no,no,44,Debit Card,Annually
1828,20,male,T-shirt,Clothing,36,Vermont,S,Pink,Spring,4.9,no,2-Day Shipping,no,no,31,Bank Transfer,Weekly
1829,33,male,Coat,Outerwear,80,New Hampshire,L,Gray,Spring,3.9,no,Express,no,no,45,Cash,Every 3 Months
1830,30,male,Hat,Accessories,96,Oregon,M,White,Spring,4.9,no,2-Day Shipping,no,no,50,Credit Card,Quarterly
1831,50,male,Sunglasses,Accessories,80,Kansas,M,Blue,Winter,4.8,no,Express,no,no,7,Venmo,Annually
1832,62,male,Blouse,Clothing,71,Maine,M,Cyan,Summer,3.3,no,Free Shipping,no,no,5,Bank Transfer,Every 3 Months
1833,69,male,Jewelry,Accessories,29,Louisiana,M,Blue,Fall,4.6,no,Free Shipping,no,no,48,Cash,Monthly
1834,34,male,Jewelry,Accessories,53,Louisiana,M,Yellow,Spring,4.5,no,2-Day Shipping,no,no,19,PayPal,Fortnightly
1835,49,male,Skirt,Clothing,35,Indiana,M,Charcoal,Summer,4.1,no,2-Day Shipping,no,no,39,Venmo,Fortnightly
1836,65,male,Scarf,Accessories,75,Kentucky,M,Lavender,Fall,3.2,no,2-Day Shipping,no,no,45,Credit Card,Quarterly
1837,66,male,Pants,Clothing,52,South Carolina,M,Teal,Fall,4.2,no,2-Day Shipping,no,no,35,Credit Card,Monthly
1838,41,male,Hat,Accessories,77,Montana,M,Beige,Winter,4.8,no,Free Shipping,no,no,8,Venmo,Monthly
1839,37,male,Gloves,Accessories,24,Vermont,L,Blue,Fall,4.1,no,Next Day Air,no,no,11,Credit Card,Quarterly
1840,32,male,Shirt,Clothing,78,Mississippi,XL,Purple,Winter,3.7,no,Store Pickup,no,no,32,Cash,Annually
1841,42,male,Sandals,Footwear,98,Wyoming,M,Gold,Winter,2.6,no,Store Pickup,no,no,46,Bank Transfer,Every 3 Months
1842,31,male,Socks,Clothing,57,Vermont,L,Blue,Winter,3,no,Standard,no,no,7,PayPal,Every 3 Months
1843,61,male,Handbag,Accessories,78,Alabama,M,Black,Summer,4.4,no,Express,no,no,1,Debit Card,Annually
1844,36,male,Jacket,Outerwear,76,Kentucky,M,Charcoal,Fall,4.7,no,Next Day Air,no,no,32,Credit Card,Monthly
1845,60,male,Shorts,Clothing,26,South Dakota,M,Purple,Spring,2.7,no,2-Day Shipping,no,no,31,Credit Card,Annually
1846,51,male,Sandals,Footwear,78,Delaware,M,Orange,Winter,2.8,no,2-Day Shipping,no,no,39,Bank Transfer,Quarterly
1847,68,male,Scarf,Accessories,53,Wisconsin,M,Yellow,Summer,2.9,no,Standard,no,no,9,Venmo,Quarterly
1848,46,male,Sandals,Footwear,100,Arizona,XL,Cyan,Summer,4.4,no,Free Shipping,no,no,49,Credit Card,Weekly
1849,19,male,Jeans,Clothing,73,Maine,XL,Yellow,Winter,2.7,no,Express,no,no,34,Cash,Every 3 Months
1850,30,male,Skirt,Clothing,40,New Mexico,M,Maroon,Winter,4.5,no,Store Pickup,no,no,35,Bank Transfer,Monthly
1851,51,male,Gloves,Accessories,76,Wyoming,S,Black,Winter,2.8,no,Store Pickup,no,no,50,Debit Card,Weekly
1852,28,male,Skirt,Clothing,80,Delaware,S,Lavender,Fall,3.1,no,Free Shipping,no,no,4,Bank Transfer,Fortnightly
1853,41,male,Sweater,Clothing,80,Pennsylvania,XL,Violet,Winter,3.8,no,Store Pickup,no,no,32,Cash,Weekly
1854,29,male,Blouse,Clothing,67,North Dakota,XL,Olive,Spring,2.9,no,Express,no,no,11,PayPal,Fortnightly
1855,25,male,Sweater,Clothing,61,Kentucky,M,Teal,Spring,3.8,no,Express,no,no,49,Credit Card,Annually
1856,60,male,Shirt,Clothing,76,Rhode Island,XL,Teal,Spring,4.7,no,Standard,no,no,9,Cash,Annually
1857,63,male,Jewelry,Accessories,55,Arizona,XL,Beige,Summer,3.2,no,Free Shipping,no,no,30,PayPal,Bi-Weekly
1858,51,male,T-shirt,Clothing,85,Colorado,L,Maroon,Summer,4,no,Next Day Air,no,no,33,Cash,Monthly
1859,22,male,Scarf,Accessories,69,Maine,S,Peach,Spring,4.9,no,2-Day Shipping,no,no,8,Debit Card,Annually
1860,54,male,Belt,Accessories,26,New Jersey,L,Beige,Summer,3.7,no,Store Pickup,no,no,29,Debit Card,Fortnightly
1861,18,male,T-shirt,Clothing,64,Kansas,M,Silver,Summer,4.8,no,Next Day Air,no,no,4,Credit Card,Monthly
1862,29,male,Sneakers,Footwear,60,South Dakota,S,Peach,Fall,3.6,no,Standard,no,no,19,Debit Card,Monthly
1863,59,male,Gloves,Accessories,36,New Hampshire,M,Turquoise,Winter,4.6,no,Express,no,no,10,PayPal,Fortnightly
1864,25,male,Sandals,Footwear,21,Connecticut,L,Orange,Spring,4.3,no,2-Day Shipping,no,no,39,Debit Card,Monthly
1865,19,male,Backpack,Accessories,72,Wyoming,S,Cyan,Fall,3.2,no,2-Day Shipping,no,no,21,Venmo,Quarterly
1866,56,male,Pants,Clothing,62,Missouri,S,Silver,Summer,3.8,no,Store Pickup,no,no,12,Bank Transfer,Monthly
1867,31,male,T-shirt,Clothing,44,Alaska,XL,Gold,Winter,4.2,no,Standard,no,no,9,Credit Card,Fortnightly
1868,45,male,Skirt,Clothing,52,Delaware,M,Brown,Fall,3.4,no,2-Day Shipping,no,no,20,Venmo,Quarterly
1869,23,male,Gloves,Accessories,58,Indiana,M,Silver,Spring,4.7,no,Next Day Air,no,no,44,Cash,Fortnightly
1870,18,male,Blouse,Clothing,77,West Virginia,S,Beige,Spring,3.9,no,2-Day Shipping,no,no,16,Debit Card,Every 3 Months
1871,43,male,Blouse,Clothing,99,Wyoming,L,Violet,Spring,4.3,no,Store Pickup,no,no,27,Debit Card,Fortnightly
1872,56,male,Jeans,Clothing,96,Illinois,XL,Violet,Fall,2.7,no,Standard,no,no,14,Cash,Every 3 Months
1873,43,male,T-shirt,Clothing,64,Alaska,M,Lavender,Summer,4.6,no,Standard,no,no,24,Credit Card,Monthly
1874,64,male,Sweater,Clothing,44,Wisconsin,XL,Red,Fall,2.9,no,Express,no,no,49,Bank Transfer,Weekly
1875,67,male,Pants,Clothing,33,Indiana,L,Purple,Fall,3.6,no,Free Shipping,no,no,14,Cash,Weekly
1876,63,male,Boots,Footwear,71,Tennessee,M,Brown,Winter,3.9,no,Next Day Air,no,no,6,Credit Card,Quarterly
1877,54,male,Skirt,Clothing,36,Illinois,M,Gray,Fall,2.6,no,Standard,no,no,20,Venmo,Quarterly
1878,69,male,Gloves,Accessories,62,Pennsylvania,L,Pink,Fall,3.6,no,Express,no,no,3,Credit Card,Annually
1879,34,male,Socks,Clothing,29,Oklahoma,L,Magenta,Summer,3.4,no,Store Pickup,no,no,5,Credit Card,Monthly
1880,56,male,T-shirt,Clothing,33,Tennessee,L,Charcoal,Spring,3.5,no,Express,no,no,46,Cash,Bi-Weekly
1881,34,male,Blouse,Clothing,33,New Jersey,L,Yellow,Fall,3.1,no,2-Day Shipping,no,no,8,Debit Card,Monthly
1882,58,male,Blouse,Clothing,41,New Jersey,M,Red,Winter,4.3,no,Standard,no,no,13,Cash,Bi-Weekly
1883,44,male,Scarf,Accessories,54,Tennessee,L,Blue,Winter,5,no,Store Pickup,no,no,25,Bank Transfer,Quarterly
1884,25,male,Backpack,Accessories,58,Georgia,M,Cyan,Spring,4.9,no,Store Pickup,no,no,39,Debit Card,Fortnightly
1885,27,male,Shorts,Clothing,30,Arizona,S,Pink,Summer,4.3,no,Next Day Air,no,no,15,Bank Transfer,Bi-Weekly
1886,26,male,Jewelry,Accessories,53,Nevada,S,Maroon,Winter,4.4,no,Standard,no,no,35,Cash,Monthly
1887,18,male,Gloves,Accessories,91,Arkansas,L,Beige,Spring,4.4,no,Next Day Air,no,no,46,Cash,Bi-Weekly
1888,64,male,Hoodie,Clothing,44,North Dakota,XL,Gold,Fall,3.5,no,Express,no,no,3,PayPal,Monthly
1889,62,male,Hoodie,Clothing,89,South Dakota,XL,Turquoise,Winter,3.4,no,Free Shipping,no,no,48,Credit Card,Weekly
1890,59,male,Skirt,Clothing,57,North Carolina,L,Peach,Spring,2.5,no,Next Day Air,no,no,27,Bank Transfer,Weekly
1891,36,male,Sunglasses,Accessories,57,Hawaii,M,Lavender,Spring,3.4,no,Store Pickup,no,no,5,Credit Card,Weekly
1892,69,male,Jewelry,Accessories,74,New Hampshire,M,Gray,Summer,2.6,no,Next Day Air,no,no,48,Debit Card,Quarterly
1893,39,male,Jacket,Outerwear,30,California,M,Blue,Fall,4.6,no,2-Day Shipping,no,no,12,Venmo,Weekly
1894,28,male,Dress,Clothing,20,Delaware,L,Red,Summer,3.7,no,Express,no,no,10,PayPal,Fortnightly
1895,42,male,Hoodie,Clothing,90,Arizona,M,Purple,Fall,2.5,no,Free Shipping,no,no,48,Debit Card,Bi-Weekly
1896,31,male,Jeans,Clothing,61,Washington,L,Indigo,Fall,4.5,no,Express,no,no,3,Debit Card,Monthly
1897,57,male,Sandals,Footwear,51,Nevada,M,Gold,Fall,2.9,no,Standard,no,no,19,Venmo,Monthly
1898,53,male,Sunglasses,Accessories,97,Alaska,L,Teal,Winter,2.9,no,Free Shipping,no,no,11,Debit Card,Fortnightly
1899,59,male,Pants,Clothing,97,Texas,L,Magenta,Fall,3.5,no,Next Day Air,no,no,25,Venmo,Monthly
1900,32,male,Shorts,Clothing,40,New York,L,Maroon,Winter,4.2,no,Store Pickup,no,no,42,PayPal,Weekly
1901,65,male,Jewelry,Accessories,85,Iowa,S,Blue,Summer,3.3,no,Free Shipping,no,no,34,Cash,Quarterly
1902,56,male,Socks,Clothing,76,Arizona,S,Beige,Winter,3.9,no,Store Pickup,no,no,50,Cash,Quarterly
1903,31,male,Sandals,Footwear,22,New Mexico,S,Olive,Spring,5,no,Store Pickup,no,no,21,Venmo,Monthly
1904,59,male,Pants,Clothing,63,North Carolina,M,Gold,Summer,3.3,no,Standard,no,no,37,Bank Transfer,Weekly
1905,22,male,T-shirt,Clothing,71,Nevada,S,Silver,Spring,4.2,no,Free Shipping,no,no,46,Cash,Monthly
1906,47,male,Boots,Footwear,35,Idaho,M,Teal,Summer,4.9,no,2-Day Shipping,no,no,14,Bank Transfer,Fortnightly
1907,23,male,Backpack,Accessories,30,Vermont,M,Green,Spring,4.6,no,2-Day Shipping,no,no,24,PayPal,Fortnightly
1908,69,male,Skirt,Clothing,74,New Mexico,L,Orange,Fall,4.8,no,Store Pickup,no,no,36,Credit Card,Every 3 Months
1909,18,male,Scarf,Accessories,71,Georgia,XL,Charcoal,Winter,2.7,no,Next Day Air,no,no,19,Debit Card,Bi-Weekly
1910,50,male,Sweater,Clothing,84,Kentucky,S,Black,Spring,4.3,no,Store Pickup,no,no,12,Credit Card,Monthly
1911,29,male,Sandals,Footwear,38,New York,S,Yellow,Fall,3.8,no,Express,no,no,13,Debit Card,Quarterly
1912,65,male,Jewelry,Accessories,81,Arizona,M,Gray,Spring,4.9,no,Express,no,no,32,Debit Card,Bi-Weekly
1913,29,male,Sweater,Clothing,56,Colorado,S,Charcoal,Winter,3.4,no,2-Day Shipping,no,no,5,Credit Card,Bi-Weekly
1914,49,male,Skirt,Clothing,48,Kentucky,M,Peach,Winter,3.6,no,Express,no,no,29,Cash,Annually
1915,28,male,Shorts,Clothing,97,Alaska,L,Green,Fall,3.4,no,Standard,no,no,40,Credit Card,Fortnightly
1916,51,male,Backpack,Accessories,74,Alabama,M,Magenta,Fall,4.7,no,2-Day Shipping,no,no,44,Cash,Weekly
1917,26,male,Hoodie,Clothing,50,Connecticut,S,Beige,Winter,3,no,Next Day Air,no,no,3,Debit Card,Bi-Weekly
1918,38,male,Skirt,Clothing,71,Hawaii,L,Black,Winter,3.4,no,Free Shipping,no,no,35,PayPal,Bi-Weekly
1919,35,male,Skirt,Clothing,33,Idaho,S,Purple,Summer,4.6,no,Standard,no,no,33,Debit Card,Monthly
1920,34,male,Backpack,Accessories,56,Virginia,M,Olive,Summer,3.1,no,Express,no,no,20,PayPal,Bi-Weekly
1921,51,male,Blouse,Clothing,84,Connecticut,M,Purple,Spring,2.8,no,Standard,no,no,40,Cash,Every 3 Months
1922,47,male,Shirt,Clothing,36,Michigan,M,Green,Fall,3.5,no,Store Pickup,no,no,13,Venmo,Annually
1923,18,male,Gloves,Accessories,63,Kentucky,S,Peach,Summer,4.6,no,Standard,no,no,9,PayPal,Monthly
1924,64,male,Sandals,Footwear,36,Nebraska,XL,Blue,Summer,4.3,no,Standard,no,no,7,Cash,Annually
1925,30,male,Jacket,Outerwear,63,Michigan,M,Gray,Fall,4.8,no,Free Shipping,no,no,42,PayPal,Quarterly
1926,59,male,Sneakers,Footwear,32,Utah,L,Black,Winter,2.9,no,Express,no,no,44,Credit Card,Fortnightly
1927,66,male,Backpack,Accessories,93,New Mexico,M,Silver,Spring,3,no,Express,no,no,6,PayPal,Annually
1928,40,male,Pants,Clothing,29,Florida,M,Pink,Summer,2.9,no,Standard,no,no,8,Cash,Every 3 Months
1929,25,male,Sunglasses,Accessories,92,Mississippi,S,Lavender,Summer,3.7,no,Standard,no,no,10,PayPal,Weekly
1930,59,male,Jeans,Clothing,33,Hawaii,L,Brown,Fall,4.7,no,Standard,no,no,46,Venmo,Quarterly
1931,66,male,Pants,Clothing,52,North Carolina,L,Turquoise,Spring,3.5,no,Store Pickup,no,no,26,Cash,Weekly
1932,54,male,Jewelry,Accessories,42,Illinois,S,Olive,Spring,2.7,no,Store Pickup,no,no,6,Debit Card,Every 3 Months
1933,42,male,Hoodie,Clothing,36,Maryland,M,White,Spring,5,no,Free Shipping,no,no,47,Credit Card,Every 3 Months
1934,48,male,Sandals,Footwear,67,Montana,L,Violet,Summer,4.1,no,Next Day Air,no,no,28,Venmo,Annually
1935,34,male,Jacket,Outerwear,43,Michigan,L,Gold,Winter,2.7,no,Free Shipping,no,no,23,Bank Transfer,Annually
1936,19,male,Blouse,Clothing,68,North Carolina,XL,Violet,Spring,4.8,no,Free Shipping,no,no,45,Cash,Fortnightly
1937,70,male,Jewelry,Accessories,60,Minnesota,S,Teal,Summer,4.3,no,2-Day Shipping,no,no,44,PayPal,Every 3 Months
1938,43,male,Socks,Clothing,53,Delaware,M,Olive,Summer,4.5,no,2-Day Shipping,no,no,11,Bank Transfer,Monthly
1939,46,male,Jeans,Clothing,23,Kentucky,L,Blue,Spring,3.8,no,Standard,no,no,39,Debit Card,Bi-Weekly
1940,66,male,Gloves,Accessories,57,Ohio,L,Magenta,Winter,3.7,no,Store Pickup,no,no,20,PayPal,Every 3 Months
1941,50,male,Hat,Accessories,89,Alaska,L,Gray,Fall,3.9,no,2-Day Shipping,no,no,48,PayPal,Fortnightly
1942,55,male,Shoes,Footwear,99,Vermont,XL,Peach,Winter,3.3,no,Standard,no,no,46,Credit Card,Quarterly
1943,63,male,Pants,Clothing,28,Alabama,M,Cyan,Fall,3.4,no,Express,no,no,22,PayPal,Monthly
1944,32,male,Socks,Clothing,53,Wisconsin,L,Violet,Summer,3.8,no,Next Day Air,no,no,45,Cash,Annually
1945,30,male,Hoodie,Clothing,45,Arkansas,M,Gold,Winter,2.7,no,Free Shipping,no,no,49,Cash,Every 3 Months
1946,35,male,Hoodie,Clothing,38,Georgia,M,Gold,Winter,2.9,no,2-Day Shipping,no,no,9,Credit Card,Every 3 Months
1947,59,male,Pants,Clothing,49,Louisiana,M,White,Summer,4.5,no,Standard,no,no,41,Credit Card,Quarterly
1948,59,male,Shirt,Clothing,32,New York,M,Gray,Summer,2.6,no,Store Pickup,no,no,2,PayPal,Monthly
1949,54,male,T-shirt,Clothing,37,Connecticut,L,Brown,Winter,3.1,no,Next Day Air,no,no,39,PayPal,Bi-Weekly
1950,63,male,Dress,Clothing,80,Nebraska,L,Gray,Winter,4.7,no,Store Pickup,no,no,12,PayPal,Quarterly
1951,43,male,Backpack,Accessories,78,Arkansas,L,Blue,Summer,4.6,no,Free Shipping,no,no,26,PayPal,Every 3 Months
1952,33,male,Gloves,Accessories,53,Connecticut,L,Gold,Summer,2.7,no,Next Day Air,no,no,32,Bank Transfer,Bi-Weekly
1953,57,male,Shoes,Footwear,82,Maryland,L,Yellow,Summer,4.6,no,2-Day Shipping,no,no,50,Cash,Bi-Weekly
1954,25,male,Skirt,Clothing,33,Colorado,XL,Green,Spring,4.8,no,Standard,no,no,3,PayPal,Fortnightly
1955,26,male,Gloves,Accessories,77,Colorado,M,Pink,Winter,4.2,no,Free Shipping,no,no,3,Venmo,Quarterly
1956,50,male,Hoodie,Clothing,56,Maine,M,Pink,Winter,4.9,no,Express,no,no,37,Cash,Monthly
1957,70,male,Socks,Clothing,37,Oklahoma,M,Pink,Winter,4.9,no,Express,no,no,20,Credit Card,Fortnightly
1958,68,male,Gloves,Accessories,54,South Carolina,M,Cyan,Spring,4.5,no,Store Pickup,no,no,26,Cash,Bi-Weekly
1959,39,male,Shorts,Clothing,67,Nevada,M,Gray,Winter,2.7,no,Store Pickup,no,no,47,Cash,Quarterly
1960,46,male,Shoes,Footwear,90,Colorado,M,White,Fall,3.1,no,Store Pickup,no,no,7,Credit Card,Every 3 Months
1961,57,male,Jeans,Clothing,72,Massachusetts,L,Red,Summer,3.3,no,2-Day Shipping,no,no,40,Credit Card,Annually
1962,47,male,Boots,Footwear,59,Nevada,L,Black,Summer,2.6,no,Free Shipping,no,no,45,Debit Card,Quarterly
1963,40,male,Hat,Accessories,45,Iowa,M,Silver,Fall,4.4,no,Standard,no,no,20,PayPal,Fortnightly
1964,52,male,Shorts,Clothing,30,Michigan,L,Pink,Spring,3.9,no,Standard,no,no,11,Credit Card,Weekly
1965,40,male,Pants,Clothing,51,West Virginia,S,Cyan,Summer,4.6,no,Express,no,no,50,Debit Card,Monthly
1966,67,male,Sweater,Clothing,90,Indiana,M,White,Fall,4.9,no,Express,no,no,25,Debit Card,Quarterly
1967,67,male,Jacket,Outerwear,95,Indiana,XL,Purple,Winter,3.7,no,Express,no,no,5,Credit Card,Fortnightly
1968,37,male,Dress,Clothing,81,Georgia,L,Yellow,Fall,3.7,no,Standard,no,no,4,Venmo,Annually
1969,67,male,Shirt,Clothing,70,Minnesota,S,Blue,Spring,4.2,no,Standard,no,no,25,Credit Card,Weekly
1970,64,male,Dress,Clothing,32,Louisiana,S,Cyan,Winter,3.5,no,Next Day Air,no,no,11,Bank Transfer,Fortnightly
1971,28,male,Belt,Accessories,94,Maryland,M,Indigo,Spring,2.9,no,Next Day Air,no,no,4,Credit Card,Bi-Weekly
1972,54,male,Hat,Accessories,29,Pennsylvania,XL,Indigo,Spring,3.4,no,Next Day Air,no,no,1,Venmo,Monthly
1973,54,male,Backpack,Accessories,31,Louisiana,M,Silver,Summer,3.3,no,Express,no,no,48,PayPal,Every 3 Months
1974,24,male,Skirt,Clothing,20,Maryland,XL,Red,Fall,4.5,no,Standard,no,no,9,Venmo,Every 3 Months
1975,27,male,Gloves,Accessories,44,Tennessee,M,Peach,Winter,4.6,no,2-Day Shipping,no,no,2,PayPal,Fortnightly
1976,53,male,Jacket,Outerwear,77,Illinois,L,Turquoise,Fall,2.9,no,Express,no,no,4,Cash,Quarterly
1977,32,male,Handbag,Accessories,51,Wyoming,M,Pink,Spring,3.2,no,Next Day Air,no,no,43,PayPal,Fortnightly
1978,24,male,Sandals,Footwear,49,Florida,M,Teal,Summer,2.6,no,Free Shipping,no,no,32,Bank Transfer,Annually
1979,45,male,Sunglasses,Accessories,78,Massachusetts,L,Magenta,Spring,3.8,no,Store Pickup,no,no,1,Cash,Quarterly
1980,49,male,Jeans,Clothing,98,Tennessee,L,Blue,Spring,2.8,no,Store Pickup,no,no,38,Debit Card,Fortnightly
1981,51,male,Sandals,Footwear,94,Iowa,M,Green,Winter,4.4,no,Store Pickup,no,no,25,PayPal,Fortnightly
1982,69,male,Shoes,Footwear,91,Michigan,L,Violet,Summer,4.7,no,Express,no,no,42,PayPal,Quarterly
1983,41,male,Sunglasses,Accessories,77,Kansas,M,Turquoise,Summer,2.7,no,2-Day Shipping,no,no,32,PayPal,Monthly
1984,59,male,Scarf,Accessories,97,Georgia,M,Pink,Summer,2.6,no,Next Day Air,no,no,21,Debit Card,Quarterly
1985,26,male,Skirt,Clothing,58,West Virginia,M,Black,Summer,3.4,no,2-Day Shipping,no,no,26,PayPal,Fortnightly
1986,23,male,Gloves,Accessories,97,Tennessee,M,Gold,Spring,3.9,no,2-Day Shipping,no,no,6,Credit Card,Fortnightly
1987,62,male,Coat,Outerwear,48,Arkansas,L,Green,Summer,3.4,no,2-Day Shipping,no,no,14,Venmo,Quarterly
1988,69,male,Belt,Accessories,23,Vermont,XL,White,Summer,3.4,no,Express,no,no,4,Cash,Quarterly
1989,46,male,Pants,Clothing,79,Virginia,M,Gold,Winter,3.9,no,Free Shipping,no,no,26,Bank Transfer,Weekly
1990,35,male,Jewelry,Accessories,42,Maryland,S,Charcoal,Spring,4,no,Express,no,no,39,PayPal,Bi-Weekly
1991,32,male,Backpack,Accessories,95,Connecticut,L,White,Spring,3.4,no,2-Day Shipping,no,no,15,PayPal,Annually
1992,46,male,Sneakers,Footwear,29,Missouri,M,Brown,Summer,3.7,no,Next Day Air,no,no,1,Venmo,Every 3 Months
1993,33,male,Hoodie,Clothing,98,New Jersey,L,Gold,Winter,4.9,no,2-Day Shipping,no,no,28,Venmo,Monthly
1994,32,male,Blouse,Clothing,96,Arkansas,S,Purple,Spring,5,no,Express,no,no,17,Cash,Weekly
1995,33,male,Sunglasses,Accessories,66,Nevada,M,Brown,Fall,2.9,no,Next Day Air,no,no,24,Credit Card,Weekly
1996,67,male,Boots,Footwear,80,Missouri,S,Teal,Spring,3,no,Standard,no,no,29,Debit Card,Quarterly
1997,67,male,Sneakers,Footwear,27,South Dakota,L,Indigo,Summer,3.3,no,Next Day Air,no,no,18,Cash,Every 3 Months
1998,42,male,Backpack,Accessories,25,Connecticut,M,Purple,Fall,4.7,no,Express,no,no,10,Debit Card,Bi-Weekly
1999,20,male,Pants,Clothing,45,Vermont,M,Orange,Fall,3.4,no,2-Day Shipping,no,no,19,Cash,Quarterly
2000,39,male,Socks,Clothing,89,Tennessee,L,Indigo,Winter,4.6,no,2-Day Shipping,no,no,26,Debit Card,Monthly
2001,26,male,Belt,Accessories,27,California,M,Lavender,Winter,3.6,no,2-Day Shipping,no,no,25,Cash,Bi-Weekly
2002,51,male,Sunglasses,Accessories,90,Wyoming,S,Purple,Winter,2.6,no,Free Shipping,no,no,2,Debit Card,Fortnightly
2003,31,male,Shirt,Clothing,65,New York,M,Red,Summer,2.7,no,Express,no,no,19,PayPal,Every 3 Months
2004,68,male,Sneakers,Footwear,72,Maine,S,Blue,Spring,3.1,no,Express,no,no,32,Cash,Quarterly
2005,44,male,Shoes,Footwear,70,Georgia,L,Blue,Fall,3.2,no,2-Day Shipping,no,no,13,Cash,Bi-Weekly
2006,18,male,Sandals,Footwear,82,Tennessee,M,Cyan,Winter,3.4,no,Store Pickup,no,no,30,PayPal,Fortnightly
2007,58,male,Scarf,Accessories,97,New Mexico,S,Pink,Fall,4.4,no,Express,no,no,2,Credit Card,Annually
2008,26,male,Shirt,Clothing,25,Virginia,M,Silver,Summer,3.2,no,2-Day Shipping,no,no,8,PayPal,Quarterly
2009,57,male,Skirt,Clothing,48,Florida,M,Gray,Spring,2.5,no,Free Shipping,no,no,27,PayPal,Every 3 Months
2010,37,male,Boots,Footwear,99,Alabama,M,Indigo,Summer,3.8,no,Next Day Air,no,no,26,Venmo,Bi-Weekly
2011,24,male,Sweater,Clothing,21,Texas,M,Maroon,Summer,4.4,no,2-Day Shipping,no,no,3,Debit Card,Bi-Weekly
2012,57,male,Sandals,Footwear,94,West Virginia,M,Beige,Spring,3.7,no,Express,no,no,4,Bank Transfer,Monthly
2013,48,male,Jeans,Clothing,53,Nevada,L,Green,Fall,3.2,no,Store Pickup,no,no,5,Cash,Fortnightly
2014,39,male,Backpack,Accessories,70,Virginia,M,Peach,Winter,4.9,no,Standard,no,no,25,Debit Card,Quarterly
2015,51,male,Skirt,Clothing,26,Wisconsin,L,Black,Summer,3.9,no,Standard,no,no,47,PayPal,Bi-Weekly
2016,57,male,Belt,Accessories,82,Virginia,S,Pink,Summer,4.5,no,Next Day Air,no,no,8,Credit Card,Fortnightly
2017,53,male,Shoes,Footwear,47,Maine,S,Violet,Winter,3.4,no,Standard,no,no,20,Debit Card,Fortnightly
2018,70,male,Socks,Clothing,32,Massachusetts,S,Green,Winter,4.1,no,Next Day Air,no,no,42,Bank Transfer,Every 3 Months
2019,60,male,Backpack,Accessories,97,Arkansas,S,Gold,Fall,4.5,no,Store Pickup,no,no,20,Bank Transfer,Weekly
2020,31,male,Shirt,Clothing,68,Idaho,S,Red,Winter,4.7,no,Store Pickup,no,no,23,Cash,Fortnightly
2021,41,male,Sweater,Clothing,23,Pennsylvania,M,Beige,Winter,4.8,no,Next Day Air,no,no,26,Cash,Quarterly
2022,62,male,Handbag,Accessories,33,Maine,M,Green,Winter,4.4,no,Standard,no,no,48,Venmo,Quarterly
2023,59,male,Jewelry,Accessories,38,Alabama,S,Black,Winter,4,no,Store Pickup,no,no,16,Cash,Bi-Weekly
2024,46,male,Socks,Clothing,68,Idaho,S,Teal,Winter,4.1,no,Store Pickup,no,no,28,Cash,Bi-Weekly
2025,62,male,Socks,Clothing,23,Arkansas,L,Silver,Fall,3.7,no,Express,no,no,39,PayPal,Weekly
2026,42,male,Shirt,Clothing,29,Delaware,M,Turquoise,Summer,3,no,Express,no,no,43,Debit Card,Fortnightly
2027,37,male,Scarf,Accessories,35,Maine,M,Orange,Winter,3.6,no,Express,no,no,45,Bank Transfer,Every 3 Months
2028,50,male,Shoes,Footwear,73,Nebraska,S,Gold,Fall,4.8,no,Standard,no,no,50,Credit Card,Every 3 Months
2029,29,male,Shoes,Footwear,84,Ohio,XL,Purple,Fall,3.7,no,2-Day Shipping,no,no,10,Venmo,Bi-Weekly
2030,25,male,Scarf,Accessories,23,Montana,M,Pink,Spring,4.6,no,Next Day Air,no,no,40,PayPal,Quarterly
2031,66,male,Sunglasses,Accessories,67,New Mexico,S,Green,Summer,2.8,no,Standard,no,no,38,Credit Card,Monthly
2032,21,male,Socks,Clothing,51,North Carolina,L,Charcoal,Spring,4,no,Standard,no,no,2,Credit Card,Monthly
2033,46,male,Blouse,Clothing,36,South Carolina,M,Maroon,Winter,4.2,no,Next Day Air,no,no,13,Cash,Annually
2034,57,male,Jeans,Clothing,55,Illinois,L,Olive,Summer,3.6,no,Express,no,no,33,Venmo,Annually
2035,61,male,Shorts,Clothing,30,Alabama,M,Peach,Spring,2.9,no,Store Pickup,no,no,27,PayPal,Monthly
2036,53,male,T-shirt,Clothing,70,Oklahoma,S,Yellow,Summer,4.1,no,Express,no,no,43,Bank Transfer,Weekly
2037,37,male,Blouse,Clothing,63,Minnesota,S,Lavender,Winter,3.1,no,Next Day Air,no,no,46,Cash,Weekly
2038,39,male,Belt,Accessories,87,Illinois,S,Green,Summer,4.3,no,Express,no,no,7,Venmo,Bi-Weekly
2039,53,male,Blouse,Clothing,70,Arkansas,L,Orange,Spring,4.4,no,Next Day Air,no,no,35,Credit Card,Fortnightly
2040,35,male,T-shirt,Clothing,51,Minnesota,M,Olive,Spring,3.1,no,Next Day Air,no,no,31,Debit Card,Bi-Weekly
2041,69,male,Jewelry,Accessories,25,South Carolina,XL,Gray,Spring,2.9,no,Free Shipping,no,no,42,Venmo,Quarterly
2042,66,male,Jacket,Outerwear,32,New York,S,Lavender,Winter,3.2,no,Next Day Air,no,no,14,PayPal,Bi-Weekly
2043,19,male,Shoes,Footwear,52,Alabama,M,Red,Spring,4,no,2-Day Shipping,no,no,35,Venmo,Monthly
2044,47,male,Gloves,Accessories,33,New York,M,Charcoal,Summer,2.7,no,Standard,no,no,49,PayPal,Weekly
2045,49,male,Jeans,Clothing,68,Missouri,L,Orange,Spring,3,no,Free Shipping,no,no,17,PayPal,Fortnightly
2046,31,male,Jewelry,Accessories,20,Georgia,M,Red,Fall,4.4,no,Express,no,no,26,PayPal,Quarterly
2047,39,male,Pants,Clothing,32,Oklahoma,M,Maroon,Winter,2.8,no,Free Shipping,no,no,30,Cash,Every 3 Months
2048,58,male,Jewelry,Accessories,82,Connecticut,M,Silver,Summer,3.1,no,Store Pickup,no,no,32,Cash,Annually
2049,45,male,Sneakers,Footwear,64,Michigan,XL,Pink,Winter,3.9,no,Express,no,no,35,Bank Transfer,Quarterly
2050,68,male,Boots,Footwear,24,Rhode Island,L,Blue,Fall,2.7,no,Standard,no,no,15,Venmo,Annually
2051,35,male,Hat,Accessories,96,Mississippi,M,Teal,Summer,3.4,no,Store Pickup,no,no,10,Debit Card,Annually
2052,65,male,T-shirt,Clothing,94,Massachusetts,L,Black,Spring,3.8,no,Free Shipping,no,no,14,Credit Card,Monthly
2053,45,male,Backpack,Accessories,48,New Hampshire,M,Gray,Winter,3.7,no,2-Day Shipping,no,no,30,Bank Transfer,Annually
2054,19,male,Sunglasses,Accessories,60,Wyoming,S,Purple,Spring,4.5,no,2-Day Shipping,no,no,16,Credit Card,Fortnightly
2055,65,male,Sweater,Clothing,56,New Jersey,XL,Gold,Spring,2.9,no,Express,no,no,14,PayPal,Annually
2056,28,male,Handbag,Accessories,33,Texas,M,Silver,Fall,3.4,no,2-Day Shipping,no,no,28,Bank Transfer,Weekly
2057,55,male,Backpack,Accessories,46,Minnesota,L,Blue,Spring,4.4,no,2-Day Shipping,no,no,29,PayPal,Monthly
2058,66,male,Socks,Clothing,37,South Dakota,L,Yellow,Spring,4.2,no,Standard,no,no,5,PayPal,Every 3 Months
2059,29,male,Shirt,Clothing,98,Washington,M,Brown,Winter,3.3,no,Store Pickup,no,no,17,Bank Transfer,Quarterly
2060,56,male,Shorts,Clothing,50,California,XL,Beige,Spring,3.7,no,Express,no,no,50,PayPal,Weekly
2061,21,male,Belt,Accessories,63,Wisconsin,M,Blue,Fall,3.2,no,Next Day Air,no,no,23,Bank Transfer,Quarterly
2062,32,male,Sweater,Clothing,70,Michigan,S,Magenta,Summer,2.6,no,Store Pickup,no,no,22,Debit Card,Annually
2063,54,male,Coat,Outerwear,63,South Carolina,L,Silver,Fall,2.8,no,Standard,no,no,15,Cash,Quarterly
2064,61,male,Shorts,Clothing,86,Indiana,M,Cyan,Fall,2.9,no,Standard,no,no,32,Cash,Monthly
2065,31,male,Shoes,Footwear,99,Arkansas,M,Green,Summer,4,no,2-Day Shipping,no,no,5,Bank Transfer,Monthly
2066,27,male,Sneakers,Footwear,40,Oregon,M,Blue,Spring,2.9,no,Free Shipping,no,no,6,Bank Transfer,Bi-Weekly
2067,64,male,Sneakers,Footwear,92,Illinois,M,Olive,Fall,4.7,no,Store Pickup,no,no,44,Debit Card,Fortnightly
2068,60,male,Pants,Clothing,21,Maryland,XL,Beige,Fall,3.1,no,2-Day Shipping,no,no,23,Cash,Fortnightly
2069,70,male,Jewelry,Accessories,81,Vermont,XL,Black,Summer,3.9,no,Store Pickup,no,no,44,Venmo,Monthly
2070,36,male,T-shirt,Clothing,82,Texas,M,Indigo,Fall,3.4,no,Free Shipping,no,no,3,Debit Card,Quarterly
2071,56,male,Jewelry,Accessories,88,Nebraska,XL,Red,Spring,3.1,no,Express,no,no,14,Cash,Monthly
2072,69,male,Jacket,Outerwear,100,South Carolina,S,Yellow,Fall,4.8,no,Store Pickup,no,no,37,PayPal,Quarterly
2073,39,male,Backpack,Accessories,66,Massachusetts,M,Beige,Winter,3.9,no,Next Day Air,no,no,22,Bank Transfer,Weekly
2074,38,male,Belt,Accessories,25,Texas,S,Green,Winter,3.5,no,Next Day Air,no,no,2,PayPal,Every 3 Months
2075,36,male,Scarf,Accessories,53,Florida,M,White,Summer,3.1,no,Free Shipping,no,no,44,Debit Card,Fortnightly
2076,46,male,Sweater,Clothing,28,South Carolina,S,Turquoise,Fall,4.7,no,Express,no,no,49,Debit Card,Monthly
2077,59,male,Gloves,Accessories,23,Florida,S,Indigo,Fall,4.6,no,Free Shipping,no,no,22,Debit Card,Bi-Weekly
2078,64,male,Scarf,Accessories,34,Nebraska,L,Orange,Fall,3.3,no,Free Shipping,no,no,26,Bank Transfer,Annually
2079,49,male,Dress,Clothing,42,Hawaii,M,Blue,Spring,3.2,no,Next Day Air,no,no,40,Debit Card,Weekly
2080,32,male,Jeans,Clothing,24,Montana,L,Violet,Summer,3.1,no,Next Day Air,no,no,16,PayPal,Quarterly
2081,29,male,Sunglasses,Accessories,47,South Dakota,S,Gray,Fall,3.5,no,Free Shipping,no,no,17,Debit Card,Bi-Weekly
2082,24,male,Coat,Outerwear,78,Alabama,S,Cyan,Spring,4.3,no,Standard,no,no,48,Bank Transfer,Bi-Weekly
2083,41,male,Jeans,Clothing,89,Arkansas,M,Yellow,Summer,2.9,no,Free Shipping,no,no,28,Venmo,Every 3 Months
2084,41,male,Scarf,Accessories,59,Mississippi,L,Orange,Fall,2.7,no,Store Pickup,no,no,26,Credit Card,Fortnightly
2085,32,male,Blouse,Clothing,94,Vermont,S,Brown,Summer,4,no,Standard,no,no,43,Bank Transfer,Quarterly
2086,69,male,Jeans,Clothing,49,New York,M,Teal,Fall,4.6,no,Free Shipping,no,no,38,Debit Card,Weekly
2087,65,male,Dress,Clothing,89,North Dakota,L,Beige,Summer,4.7,no,2-Day Shipping,no,no,36,Cash,Every 3 Months
2088,54,male,Hat,Accessories,91,Wisconsin,M,Blue,Summer,4.7,no,Standard,no,no,1,Credit Card,Weekly
2089,39,male,Sandals,Footwear,89,California,L,Orange,Spring,4,no,Standard,no,no,49,Debit Card,Annually
2090,37,male,Jacket,Outerwear,57,Maryland,L,Gold,Spring,3.6,no,Free Shipping,no,no,41,Credit Card,Every 3 Months
2091,51,male,Socks,Clothing,71,Massachusetts,S,Teal,Winter,3.4,no,Free Shipping,no,no,21,Debit Card,Monthly
2092,26,male,Jeans,Clothing,97,Washington,XL,Beige,Fall,3,no,Next Day Air,no,no,24,Bank Transfer,Quarterly
2093,42,male,Sandals,Footwear,45,Minnesota,M,Silver,Fall,2.6,no,Next Day Air,no,no,27,Bank Transfer,Weekly
2094,21,male,Dress,Clothing,91,Washington,M,Maroon,Spring,4.2,no,Store Pickup,no,no,4,Debit Card,Annually
2095,53,male,Socks,Clothing,25,South Carolina,M,Indigo,Spring,3.4,no,Standard,no,no,19,Venmo,Annually
2096,36,male,Hoodie,Clothing,63,New Mexico,M,Gray,Fall,4,no,Store Pickup,no,no,1,Bank Transfer,Fortnightly
2097,21,male,Dress,Clothing,52,North Carolina,L,Blue,Summer,4.7,no,Free Shipping,no,no,27,Debit Card,Annually
2098,33,male,Sneakers,Footwear,43,Iowa,S,Cyan,Winter,3.9,no,Next Day Air,no,no,5,Credit Card,Weekly
2099,49,male,T-shirt,Clothing,28,Louisiana,M,White,Summer,3.3,no,2-Day Shipping,no,no,20,Venmo,Quarterly
2100,31,male,T-shirt,Clothing,78,Oklahoma,L,Green,Summer,2.9,no,Express,no,no,50,PayPal,Annually
2101,68,male,Sweater,Clothing,31,Michigan,M,Silver,Spring,4.4,no,Free Shipping,no,no,36,Cash,Fortnightly
2102,49,male,Shirt,Clothing,23,Oregon,M,Blue,Winter,3.6,no,Next Day Air,no,no,12,Bank Transfer,Bi-Weekly
2103,23,male,Hat,Accessories,25,Idaho,M,Brown,Spring,4.5,no,Store Pickup,no,no,23,Cash,Monthly
2104,30,male,Pants,Clothing,86,Indiana,S,Red,Summer,3.7,no,Store Pickup,no,no,21,Venmo,Weekly
2105,53,male,Shoes,Footwear,88,New Mexico,M,Gold,Spring,2.8,no,Free Shipping,no,no,47,Venmo,Weekly
2106,65,male,Gloves,Accessories,35,South Carolina,M,Silver,Spring,4.5,no,Free Shipping,no,no,38,Venmo,Bi-Weekly
2107,60,male,Jewelry,Accessories,34,Vermont,M,Gray,Fall,4.4,no,Standard,no,no,40,Credit Card,Every 3 Months
2108,46,male,Pants,Clothing,75,Delaware,M,Black,Winter,3.3,no,Standard,no,no,35,PayPal,Quarterly
2109,54,male,Hoodie,Clothing,46,North Dakota,XL,Beige,Winter,4.2,no,Express,no,no,4,Credit Card,Quarterly
2110,59,male,Jewelry,Accessories,31,California,L,Peach,Fall,2.7,no,Free Shipping,no,no,28,Venmo,Every 3 Months
2111,52,male,Socks,Clothing,93,Montana,L,Cyan,Spring,3.9,no,Store Pickup,no,no,36,Debit Card,Every 3 Months
2112,41,male,Sunglasses,Accessories,85,Missouri,XL,Pink,Spring,2.6,no,Free Shipping,no,no,15,Bank Transfer,Annually
2113,43,male,Belt,Accessories,68,Tennessee,M,Lavender,Fall,4.5,no,2-Day Shipping,no,no,7,Cash,Fortnightly
2114,63,male,Dress,Clothing,40,Virginia,M,Brown,Spring,2.7,no,Store Pickup,no,no,29,PayPal,Every 3 Months
2115,37,male,Shirt,Clothing,51,Vermont,M,Magenta,Winter,2.9,no,Standard,no,no,12,Debit Card,Annually
2116,44,male,Scarf,Accessories,85,Rhode Island,M,Violet,Winter,3.4,no,Store Pickup,no,no,16,Bank Transfer,Bi-Weekly
2117,67,male,Jacket,Outerwear,23,Kansas,M,Teal,Summer,2.9,no,Express,no,no,50,Debit Card,Bi-Weekly
2118,27,male,Dress,Clothing,28,Colorado,L,Brown,Summer,3.8,no,Free Shipping,no,no,11,Debit Card,Annually
2119,60,male,Socks,Clothing,44,Georgia,M,Olive,Fall,4.2,no,2-Day Shipping,no,no,28,Debit Card,Quarterly
2120,58,male,Jewelry,Accessories,57,Nebraska,M,Indigo,Spring,3.5,no,Store Pickup,no,no,36,Venmo,Bi-Weekly
2121,53,male,Scarf,Accessories,98,Missouri,S,Red,Fall,3.1,no,Next Day Air,no,no,38,PayPal,Quarterly
2122,43,male,Backpack,Accessories,68,Alaska,M,Olive,Winter,3.5,no,2-Day Shipping,no,no,32,Bank Transfer,Monthly
2123,32,male,Jacket,Outerwear,36,Virginia,L,Teal,Fall,4,no,Express,no,no,42,Debit Card,Weekly
2124,54,male,Coat,Outerwear,71,Nebraska,L,Cyan,Spring,3.7,no,Express,no,no,22,Debit Card,Bi-Weekly
2125,47,male,Skirt,Clothing,60,Rhode Island,M,Teal,Fall,4.2,no,Next Day Air,no,no,22,Venmo,Quarterly
2126,57,male,Coat,Outerwear,87,New Hampshire,M,Beige,Fall,4.8,no,Store Pickup,no,no,31,PayPal,Quarterly
2127,63,male,Shoes,Footwear,38,Alabama,XL,Magenta,Winter,4.1,no,Express,no,no,28,Credit Card,Monthly
2128,70,male,Boots,Footwear,45,North Carolina,M,Indigo,Spring,4.5,no,2-Day Shipping,no,no,40,Debit Card,Weekly
2129,62,male,Coat,Outerwear,47,New Mexico,L,Cyan,Fall,2.7,no,2-Day Shipping,no,no,21,PayPal,Weekly
2130,40,male,Skirt,Clothing,57,Minnesota,L,Orange,Fall,2.8,no,Store Pickup,no,no,12,PayPal,Every 3 Months
2131,25,male,Backpack,Accessories,68,Arizona,L,Violet,Summer,3.7,no,Free Shipping,no,no,33,Credit Card,Annually
2132,19,male,Shorts,Clothing,52,Montana,M,Red,Fall,3.6,no,Express,no,no,9,Bank Transfer,Fortnightly
2133,25,male,Skirt,Clothing,87,Vermont,M,Magenta,Fall,4.7,no,2-Day Shipping,no,no,15,Debit Card,Weekly
2134,21,male,Hat,Accessories,34,Maine,M,Olive,Summer,3.8,no,Standard,no,no,13,Bank Transfer,Annually
2135,55,male,Sandals,Footwear,41,Virginia,XL,Maroon,Winter,2.9,no,Standard,no,no,35,Credit Card,Fortnightly
2136,34,male,Sunglasses,Accessories,94,California,S,Yellow,Winter,4.6,no,Next Day Air,no,no,1,Debit Card,Every 3 Months
2137,47,male,Sunglasses,Accessories,93,New York,M,Red,Summer,2.8,no,Standard,no,no,25,Bank Transfer,Fortnightly
2138,27,male,Socks,Clothing,51,Indiana,XL,Purple,Winter,4.6,no,2-Day Shipping,no,no,20,Credit Card,Every 3 Months
2139,67,male,Sweater,Clothing,42,Mississippi,M,Teal,Fall,2.8,no,Next Day Air,no,no,36,Venmo,Quarterly
2140,40,male,Boots,Footwear,95,New York,M,Red,Winter,3,no,Free Shipping,no,no,33,Cash,Weekly
2141,53,male,Handbag,Accessories,90,New Mexico,M,Brown,Fall,3.7,no,Standard,no,no,36,Cash,Fortnightly
2142,24,male,Dress,Clothing,98,Kentucky,M,Peach,Winter,4.1,no,2-Day Shipping,no,no,32,PayPal,Annually
2143,47,male,Hat,Accessories,39,North Dakota,M,Maroon,Winter,4.3,no,Next Day Air,no,no,21,Venmo,Quarterly
2144,53,male,Sandals,Footwear,66,Arkansas,L,Red,Fall,3.8,no,Next Day Air,no,no,48,Venmo,Bi-Weekly
2145,47,male,Shoes,Footwear,23,Maryland,L,Orange,Winter,3.7,no,Free Shipping,no,no,25,PayPal,Quarterly
2146,38,male,Skirt,Clothing,73,Connecticut,S,White,Winter,4.8,no,Standard,no,no,32,PayPal,Annually
2147,48,male,Sunglasses,Accessories,23,Utah,XL,White,Summer,4.6,no,Standard,no,no,45,PayPal,Every 3 Months
2148,47,male,Skirt,Clothing,43,Missouri,S,Charcoal,Fall,4.8,no,Standard,no,no,4,Cash,Fortnightly
2149,19,male,T-shirt,Clothing,45,Nebraska,XL,Turquoise,Winter,4.6,no,2-Day Shipping,no,no,19,PayPal,Bi-Weekly
2150,38,male,Sandals,Footwear,21,Hawaii,L,Orange,Winter,4,no,Standard,no,no,1,Bank Transfer,Weekly
2151,57,male,Shirt,Clothing,40,Illinois,M,Orange,Spring,2.6,no,2-Day Shipping,no,no,12,Cash,Weekly
2152,70,male,Jeans,Clothing,58,Vermont,L,Brown,Fall,2.6,no,2-Day Shipping,no,no,18,Venmo,Monthly
2153,38,male,Shorts,Clothing,48,New Jersey,L,Magenta,Summer,4.5,no,Next Day Air,no,no,43,Bank Transfer,Bi-Weekly
2154,35,male,Shirt,Clothing,94,Kentucky,M,Violet,Fall,4.2,no,Free Shipping,no,no,31,PayPal,Annually
2155,46,male,Scarf,Accessories,74,Wyoming,M,Violet,Spring,3.4,no,Store Pickup,no,no,33,Cash,Every 3 Months
2156,32,male,Handbag,Accessories,51,Hawaii,L,Yellow,Fall,3.7,no,Store Pickup,no,no,46,PayPal,Monthly
2157,38,male,Skirt,Clothing,83,Missouri,M,Maroon,Winter,3.6,no,Next Day Air,no,no,41,Debit Card,Bi-Weekly
2158,41,male,Handbag,Accessories,68,Mississippi,L,Turquoise,Winter,4,no,Next Day Air,no,no,41,Venmo,Fortnightly
2159,19,male,Gloves,Accessories,84,Massachusetts,XL,Olive,Spring,4.6,no,Standard,no,no,9,Bank Transfer,Fortnightly
2160,18,male,Shirt,Clothing,58,Louisiana,M,Peach,Fall,3,no,Free Shipping,no,no,34,Cash,Annually
2161,45,male,Blouse,Clothing,92,West Virginia,L,Charcoal,Winter,3.3,no,Express,no,no,21,PayPal,Annually
2162,23,male,Dress,Clothing,69,Washington,S,Peach,Summer,3.8,no,Express,no,no,5,Debit Card,Fortnightly
2163,60,male,Shorts,Clothing,48,Oregon,S,Black,Summer,2.7,no,Free Shipping,no,no,32,PayPal,Weekly
2164,52,male,Shoes,Footwear,60,New York,L,Gray,Spring,4.5,no,Express,no,no,44,Bank Transfer,Monthly
2165,42,male,Sandals,Footwear,20,Iowa,S,Olive,Winter,4.8,no,Next Day Air,no,no,46,PayPal,Bi-Weekly
2166,29,male,Pants,Clothing,55,Idaho,M,Turquoise,Summer,4.2,no,Express,no,no,42,Credit Card,Every 3 Months
2167,31,male,Jacket,Outerwear,88,New Jersey,S,Purple,Spring,3.5,no,Express,no,no,50,Credit Card,Bi-Weekly
2168,30,male,Skirt,Clothing,48,Ohio,L,Green,Winter,4.9,no,Standard,no,no,33,Venmo,Fortnightly
2169,23,male,Handbag,Accessories,74,Connecticut,M,Beige,Spring,4.1,no,Next Day Air,no,no,32,Cash,Quarterly
2170,31,male,Coat,Outerwear,42,Florida,M,Brown,Fall,2.9,no,Next Day Air,no,no,32,Bank Transfer,Bi-Weekly
2171,40,male,Sweater,Clothing,32,South Carolina,M,Turquoise,Fall,4,no,Next Day Air,no,no,37,Venmo,Every 3 Months
2172,39,male,Shorts,Clothing,98,Missouri,M,Yellow,Summer,4.6,no,Store Pickup,no,no,9,Cash,Fortnightly
2173,28,male,Skirt,Clothing,89,Rhode Island,S,Lavender,Fall,2.8,no,Store Pickup,no,no,6,PayPal,Fortnightly
2174,23,male,Gloves,Accessories,97,Delaware,S,Cyan,Summer,5,no,2-Day Shipping,no,no,36,Venmo,Quarterly
2175,42,male,Backpack,Accessories,49,Colorado,S,Olive,Spring,2.9,no,Store Pickup,no,no,1,Cash,Annually
2176,68,male,Dress,Clothing,50,Nebraska,M,Silver,Spring,3.3,no,Free Shipping,no,no,48,Credit Card,Fortnightly
2177,24,male,Belt,Accessories,91,Vermont,S,Red,Winter,3.4,no,2-Day Shipping,no,no,44,Debit Card,Quarterly
2178,24,male,Gloves,Accessories,93,Montana,XL,Green,Winter,3,no,Express,no,no,9,PayPal,Bi-Weekly
2179,21,male,Jewelry,Accessories,98,Florida,M,Gold,Summer,4.7,no,Standard,no,no,32,Venmo,Annually
2180,49,male,Socks,Clothing,82,Delaware,L,Lavender,Fall,2.9,no,Next Day Air,no,no,14,PayPal,Monthly
2181,41,male,Coat,Outerwear,37,Connecticut,M,Yellow,Summer,4.1,no,Store Pickup,no,no,43,Cash,Quarterly
2182,22,male,Handbag,Accessories,63,Hawaii,M,Black,Fall,3.2,no,Free Shipping,no,no,32,Bank Transfer,Bi-Weekly
2183,42,male,Blouse,Clothing,99,New Mexico,M,Maroon,Winter,2.7,no,Store Pickup,no,no,26,Venmo,Bi-Weekly
2184,30,male,Shorts,Clothing,37,Kansas,M,Maroon,Spring,4.7,no,Store Pickup,no,no,2,Cash,Monthly
2185,38,male,Shoes,Footwear,34,Nevada,S,Gold,Spring,3.2,no,Free Shipping,no,no,16,PayPal,Every 3 Months
2186,40,male,Shorts,Clothing,32,North Carolina,M,Violet,Winter,2.5,no,Express,no,no,50,Debit Card,Every 3 Months
2187,55,male,Sandals,Footwear,23,New Mexico,XL,Teal,Winter,4.3,no,Next Day Air,no,no,6,PayPal,Every 3 Months
2188,37,male,Blouse,Clothing,78,Idaho,M,Violet,Spring,4.4,no,Free Shipping,no,no,20,PayPal,Annually
2189,41,male,Coat,Outerwear,54,California,M,Brown,Winter,4.7,no,Next Day Air,no,no,9,Credit Card,Weekly
2190,38,male,Blouse,Clothing,94,Wisconsin,XL,Brown,Fall,4,no,Express,no,no,47,Credit Card,Bi-Weekly
2191,42,male,Belt,Accessories,75,Alaska,S,Maroon,Spring,4.6,no,Express,no,no,33,Credit Card,Annually
2192,26,male,Blouse,Clothing,69,Pennsylvania,S,Maroon,Summer,3.8,no,Next Day Air,no,no,46,Cash,Bi-Weekly
2193,41,male,Scarf,Accessories,35,Virginia,L,Yellow,Winter,3.2,no,Next Day Air,no,no,9,Credit Card,Monthly
2194,27,male,Shirt,Clothing,78,California,L,Turquoise,Spring,5,no,Express,no,no,8,PayPal,Monthly
2195,61,male,Socks,Clothing,29,Kentucky,M,Silver,Summer,3.5,no,Standard,no,no,48,Bank Transfer,Quarterly
2196,58,male,Jeans,Clothing,62,New York,M,Brown,Fall,3.7,no,Next Day Air,no,no,2,Cash,Monthly
2197,25,male,Dress,Clothing,58,Vermont,M,Gray,Spring,4.8,no,Next Day Air,no,no,31,PayPal,Weekly
2198,33,male,Boots,Footwear,88,Pennsylvania,M,Indigo,Summer,3.7,no,2-Day Shipping,no,no,40,Venmo,Monthly
2199,57,male,Scarf,Accessories,80,New York,L,Turquoise,Summer,3.5,no,Free Shipping,no,no,35,Venmo,Monthly
2200,39,male,Scarf,Accessories,47,North Carolina,M,Maroon,Summer,4.9,no,Store Pickup,no,no,40,Debit Card,Monthly
2201,60,male,Gloves,Accessories,51,Wyoming,L,Charcoal,Summer,4.7,no,Next Day Air,no,no,27,Debit Card,Every 3 Months
2202,39,male,Pants,Clothing,25,Ohio,L,Peach,Spring,4.9,no,2-Day Shipping,no,no,10,Venmo,Annually
2203,42,male,Dress,Clothing,36,Alabama,M,Red,Summer,4.3,no,Next Day Air,no,no,23,Credit Card,Weekly
2204,53,male,Dress,Clothing,79,Rhode Island,M,Indigo,Winter,3.1,no,Free Shipping,no,no,32,Cash,Quarterly
2205,20,male,Jeans,Clothing,41,Oregon,S,Lavender,Winter,3.4,no,2-Day Shipping,no,no,6,Debit Card,Monthly
2206,46,male,Sweater,Clothing,68,North Dakota,XL,Red,Fall,2.7,no,Express,no,no,27,PayPal,Weekly
2207,46,male,Sandals,Footwear,51,Illinois,L,Green,Spring,2.6,no,Store Pickup,no,no,25,Bank Transfer,Fortnightly
2208,69,male,Handbag,Accessories,38,New Mexico,M,Gray,Fall,2.9,no,Next Day Air,no,no,11,Credit Card,Annually
2209,28,male,Scarf,Accessories,46,Colorado,XL,Violet,Summer,2.7,no,2-Day Shipping,no,no,23,PayPal,Monthly
2210,42,male,Sandals,Footwear,20,Utah,XL,Beige,Summer,4.5,no,2-Day Shipping,no,no,44,Bank Transfer,Quarterly
2211,30,male,Sunglasses,Accessories,25,Virginia,M,Orange,Summer,3.1,no,Store Pickup,no,no,35,PayPal,Fortnightly
2212,50,male,Sweater,Clothing,89,Maine,L,Purple,Winter,3.2,no,Free Shipping,no,no,45,Debit Card,Every 3 Months
2213,59,male,Pants,Clothing,77,Nebraska,M,Brown,Winter,3.3,no,Next Day Air,no,no,22,Bank Transfer,Quarterly
2214,54,male,Hat,Accessories,94,Hawaii,M,Maroon,Fall,2.9,no,Express,no,no,18,Debit Card,Quarterly
2215,50,male,Belt,Accessories,100,Idaho,L,Gold,Fall,4.1,no,Standard,no,no,20,Debit Card,Weekly
2216,25,male,Sandals,Footwear,96,West Virginia,M,Indigo,Winter,2.7,no,Express,no,no,28,Credit Card,Fortnightly
2217,41,male,Pants,Clothing,36,Vermont,XL,Silver,Winter,4,no,Store Pickup,no,no,15,Venmo,Bi-Weekly
2218,35,male,Jewelry,Accessories,27,Indiana,XL,Red,Fall,2.6,no,Store Pickup,no,no,42,Bank Transfer,Fortnightly
2219,67,male,Sunglasses,Accessories,67,Idaho,M,Magenta,Winter,3.5,no,Store Pickup,no,no,20,Debit Card,Quarterly
2220,33,male,Blouse,Clothing,91,Minnesota,S,Purple,Fall,2.8,no,Store Pickup,no,no,16,Bank Transfer,Fortnightly
2221,19,male,Belt,Accessories,62,Wyoming,XL,Beige,Fall,4.5,no,Store Pickup,no,no,47,Cash,Annually
2222,25,male,Shorts,Clothing,88,Kansas,XL,White,Fall,3,no,Free Shipping,no,no,34,Credit Card,Annually
2223,32,male,Pants,Clothing,66,Georgia,M,Teal,Summer,4.4,no,Store Pickup,no,no,30,Credit Card,Weekly
2224,30,male,Sandals,Footwear,65,Kansas,M,Gray,Fall,4.7,no,Next Day Air,no,no,5,PayPal,Quarterly
2225,18,male,Gloves,Accessories,25,Nebraska,L,Charcoal,Winter,4.3,no,Standard,no,no,38,Cash,Quarterly
2226,38,male,Belt,Accessories,64,Washington,S,Olive,Spring,4.8,no,Free Shipping,no,no,18,Credit Card,Annually
2227,22,male,Shirt,Clothing,72,Missouri,L,Blue,Spring,4.8,no,Store Pickup,no,no,28,Cash,Annually
2228,40,male,Scarf,Accessories,74,Washington,S,Gray,Summer,4.4,no,Next Day Air,no,no,42,Credit Card,Fortnightly
2229,54,male,Gloves,Accessories,50,Kansas,M,Green,Fall,3.7,no,Free Shipping,no,no,5,Credit Card,Weekly
2230,70,male,Pants,Clothing,97,Minnesota,M,Silver,Fall,3.9,no,Express,no,no,50,Venmo,Monthly
2231,52,male,Sneakers,Footwear,36,Colorado,S,Teal,Spring,3.8,no,Express,no,no,33,Venmo,Fortnightly
2232,34,male,Jacket,Outerwear,49,Utah,M,Beige,Fall,4.1,no,Store Pickup,no,no,1,Credit Card,Weekly
2233,65,male,Shoes,Footwear,64,North Carolina,L,Lavender,Spring,4,no,Store Pickup,no,no,14,Cash,Fortnightly
2234,38,male,Blouse,Clothing,31,Florida,XL,Gray,Summer,4.5,no,Express,no,no,48,Credit Card,Monthly
2235,35,male,Boots,Footwear,66,New Hampshire,S,Yellow,Winter,4,no,Express,no,no,26,Cash,Weekly
2236,40,male,Socks,Clothing,82,Illinois,M,Gray,Spring,4.5,no,2-Day Shipping,no,no,44,Credit Card,Annually
2237,23,male,T-shirt,Clothing,88,Louisiana,M,Yellow,Winter,2.7,no,Standard,no,no,18,Debit Card,Fortnightly
2238,45,male,Sandals,Footwear,34,Alabama,S,Black,Summer,3.8,no,Next Day Air,no,no,31,Venmo,Every 3 Months
2239,40,male,Sneakers,Footwear,84,Florida,L,Beige,Winter,3.8,no,Standard,no,no,18,Debit Card,Weekly
2240,42,male,Jewelry,Accessories,96,Alabama,L,Indigo,Summer,3.8,no,2-Day Shipping,no,no,41,Credit Card,Every 3 Months
2241,57,male,Sandals,Footwear,71,California,L,Green,Winter,4.3,no,Next Day Air,no,no,18,Debit Card,Every 3 Months
2242,18,male,Jacket,Outerwear,77,Maryland,M,Purple,Summer,3.5,no,Free Shipping,no,no,3,Bank Transfer,Bi-Weekly
2243,18,male,Skirt,Clothing,66,Nevada,M,Orange,Spring,3.8,no,Next Day Air,no,no,5,Credit Card,Bi-Weekly
2244,56,male,Shirt,Clothing,21,Massachusetts,M,Teal,Winter,3.7,no,2-Day Shipping,no,no,13,Debit Card,Annually
2245,35,male,Shorts,Clothing,37,South Carolina,M,Gold,Summer,4.8,no,2-Day Shipping,no,no,22,PayPal,Annually
2246,49,male,Socks,Clothing,90,Delaware,L,Gray,Fall,4.9,no,Free Shipping,no,no,45,PayPal,Fortnightly
2247,49,male,Jacket,Outerwear,96,Hawaii,M,Cyan,Fall,4.3,no,Store Pickup,no,no,39,PayPal,Every 3 Months
2248,34,male,Jewelry,Accessories,37,Florida,L,Teal,Summer,4.4,no,Next Day Air,no,no,18,Venmo,Annually
2249,63,male,T-shirt,Clothing,66,Rhode Island,M,Violet,Winter,3.4,no,Free Shipping,no,no,19,PayPal,Fortnightly
2250,42,male,Gloves,Accessories,45,Wyoming,XL,Indigo,Spring,4.3,no,Next Day Air,no,no,29,Debit Card,Weekly
2251,41,male,Shoes,Footwear,89,Colorado,L,Pink,Summer,4.6,no,Store Pickup,no,no,19,Credit Card,Weekly
2252,26,male,Shoes,Footwear,94,Virginia,L,Gold,Fall,3.8,no,Free Shipping,no,no,22,Debit Card,Monthly
2253,48,male,Shoes,Footwear,96,Nebraska,S,Maroon,Summer,3.9,no,Express,no,no,21,Bank Transfer,Annually
2254,62,male,Hoodie,Clothing,31,Oklahoma,M,Brown,Spring,2.6,no,Store Pickup,no,no,22,PayPal,Monthly
2255,24,male,Belt,Accessories,79,North Dakota,M,Gold,Winter,4.2,no,Store Pickup,no,no,44,PayPal,Every 3 Months
2256,48,male,Coat,Outerwear,39,Michigan,L,Teal,Spring,4.6,no,Store Pickup,no,no,42,Bank Transfer,Quarterly
2257,31,male,Blouse,Clothing,22,California,M,Turquoise,Fall,5,no,Standard,no,no,33,Credit Card,Quarterly
2258,41,male,Skirt,Clothing,32,Tennessee,L,Olive,Fall,4.2,no,Standard,no,no,6,Bank Transfer,Annually
2259,24,male,T-shirt,Clothing,71,Ohio,L,Cyan,Winter,4.3,no,Store Pickup,no,no,44,Credit Card,Every 3 Months
2260,60,male,Jeans,Clothing,96,Florida,XL,Beige,Spring,3.3,no,Free Shipping,no,no,24,Cash,Annually
2261,38,male,Scarf,Accessories,82,Missouri,M,Blue,Fall,4.9,no,Express,no,no,16,PayPal,Quarterly
2262,58,male,Backpack,Accessories,76,South Carolina,L,Gold,Spring,4.4,no,Standard,no,no,12,Bank Transfer,Fortnightly
2263,53,male,Backpack,Accessories,22,Arizona,M,Green,Winter,3.1,no,2-Day Shipping,no,no,50,PayPal,Monthly
2264,44,male,Scarf,Accessories,40,Indiana,XL,Green,Winter,3.5,no,Store Pickup,no,no,42,Cash,Quarterly
2265,51,male,Hat,Accessories,92,North Dakota,M,Turquoise,Summer,3.9,no,2-Day Shipping,no,no,50,PayPal,Monthly
2266,36,male,Coat,Outerwear,94,Montana,XL,Yellow,Fall,3.9,no,Store Pickup,no,no,10,PayPal,Quarterly
2267,20,male,Dress,Clothing,44,Missouri,M,Yellow,Fall,4.3,no,Store Pickup,no,no,32,Debit Card,Weekly
2268,32,male,Gloves,Accessories,49,Kentucky,S,Blue,Spring,3.8,no,Express,no,no,37,Venmo,Weekly
2269,66,male,Sweater,Clothing,26,Georgia,L,Charcoal,Spring,2.7,no,2-Day Shipping,no,no,15,Bank Transfer,Monthly
2270,49,male,Skirt,Clothing,38,Kentucky,M,Yellow,Fall,4.4,no,Store Pickup,no,no,27,Credit Card,Annually
2271,27,male,Blouse,Clothing,72,Georgia,L,Purple,Spring,3.5,no,Express,no,no,7,Venmo,Weekly
2272,29,male,Dress,Clothing,99,Alaska,M,Green,Summer,3.4,no,Free Shipping,no,no,49,PayPal,Quarterly
2273,29,male,Jacket,Outerwear,38,Maine,L,Charcoal,Spring,4,no,Standard,no,no,44,PayPal,Monthly
2274,55,male,Coat,Outerwear,96,New Mexico,L,Silver,Winter,4.8,no,Express,no,no,13,PayPal,Bi-Weekly
2275,57,male,Dress,Clothing,27,New York,L,Turquoise,Spring,4.5,no,Next Day Air,no,no,38,PayPal,Fortnightly
2276,29,male,Shorts,Clothing,24,Oklahoma,M,Gray,Winter,4.4,no,Standard,no,no,10,Debit Card,Weekly
2277,31,male,Jeans,Clothing,82,Wyoming,L,Red,Summer,4.1,no,2-Day Shipping,no,no,25,Debit Card,Weekly
2278,25,male,Hat,Accessories,56,Alabama,M,Beige,Summer,4.6,no,Next Day Air,no,no,18,Credit Card,Quarterly
2279,61,male,Gloves,Accessories,25,Maryland,M,Maroon,Fall,3.8,no,Store Pickup,no,no,6,Cash,Every 3 Months
2280,53,male,Sneakers,Footwear,67,West Virginia,L,Indigo,Spring,2.9,no,Free Shipping,no,no,35,Bank Transfer,Quarterly
2281,22,male,Shoes,Footwear,21,Kentucky,M,Red,Summer,2.8,no,Standard,no,no,31,Credit Card,Fortnightly
2282,28,male,Hoodie,Clothing,27,Kansas,XL,Maroon,Summer,3,no,Store Pickup,no,no,41,Bank Transfer,Annually
2283,18,male,Sneakers,Footwear,97,Idaho,S,Red,Fall,4.2,no,2-Day Shipping,no,no,8,Credit Card,Annually
2284,44,male,Handbag,Accessories,45,Ohio,S,Black,Winter,4.1,no,Free Shipping,no,no,34,Credit Card,Fortnightly
2285,32,male,Blouse,Clothing,63,Iowa,XL,Black,Fall,4.1,no,Express,no,no,20,Venmo,Annually
2286,34,male,Belt,Accessories,100,Michigan,L,Pink,Summer,4.6,no,2-Day Shipping,no,no,38,PayPal,Every 3 Months
2287,67,male,Socks,Clothing,38,South Dakota,L,Blue,Spring,2.5,no,Store Pickup,no,no,35,Venmo,Quarterly
2288,66,male,Blouse,Clothing,45,Nebraska,L,Green,Summer,3,no,Store Pickup,no,no,6,Debit Card,Annually
2289,28,male,Jewelry,Accessories,91,California,M,Orange,Fall,3.8,no,Next Day Air,no,no,50,PayPal,Weekly
2290,70,male,Shorts,Clothing,82,Nevada,M,Orange,Fall,4.1,no,Free Shipping,no,no,47,Venmo,Weekly
2291,37,male,Boots,Footwear,48,Kansas,L,Magenta,Winter,3.3,no,Standard,no,no,23,PayPal,Quarterly
2292,28,male,Coat,Outerwear,30,Ohio,M,Indigo,Spring,5,no,2-Day Shipping,no,no,13,Credit Card,Quarterly
2293,43,male,T-shirt,Clothing,34,Vermont,S,Beige,Spring,3.8,no,Next Day Air,no,no,31,Debit Card,Monthly
2294,37,male,Sweater,Clothing,68,Georgia,L,Green,Fall,3.3,no,Express,no,no,16,Debit Card,Every 3 Months
2295,54,male,Sunglasses,Accessories,95,Maryland,M,Red,Winter,5,no,Express,no,no,40,Debit Card,Annually
2296,50,male,Hat,Accessories,22,Connecticut,L,Beige,Spring,2.9,no,2-Day Shipping,no,no,45,PayPal,Quarterly
2297,46,male,Gloves,Accessories,88,Washington,M,Green,Fall,2.5,no,Next Day Air,no,no,50,Venmo,Every 3 Months
2298,60,male,Socks,Clothing,83,California,M,Orange,Summer,4.7,no,Standard,no,no,1,Bank Transfer,Quarterly
2299,40,male,Handbag,Accessories,87,Montana,L,Cyan,Spring,2.9,no,2-Day Shipping,no,no,10,Cash,Every 3 Months
2300,64,male,Coat,Outerwear,57,Idaho,M,Violet,Summer,3.7,no,Store Pickup,no,no,48,Credit Card,Every 3 Months
2301,18,male,Coat,Outerwear,88,Pennsylvania,XL,Lavender,Summer,4.4,no,2-Day Shipping,no,no,38,Credit Card,Monthly
2302,37,male,Pants,Clothing,20,Maine,L,Turquoise,Winter,2.9,no,Next Day Air,no,no,21,Debit Card,Annually
2303,36,male,Belt,Accessories,39,Montana,L,Pink,Summer,3.6,no,Store Pickup,no,no,38,Venmo,Monthly
2304,51,male,Sunglasses,Accessories,71,New Jersey,S,Beige,Spring,4.8,no,2-Day Shipping,no,no,31,Credit Card,Fortnightly
2305,26,male,Hoodie,Clothing,73,Louisiana,L,Silver,Winter,4.7,no,Free Shipping,no,no,9,Debit Card,Fortnightly
2306,68,male,Handbag,Accessories,63,Maine,M,Gold,Summer,2.6,no,Free Shipping,no,no,47,Cash,Weekly
2307,27,male,Gloves,Accessories,78,Florida,L,Silver,Winter,3.4,no,Standard,no,no,8,Cash,Bi-Weekly
2308,28,male,Skirt,Clothing,96,Missouri,L,Green,Fall,3.5,no,Next Day Air,no,no,30,Debit Card,Annually
2309,49,male,Sunglasses,Accessories,81,North Dakota,M,Teal,Winter,3.4,no,2-Day Shipping,no,no,22,Bank Transfer,Quarterly
2310,70,male,Dress,Clothing,95,Connecticut,S,Gold,Fall,5,no,2-Day Shipping,no,no,3,Bank Transfer,Quarterly
2311,30,male,Gloves,Accessories,68,Virginia,M,Cyan,Spring,4.6,no,Standard,no,no,15,PayPal,Monthly
2312,27,male,Sneakers,Footwear,28,Montana,L,Gold,Spring,4.8,no,2-Day Shipping,no,no,10,Bank Transfer,Every 3 Months
2313,19,male,T-shirt,Clothing,30,Vermont,L,Violet,Summer,3.7,no,Free Shipping,no,no,19,Cash,Every 3 Months
2314,64,male,Dress,Clothing,31,Georgia,M,Black,Summer,4.7,no,Next Day Air,no,no,36,Bank Transfer,Fortnightly
2315,42,male,Handbag,Accessories,95,Virginia,XL,Brown,Winter,4.4,no,Express,no,no,12,Bank Transfer,Every 3 Months
2316,69,male,Socks,Clothing,79,Vermont,M,Indigo,Winter,3.5,no,2-Day Shipping,no,no,49,Debit Card,Quarterly
2317,28,male,Sneakers,Footwear,39,Montana,L,Yellow,Winter,3.8,no,Standard,no,no,7,Debit Card,Annually
2318,47,male,Jacket,Outerwear,34,New Jersey,M,Purple,Summer,4.7,no,Next Day Air,no,no,28,Bank Transfer,Monthly
2319,69,male,Hoodie,Clothing,28,Wyoming,L,White,Spring,3.1,no,Store Pickup,no,no,30,Credit Card,Annually
2320,56,male,Sandals,Footwear,38,Maine,XL,Turquoise,Winter,5,no,Free Shipping,no,no,29,PayPal,Monthly
2321,28,male,Shoes,Footwear,55,New Mexico,M,Olive,Spring,3.7,no,Free Shipping,no,no,9,Debit Card,Every 3 Months
2322,50,male,Sandals,Footwear,31,Colorado,M,Beige,Winter,3,no,Next Day Air,no,no,27,Debit Card,Fortnightly
2323,39,male,Coat,Outerwear,84,Connecticut,S,Lavender,Spring,4.5,no,Store Pickup,no,no,21,Venmo,Fortnightly
2324,35,male,Gloves,Accessories,93,Maryland,L,White,Winter,4.7,no,Express,no,no,36,Credit Card,Monthly
2325,59,male,Coat,Outerwear,28,Oregon,L,Brown,Winter,3.5,no,Free Shipping,no,no,19,Debit Card,Annually
2326,44,male,Boots,Footwear,55,New York,M,Charcoal,Summer,4.4,no,2-Day Shipping,no,no,47,Cash,Weekly
2327,66,male,Skirt,Clothing,63,Oklahoma,L,Maroon,Winter,2.6,no,Standard,no,no,38,Bank Transfer,Annually
2328,20,male,Skirt,Clothing,94,Alabama,M,Red,Winter,4.2,no,2-Day Shipping,no,no,22,Venmo,Bi-Weekly
2329,45,male,Pants,Clothing,36,North Dakota,M,Maroon,Fall,2.6,no,Express,no,no,29,Venmo,Bi-Weekly
2330,49,male,Hat,Accessories,97,Nebraska,S,Teal,Spring,4.8,no,Free Shipping,no,no,42,Bank Transfer,Annually
2331,60,male,Backpack,Accessories,63,Arizona,L,Orange,Summer,2.9,no,Store Pickup,no,no,47,PayPal,Every 3 Months
2332,61,male,Scarf,Accessories,77,Illinois,S,Olive,Spring,4.3,no,2-Day Shipping,no,no,10,Credit Card,Bi-Weekly
2333,36,male,Scarf,Accessories,53,South Carolina,XL,Olive,Fall,2.6,no,Store Pickup,no,no,10,Venmo,Monthly
2334,33,male,Shirt,Clothing,77,Kansas,M,Beige,Spring,3.8,no,Next Day Air,no,no,1,PayPal,Every 3 Months
2335,49,male,Boots,Footwear,79,Kansas,L,Green,Summer,4.2,no,Standard,no,no,7,Credit Card,Monthly
2336,31,male,Coat,Outerwear,37,Idaho,M,Black,Summer,3.9,no,Store Pickup,no,no,10,Venmo,Fortnightly
2337,19,male,Belt,Accessories,94,California,M,Green,Winter,3.1,no,Free Shipping,no,no,11,Credit Card,Weekly
2338,39,male,Boots,Footwear,76,North Dakota,S,Violet,Fall,3.6,no,Store Pickup,no,no,5,Cash,Annually
2339,66,male,Sneakers,Footwear,68,Georgia,S,Silver,Fall,4,no,Express,no,no,21,PayPal,Quarterly
2340,25,male,Shirt,Clothing,65,Illinois,L,Maroon,Spring,3.4,no,Next Day Air,no,no,24,Bank Transfer,Quarterly
2341,63,male,Blouse,Clothing,24,Delaware,M,Cyan,Summer,2.6,no,Standard,no,no,37,Credit Card,Fortnightly
2342,56,male,Jacket,Outerwear,31,Connecticut,L,Teal,Summer,4.5,no,Express,no,no,22,Venmo,Every 3 Months
2343,20,male,Skirt,Clothing,89,Tennessee,M,Olive,Fall,4.9,no,Standard,no,no,16,Debit Card,Fortnightly
2344,58,male,Socks,Clothing,49,Maryland,M,Red,Summer,4.4,no,2-Day Shipping,no,no,44,PayPal,Monthly
2345,34,male,Sandals,Footwear,92,Rhode Island,XL,Lavender,Fall,3.5,no,Express,no,no,14,Venmo,Bi-Weekly
2346,28,male,T-shirt,Clothing,32,New York,S,Orange,Winter,3.3,no,Express,no,no,23,Bank Transfer,Every 3 Months
2347,22,male,Jacket,Outerwear,67,New Mexico,L,Brown,Winter,3.1,no,Standard,no,no,46,Debit Card,Fortnightly
2348,37,male,Belt,Accessories,64,California,S,Gray,Fall,4.2,no,Express,no,no,46,Cash,Every 3 Months
2349,54,male,Shoes,Footwear,84,Maine,M,Orange,Spring,4.9,no,Next Day Air,no,no,16,PayPal,Every 3 Months
2350,65,male,Blouse,Clothing,34,New York,M,Orange,Fall,3.9,no,Standard,no,no,40,Credit Card,Every 3 Months
2351,57,male,Shoes,Footwear,26,Hawaii,M,Turquoise,Winter,4.2,no,Free Shipping,no,no,21,Cash,Annually
2352,38,male,Sweater,Clothing,50,New Hampshire,S,Cyan,Fall,4.9,no,Store Pickup,no,no,25,PayPal,Bi-Weekly
2353,70,male,Boots,Footwear,46,Nebraska,M,Yellow,Fall,2.8,no,Store Pickup,no,no,25,Bank Transfer,Quarterly
2354,56,male,Handbag,Accessories,71,Montana,M,White,Fall,4.1,no,Standard,no,no,25,Debit Card,Every 3 Months
2355,56,male,Blouse,Clothing,78,Wisconsin,M,Blue,Summer,4.8,no,Next Day Air,no,no,27,Venmo,Monthly
2356,22,male,Skirt,Clothing,35,Tennessee,S,Purple,Winter,4.1,no,Next Day Air,no,no,12,Cash,Monthly
2357,57,male,Backpack,Accessories,58,Montana,M,Gray,Summer,3,no,Free Shipping,no,no,27,Debit Card,Quarterly
2358,53,male,Shirt,Clothing,67,Michigan,L,Cyan,Fall,4.2,no,2-Day Shipping,no,no,40,Credit Card,Bi-Weekly
2359,53,male,Sweater,Clothing,93,Texas,L,Pink,Spring,3.8,no,Standard,no,no,38,Credit Card,Quarterly
2360,19,male,Scarf,Accessories,81,Pennsylvania,S,Gold,Spring,3.3,no,2-Day Shipping,no,no,44,Bank Transfer,Every 3 Months
2361,49,male,Handbag,Accessories,80,New York,L,Silver,Fall,4.7,no,2-Day Shipping,no,no,27,Venmo,Every 3 Months
2362,44,male,Scarf,Accessories,64,Alabama,M,Gray,Spring,4.3,no,2-Day Shipping,no,no,30,Credit Card,Every 3 Months
2363,27,male,Jeans,Clothing,41,Virginia,M,Brown,Fall,2.7,no,Standard,no,no,24,Credit Card,Monthly
2364,60,male,Socks,Clothing,79,Pennsylvania,XL,Pink,Winter,4.2,no,Express,no,no,38,Cash,Bi-Weekly
2365,62,male,Sunglasses,Accessories,60,Mississippi,L,Maroon,Winter,4.2,no,Free Shipping,no,no,4,PayPal,Quarterly
2366,52,male,Sneakers,Footwear,91,Wyoming,S,Peach,Winter,2.5,no,Next Day Air,no,no,32,Venmo,Monthly
2367,30,male,Shoes,Footwear,66,New Mexico,L,Brown,Winter,3.6,no,Express,no,no,32,Credit Card,Fortnightly
2368,66,male,Socks,Clothing,85,North Dakota,L,Green,Winter,3.4,no,Standard,no,no,28,Bank Transfer,Bi-Weekly
2369,29,male,Sunglasses,Accessories,38,New Jersey,M,Lavender,Summer,3.3,no,Standard,no,no,6,Debit Card,Every 3 Months
2370,24,male,Sweater,Clothing,23,Vermont,M,Cyan,Winter,4.6,no,Standard,no,no,24,PayPal,Monthly
2371,51,male,Shoes,Footwear,71,Alaska,M,Black,Spring,3.9,no,Store Pickup,no,no,38,Venmo,Weekly
2372,67,male,Socks,Clothing,25,Indiana,M,Charcoal,Winter,3.7,no,Next Day Air,no,no,28,Debit Card,Annually
2373,50,male,Boots,Footwear,39,Alabama,XL,Silver,Spring,3.1,no,Express,no,no,9,PayPal,Fortnightly
2374,37,male,Hoodie,Clothing,20,Michigan,M,Gray,Spring,4.9,no,Express,no,no,21,Debit Card,Every 3 Months
2375,69,male,Gloves,Accessories,73,Washington,L,Peach,Winter,4.7,no,Standard,no,no,31,Debit Card,Monthly
2376,60,male,Backpack,Accessories,63,Virginia,L,Peach,Fall,2.9,no,Next Day Air,no,no,18,Credit Card,Quarterly
2377,21,male,Gloves,Accessories,94,Tennessee,XL,Cyan,Spring,4.1,no,Express,no,no,5,Cash,Weekly
2378,44,male,Blouse,Clothing,94,South Dakota,L,Magenta,Fall,4,no,Next Day Air,no,no,22,Cash,Annually
2379,26,male,Scarf,Accessories,71,New Hampshire,L,Teal,Summer,2.7,no,Store Pickup,no,no,37,PayPal,Bi-Weekly
2380,40,male,Hat,Accessories,77,South Dakota,M,Peach,Spring,4,no,2-Day Shipping,no,no,22,Debit Card,Monthly
2381,41,male,Scarf,Accessories,66,Pennsylvania,M,Black,Fall,2.5,no,Next Day Air,no,no,36,PayPal,Fortnightly
2382,62,male,Sandals,Footwear,23,Wisconsin,M,Teal,Summer,4.5,no,Free Shipping,no,no,23,PayPal,Annually
2383,39,male,Sweater,Clothing,60,California,M,Turquoise,Spring,3.9,no,Express,no,no,44,Debit Card,Weekly
2384,53,male,Backpack,Accessories,72,Rhode Island,L,Gold,Spring,4.9,no,2-Day Shipping,no,no,25,Bank Transfer,Annually
2385,24,male,Blouse,Clothing,35,Alabama,L,Green,Winter,3.3,no,2-Day Shipping,no,no,40,PayPal,Quarterly
2386,41,male,Scarf,Accessories,31,Oklahoma,M,Brown,Fall,3.8,no,Express,no,no,12,PayPal,Weekly
2387,19,male,Socks,Clothing,33,Illinois,L,Blue,Summer,2.9,no,Standard,no,no,14,Venmo,Monthly
2388,36,male,Hat,Accessories,95,Tennessee,M,Gold,Summer,4,no,2-Day Shipping,no,no,14,Debit Card,Monthly
2389,21,male,Dress,Clothing,68,Alabama,M,Peach,Fall,4.1,no,Store Pickup,no,no,10,Debit Card,Annually
2390,25,male,Coat,Outerwear,87,Kansas,M,Violet,Spring,3.1,no,Store Pickup,no,no,17,Bank Transfer,Every 3 Months
2391,65,male,Shirt,Clothing,64,Arizona,XL,Yellow,Winter,4.6,no,Express,no,no,24,Debit Card,Fortnightly
2392,42,male,Shirt,Clothing,74,Michigan,M,Black,Winter,4.6,no,Next Day Air,no,no,31,Bank Transfer,Quarterly
2393,40,male,Jeans,Clothing,62,Missouri,L,Silver,Spring,2.6,no,2-Day Shipping,no,no,36,Cash,Annually
2394,58,male,Socks,Clothing,97,Louisiana,M,Brown,Winter,5,no,2-Day Shipping,no,no,38,PayPal,Every 3 Months
2395,40,male,Sandals,Footwear,47,Connecticut,L,Peach,Fall,2.9,no,2-Day Shipping,no,no,23,Debit Card,Fortnightly
2396,62,male,Blouse,Clothing,83,Connecticut,M,Cyan,Winter,3.5,no,2-Day Shipping,no,no,47,PayPal,Bi-Weekly
2397,38,male,Shirt,Clothing,82,Oregon,M,Olive,Spring,3.7,no,2-Day Shipping,no,no,20,Venmo,Weekly
2398,37,male,Sunglasses,Accessories,26,West Virginia,L,Black,Fall,2.9,no,Store Pickup,no,no,41,Venmo,Monthly
2399,65,male,Jacket,Outerwear,81,Florida,M,Orange,Winter,4.3,no,Free Shipping,no,no,44,Bank Transfer,Fortnightly
2400,55,male,Dress,Clothing,44,New Hampshire,L,Beige,Spring,3.2,no,Store Pickup,no,no,31,Cash,Monthly
2401,43,male,Sunglasses,Accessories,88,Oregon,M,Peach,Winter,4.2,no,Next Day Air,no,no,11,Credit Card,Bi-Weekly
2402,43,male,Boots,Footwear,76,Oregon,M,Pink,Winter,4.2,no,Standard,no,no,25,PayPal,Bi-Weekly
2403,45,male,Scarf,Accessories,89,Utah,M,Brown,Winter,3.8,no,Free Shipping,no,no,31,Cash,Weekly
2404,64,male,Shorts,Clothing,22,Missouri,M,Magenta,Fall,4.4,no,Standard,no,no,40,Debit Card,Weekly
2405,28,male,Shorts,Clothing,33,West Virginia,L,Cyan,Winter,3.1,no,2-Day Shipping,no,no,23,Credit Card,Bi-Weekly
2406,69,male,Jeans,Clothing,97,California,XL,Silver,Fall,5,no,Standard,no,no,5,Debit Card,Quarterly
2407,54,male,Scarf,Accessories,57,California,M,Indigo,Winter,4.7,no,Standard,no,no,26,PayPal,Weekly
2408,52,male,Shorts,Clothing,38,Illinois,M,Beige,Summer,3,no,Express,no,no,11,Credit Card,Bi-Weekly
2409,23,male,Sneakers,Footwear,55,Hawaii,XL,Black,Fall,4.2,no,Next Day Air,no,no,44,Debit Card,Every 3 Months
2410,26,male,Jewelry,Accessories,37,Washington,L,Yellow,Spring,3,no,Store Pickup,no,no,47,Cash,Every 3 Months
2411,48,male,Shoes,Footwear,43,Wisconsin,M,Maroon,Summer,3.7,no,Free Shipping,no,no,46,PayPal,Monthly
2412,49,male,Hoodie,Clothing,96,Virginia,M,Cyan,Summer,2.7,no,Free Shipping,no,no,35,Cash,Every 3 Months
2413,53,male,Jacket,Outerwear,51,Oregon,M,Pink,Winter,4.3,no,2-Day Shipping,no,no,8,Bank Transfer,Bi-Weekly
2414,69,male,Shorts,Clothing,95,Pennsylvania,XL,Violet,Fall,2.7,no,2-Day Shipping,no,no,30,Bank Transfer,Weekly
2415,26,male,Socks,Clothing,26,Virginia,M,Lavender,Summer,3.7,no,Next Day Air,no,no,14,Credit Card,Bi-Weekly
2416,21,male,Coat,Outerwear,34,Hawaii,XL,Lavender,Fall,4.3,no,Standard,no,no,30,Bank Transfer,Weekly
2417,59,male,Sandals,Footwear,83,Nebraska,S,Black,Summer,4,no,Next Day Air,no,no,26,Credit Card,Every 3 Months
2418,21,male,Backpack,Accessories,24,Alaska,M,Olive,Fall,3.3,no,Standard,no,no,32,Venmo,Fortnightly
2419,22,male,Pants,Clothing,69,Michigan,S,Indigo,Fall,4,no,Next Day Air,no,no,47,Cash,Every 3 Months
2420,26,male,Sweater,Clothing,40,North Carolina,M,Blue,Fall,2.7,no,Next Day Air,no,no,11,Credit Card,Every 3 Months
2421,41,male,Jacket,Outerwear,87,North Carolina,S,Green,Winter,4.2,no,Free Shipping,no,no,28,PayPal,Annually
2422,37,male,Sneakers,Footwear,46,Minnesota,L,Pink,Spring,4.6,no,Standard,no,no,2,Debit Card,Every 3 Months
2423,30,male,Jewelry,Accessories,82,Georgia,M,Peach,Winter,4.8,no,Store Pickup,no,no,45,Credit Card,Weekly
2424,49,male,Backpack,Accessories,81,West Virginia,M,Purple,Summer,2.8,no,Free Shipping,no,no,7,Credit Card,Every 3 Months
2425,49,male,Jewelry,Accessories,57,Delaware,M,Peach,Winter,4.5,no,Next Day Air,no,no,28,Bank Transfer,Bi-Weekly
2426,58,male,Shoes,Footwear,49,North Dakota,S,Olive,Summer,3,no,2-Day Shipping,no,no,34,Bank Transfer,Quarterly
2427,70,male,Jacket,Outerwear,42,Florida,M,Olive,Fall,4.6,no,Free Shipping,no,no,26,Debit Card,Every 3 Months
2428,27,male,Jacket,Outerwear,26,Oregon,M,Purple,Spring,3.3,no,Standard,no,no,45,Cash,Quarterly
2429,65,male,T-shirt,Clothing,38,Idaho,M,Violet,Spring,4.4,no,Next Day Air,no,no,34,Debit Card,Annually
2430,57,male,Sneakers,Footwear,57,Virginia,XL,Maroon,Summer,4.4,no,Standard,no,no,47,Credit Card,Fortnightly
2431,20,male,Jacket,Outerwear,100,North Dakota,XL,White,Summer,4.3,no,Express,no,no,42,Cash,Quarterly
2432,34,male,Hoodie,Clothing,73,Alabama,S,Olive,Fall,3.4,no,Express,no,no,27,Bank Transfer,Every 3 Months
2433,59,male,Jacket,Outerwear,66,Hawaii,M,Peach,Winter,2.8,no,Store Pickup,no,no,43,Venmo,Monthly
2434,54,male,T-shirt,Clothing,73,Oregon,M,Blue,Spring,3.4,no,Standard,no,no,16,Cash,Bi-Weekly
2435,36,male,Gloves,Accessories,45,Utah,M,Brown,Spring,5,no,Store Pickup,no,no,40,Credit Card,Monthly
2436,21,male,Sneakers,Footwear,27,Hawaii,S,Black,Fall,4.5,no,Free Shipping,no,no,29,Cash,Bi-Weekly
2437,52,male,T-shirt,Clothing,24,Connecticut,M,Yellow,Fall,2.7,no,Store Pickup,no,no,38,Credit Card,Quarterly
2438,43,male,Sneakers,Footwear,59,Wyoming,XL,Magenta,Winter,3.4,no,Store Pickup,no,no,34,Credit Card,Weekly
2439,32,male,Jeans,Clothing,20,Delaware,S,Cyan,Winter,3.4,no,Express,no,no,30,Venmo,Weekly
2440,55,male,Handbag,Accessories,44,Arkansas,M,Maroon,Summer,2.8,no,Standard,no,no,45,Bank Transfer,Annually
2441,31,male,Socks,Clothing,90,Indiana,M,Red,Spring,4.7,no,Standard,no,no,47,Bank Transfer,Annually
2442,45,male,Jewelry,Accessories,36,California,M,Black,Fall,4.7,no,Free Shipping,no,no,5,Credit Card,Monthly
2443,53,male,Blouse,Clothing,95,Wyoming,L,Violet,Winter,4.7,no,Free Shipping,no,no,50,Debit Card,Bi-Weekly
2444,24,male,Backpack,Accessories,30,South Dakota,M,Green,Spring,3.4,no,2-Day Shipping,no,no,24,Bank Transfer,Bi-Weekly
2445,47,male,Scarf,Accessories,65,West Virginia,S,Gold,Fall,3.7,no,Express,no,no,15,Debit Card,Bi-Weekly
2446,63,male,Scarf,Accessories,96,Tennessee,M,Brown,Summer,4.1,no,Store Pickup,no,no,50,Cash,Weekly
2447,38,male,Shirt,Clothing,65,Alaska,L,Peach,Spring,2.9,no,2-Day Shipping,no,no,7,Credit Card,Monthly
2448,59,male,Pants,Clothing,47,South Dakota,L,Peach,Fall,3.2,no,Store Pickup,no,no,10,Venmo,Fortnightly
2449,54,male,Hat,Accessories,25,Tennessee,S,Violet,Fall,3,no,Free Shipping,no,no,38,PayPal,Bi-Weekly
2450,26,male,Coat,Outerwear,56,Alabama,S,Violet,Fall,4.1,no,Express,no,no,31,Venmo,Fortnightly
2451,68,male,T-shirt,Clothing,76,North Carolina,M,Magenta,Fall,4.5,no,Standard,no,no,7,Venmo,Quarterly
2452,41,male,Socks,Clothing,60,Oklahoma,M,Purple,Fall,3.4,no,Store Pickup,no,no,27,Venmo,Monthly
2453,68,male,Shirt,Clothing,67,New York,L,Purple,Winter,4.1,no,Express,no,no,45,Bank Transfer,Every 3 Months
2454,21,male,Sweater,Clothing,95,Iowa,XL,Cyan,Spring,4.6,no,Store Pickup,no,no,13,Cash,Annually
2455,32,male,Gloves,Accessories,72,Alaska,M,Magenta,Winter,4.6,no,Express,no,no,33,Venmo,Annually
2456,20,male,Belt,Accessories,98,Alaska,L,Lavender,Spring,3.4,no,Express,no,no,25,Cash,Every 3 Months
2457,59,male,Jeans,Clothing,83,Nebraska,M,Green,Winter,3.3,no,2-Day Shipping,no,no,5,PayPal,Monthly
2458,53,male,Handbag,Accessories,37,Delaware,M,Maroon,Fall,3.6,no,2-Day Shipping,no,no,23,Cash,Quarterly
2459,66,male,T-shirt,Clothing,85,Texas,L,Turquoise,Fall,4.6,no,Free Shipping,no,no,17,Bank Transfer,Weekly
2460,47,male,Socks,Clothing,36,Missouri,L,Violet,Fall,4.3,no,2-Day Shipping,no,no,14,Cash,Weekly
2461,58,male,Jeans,Clothing,36,Maine,S,Lavender,Winter,4,no,Store Pickup,no,no,28,Credit Card,Annually
2462,28,male,Scarf,Accessories,86,Pennsylvania,L,Red,Summer,4.8,no,Next Day Air,no,no,19,Credit Card,Weekly
2463,68,male,Pants,Clothing,99,Missouri,XL,Orange,Spring,4.3,no,Standard,no,no,31,Bank Transfer,Bi-Weekly
2464,60,male,Blouse,Clothing,21,Mississippi,XL,Indigo,Summer,3.3,no,Standard,no,no,25,Cash,Bi-Weekly
2465,47,male,Jacket,Outerwear,84,Hawaii,L,Teal,Winter,2.8,no,Express,no,no,4,Cash,Bi-Weekly
2466,18,male,Sandals,Footwear,63,Texas,M,Brown,Spring,4.4,no,Free Shipping,no,no,20,Bank Transfer,Weekly
2467,32,male,Shorts,Clothing,84,South Dakota,S,Pink,Summer,3.7,no,Express,no,no,37,Cash,Annually
2468,27,male,Shorts,Clothing,72,New Jersey,M,Lavender,Spring,3.6,no,Express,no,no,28,Credit Card,Annually
2469,65,male,Skirt,Clothing,21,Connecticut,L,Cyan,Winter,3.7,no,2-Day Shipping,no,no,6,Venmo,Weekly
2470,68,male,Sandals,Footwear,92,Maryland,M,Yellow,Fall,5,no,Standard,no,no,27,PayPal,Annually
2471,55,male,Blouse,Clothing,72,Arizona,XL,Pink,Fall,2.7,no,Next Day Air,no,no,29,Credit Card,Fortnightly
2472,30,male,Sandals,Footwear,83,Oklahoma,M,Gray,Spring,4.3,no,Store Pickup,no,no,1,Cash,Annually
2473,24,male,Shirt,Clothing,73,Utah,M,Peach,Summer,4.1,no,Standard,no,no,31,Credit Card,Annually
2474,57,male,Socks,Clothing,98,Arkansas,M,Red,Winter,2.6,no,Next Day Air,no,no,28,Cash,Quarterly
2475,23,male,T-shirt,Clothing,76,North Carolina,M,Olive,Fall,3.2,no,Store Pickup,no,no,19,Bank Transfer,Quarterly
2476,69,male,Dress,Clothing,43,California,S,Lavender,Summer,3.5,no,Next Day Air,no,no,36,Venmo,Monthly
2477,60,male,Hat,Accessories,60,Colorado,M,Turquoise,Summer,3.7,no,Next Day Air,no,no,28,Cash,Monthly
2478,25,male,Gloves,Accessories,40,California,L,Turquoise,Spring,3.8,no,2-Day Shipping,no,no,29,PayPal,Weekly
2479,18,male,Socks,Clothing,93,Vermont,S,Maroon,Winter,4.8,no,2-Day Shipping,no,no,9,Bank Transfer,Every 3 Months
2480,37,male,Dress,Clothing,98,Kansas,S,Olive,Fall,4.2,no,Standard,no,no,26,Credit Card,Every 3 Months
2481,61,male,Socks,Clothing,91,Ohio,XL,Maroon,Summer,2.9,no,Next Day Air,no,no,7,Credit Card,Fortnightly
2482,41,male,Belt,Accessories,92,New Jersey,XL,Cyan,Fall,2.9,no,Free Shipping,no,no,35,Debit Card,Weekly
2483,69,male,Handbag,Accessories,87,Arizona,S,Peach,Winter,4.8,no,Next Day Air,no,no,46,Credit Card,Every 3 Months
2484,32,male,Skirt,Clothing,96,Arizona,S,Teal,Fall,2.9,no,Standard,no,no,8,Debit Card,Monthly
2485,60,male,Hoodie,Clothing,97,New Hampshire,M,Green,Summer,4.8,no,2-Day Shipping,no,no,50,Cash,Every 3 Months
2486,43,male,Blouse,Clothing,55,Louisiana,M,Beige,Spring,4.6,no,2-Day Shipping,no,no,37,Bank Transfer,Annually
2487,61,male,Jeans,Clothing,58,Texas,L,Magenta,Spring,4.4,no,Store Pickup,no,no,6,Credit Card,Fortnightly
2488,57,male,Boots,Footwear,21,Montana,L,Violet,Spring,3,no,Next Day Air,no,no,16,PayPal,Bi-Weekly
2489,56,male,Handbag,Accessories,82,New Hampshire,XL,Charcoal,Summer,4.4,no,Express,no,no,30,PayPal,Monthly
2490,66,male,Coat,Outerwear,34,South Dakota,M,Green,Winter,3.9,no,Express,no,no,50,Venmo,Quarterly
2491,52,male,Blouse,Clothing,78,Montana,M,Gray,Spring,4,no,Free Shipping,no,no,5,Cash,Every 3 Months
2492,63,male,Handbag,Accessories,47,North Carolina,M,Magenta,Spring,2.5,no,Express,no,no,15,Bank Transfer,Monthly
2493,50,male,Sunglasses,Accessories,96,South Dakota,S,Silver,Summer,4.1,no,Next Day Air,no,no,34,Bank Transfer,Bi-Weekly
2494,21,male,Socks,Clothing,23,Maine,S,Beige,Fall,4.8,no,2-Day Shipping,no,no,6,Venmo,Every 3 Months
2495,42,male,Shoes,Footwear,27,Oklahoma,S,Peach,Winter,2.6,no,Store Pickup,no,no,26,Debit Card,Annually
2496,40,male,Backpack,Accessories,37,Nebraska,XL,Orange,Spring,3.1,no,Free Shipping,no,no,34,Credit Card,Every 3 Months
2497,67,male,Scarf,Accessories,79,Illinois,S,Yellow,Summer,3.2,no,Store Pickup,no,no,37,Credit Card,Weekly
2498,35,male,Backpack,Accessories,40,Colorado,M,Violet,Summer,4.2,no,Standard,no,no,28,Bank Transfer,Annually
2499,18,male,Coat,Outerwear,39,Massachusetts,S,Green,Fall,2.6,no,Next Day Air,no,no,38,Cash,Fortnightly
2500,52,male,Hoodie,Clothing,73,Louisiana,L,Pink,Summer,3.1,no,Next Day Air,no,no,2,Cash,Quarterly
2501,59,male,Gloves,Accessories,84,Massachusetts,M,Violet,Fall,2.9,no,Store Pickup,no,no,32,Cash,Bi-Weekly
2502,49,male,Shorts,Clothing,94,West Virginia,M,Violet,Fall,4.6,no,Free Shipping,no,no,30,Venmo,Bi-Weekly
2503,46,male,Skirt,Clothing,47,Idaho,L,Pink,Spring,4.1,no,Standard,no,no,17,PayPal,Every 3 Months
2504,69,male,Boots,Footwear,77,Ohio,M,Violet,Summer,2.5,no,Store Pickup,no,no,5,Debit Card,Bi-Weekly
2505,56,male,Shorts,Clothing,94,Rhode Island,M,Turquoise,Winter,4,no,Store Pickup,no,no,31,Cash,Bi-Weekly
2506,27,male,Handbag,Accessories,75,Illinois,M,Cyan,Summer,3.5,no,Express,no,no,43,PayPal,Quarterly
2507,57,male,Dress,Clothing,82,New York,XL,Orange,Spring,4.4,no,Free Shipping,no,no,19,Venmo,Annually
2508,58,male,Shoes,Footwear,36,Louisiana,M,Cyan,Fall,2.9,no,Store Pickup,no,no,32,Credit Card,Every 3 Months
2509,23,male,Sneakers,Footwear,90,California,XL,Indigo,Spring,3.1,no,2-Day Shipping,no,no,5,Debit Card,Bi-Weekly
2510,19,male,Socks,Clothing,48,Washington,M,Black,Spring,4.4,no,Free Shipping,no,no,9,Bank Transfer,Quarterly
2511,40,male,Jacket,Outerwear,42,South Dakota,L,Purple,Winter,4.4,no,Standard,no,no,48,Credit Card,Weekly
2512,54,male,Backpack,Accessories,33,Idaho,M,Cyan,Summer,2.7,no,Store Pickup,no,no,1,PayPal,Quarterly
2513,50,male,Socks,Clothing,63,North Dakota,M,Green,Summer,4.9,no,Free Shipping,no,no,20,Credit Card,Monthly
2514,69,male,Handbag,Accessories,53,Washington,L,Teal,Winter,3.5,no,2-Day Shipping,no,no,42,Cash,Annually
2515,42,male,Hat,Accessories,37,Alaska,L,Teal,Spring,4.8,no,Free Shipping,no,no,45,PayPal,Bi-Weekly
2516,37,male,Blouse,Clothing,92,Kansas,M,Magenta,Summer,4.2,no,2-Day Shipping,no,no,41,Cash,Monthly
2517,46,male,Shorts,Clothing,73,Utah,XL,Brown,Spring,4.6,no,Standard,no,no,36,Debit Card,Quarterly
2518,64,male,Shirt,Clothing,38,Wyoming,L,Orange,Spring,2.9,no,Standard,no,no,10,Venmo,Annually
2519,20,male,Boots,Footwear,51,Maine,XL,Blue,Fall,4,no,Store Pickup,no,no,31,Venmo,Annually
2520,40,male,Jacket,Outerwear,90,Michigan,L,Magenta,Spring,4.9,no,Standard,no,no,21,Credit Card,Quarterly
2521,64,male,Jacket,Outerwear,56,Illinois,L,Magenta,Summer,3.1,no,Next Day Air,no,no,16,Cash,Every 3 Months
2522,29,male,Handbag,Accessories,33,Minnesota,M,Magenta,Fall,4.4,no,Standard,no,no,18,PayPal,Every 3 Months
2523,20,male,Belt,Accessories,53,Massachusetts,S,Olive,Winter,2.5,no,2-Day Shipping,no,no,20,Debit Card,Weekly
2524,43,male,Handbag,Accessories,24,New Jersey,S,Cyan,Spring,3.4,no,Express,no,no,21,Bank Transfer,Annually
2525,60,male,Coat,Outerwear,59,Kansas,M,Purple,Spring,3.7,no,Express,no,no,23,Credit Card,Quarterly
2526,39,male,Sweater,Clothing,72,Kentucky,M,Purple,Winter,4.2,no,Standard,no,no,20,PayPal,Weekly
2527,47,male,Shorts,Clothing,28,Rhode Island,S,Peach,Spring,3.4,no,Express,no,no,30,PayPal,Bi-Weekly
2528,19,male,Pants,Clothing,36,Illinois,M,Gold,Fall,3.6,no,Express,no,no,33,Bank Transfer,Every 3 Months
2529,52,male,Jewelry,Accessories,47,Alabama,S,Peach,Fall,4.7,no,2-Day Shipping,no,no,31,Debit Card,Monthly
2530,34,male,Gloves,Accessories,62,Tennessee,M,Magenta,Spring,4.7,no,Next Day Air,no,no,48,Bank Transfer,Monthly
2531,25,male,Skirt,Clothing,98,Massachusetts,S,Cyan,Spring,3.6,no,Free Shipping,no,no,28,Debit Card,Weekly
2532,43,male,Sandals,Footwear,28,Texas,M,Violet,Summer,4.6,no,Free Shipping,no,no,7,Cash,Every 3 Months
2533,55,male,Socks,Clothing,86,Nebraska,S,Charcoal,Summer,2.6,no,Next Day Air,no,no,4,Debit Card,Weekly
2534,66,male,Jewelry,Accessories,46,Pennsylvania,S,Blue,Summer,3.1,no,Standard,no,no,49,Cash,Bi-Weekly
2535,41,male,Sunglasses,Accessories,42,Virginia,XL,Red,Fall,3.2,no,Free Shipping,no,no,22,Cash,Weekly
2536,47,male,Coat,Outerwear,80,Vermont,S,Purple,Winter,3.9,no,Express,no,no,39,Bank Transfer,Fortnightly
2537,51,male,Belt,Accessories,39,Oklahoma,L,Gray,Spring,4.9,no,Express,no,no,45,PayPal,Every 3 Months
2538,44,male,Coat,Outerwear,49,Maine,M,Purple,Summer,4.1,no,2-Day Shipping,no,no,30,PayPal,Fortnightly
2539,18,male,Scarf,Accessories,32,New Jersey,M,Silver,Summer,4.2,no,Next Day Air,no,no,33,Credit Card,Bi-Weekly
2540,33,male,Sandals,Footwear,73,Massachusetts,M,Purple,Fall,4.1,no,Next Day Air,no,no,24,Cash,Bi-Weekly
2541,24,male,Belt,Accessories,42,New Jersey,M,Charcoal,Summer,3.9,no,Free Shipping,no,no,11,Debit Card,Quarterly
2542,33,male,Scarf,Accessories,58,Washington,M,Silver,Spring,2.7,no,Next Day Air,no,no,13,Venmo,Every 3 Months
2543,61,male,Jewelry,Accessories,22,Arkansas,M,White,Winter,3.7,no,Express,no,no,27,PayPal,Annually
2544,27,male,Scarf,Accessories,56,West Virginia,L,Peach,Spring,2.7,no,Next Day Air,no,no,30,PayPal,Bi-Weekly
2545,46,male,Pants,Clothing,70,Delaware,M,Red,Spring,2.5,no,Next Day Air,no,no,39,Venmo,Quarterly
2546,38,male,Shoes,Footwear,50,Texas,L,Olive,Spring,3.9,no,Free Shipping,no,no,10,Debit Card,Annually
2547,63,male,Boots,Footwear,21,Texas,L,Gray,Summer,3,no,Express,no,no,4,Credit Card,Quarterly
2548,47,male,Jacket,Outerwear,97,Mississippi,M,Beige,Summer,3.2,no,2-Day Shipping,no,no,16,Cash,Weekly
2549,42,male,Backpack,Accessories,63,Texas,L,Pink,Winter,3.8,no,Standard,no,no,34,Credit Card,Monthly
2550,41,male,Jacket,Outerwear,60,Virginia,M,Red,Fall,2.7,no,Standard,no,no,11,Debit Card,Every 3 Months
2551,53,male,Boots,Footwear,52,New Hampshire,XL,Peach,Fall,3,no,Store Pickup,no,no,30,Debit Card,Fortnightly
2552,29,male,Shoes,Footwear,32,Minnesota,M,Maroon,Winter,4.1,no,Next Day Air,no,no,40,Debit Card,Annually
2553,61,male,Belt,Accessories,48,Maryland,XL,Purple,Spring,3.2,no,2-Day Shipping,no,no,13,Credit Card,Annually
2554,69,male,Jewelry,Accessories,25,Vermont,M,Maroon,Summer,4.5,no,Store Pickup,no,no,28,Venmo,Every 3 Months
2555,51,male,Jewelry,Accessories,68,Kansas,M,Gray,Summer,4.3,no,Store Pickup,no,no,49,Debit Card,Bi-Weekly
2556,24,male,Pants,Clothing,74,Idaho,M,Gray,Fall,3.5,no,Standard,no,no,23,Credit Card,Weekly
2557,24,male,T-shirt,Clothing,88,Montana,XL,Magenta,Fall,3.1,no,Standard,no,no,4,Bank Transfer,Quarterly
2558,70,male,Shorts,Clothing,23,Oklahoma,L,Cyan,Spring,3.9,no,Standard,no,no,17,PayPal,Fortnightly
2559,49,male,Hoodie,Clothing,32,California,M,Silver,Fall,2.7,no,Express,no,no,24,PayPal,Fortnightly
2560,48,male,Belt,Accessories,71,Mississippi,S,Green,Winter,4,no,Free Shipping,no,no,21,Debit Card,Every 3 Months
2561,58,male,Boots,Footwear,62,California,M,Violet,Spring,2.7,no,Next Day Air,no,no,17,Debit Card,Bi-Weekly
2562,32,male,Hoodie,Clothing,20,New York,L,Magenta,Spring,2.7,no,Free Shipping,no,no,22,Debit Card,Quarterly
2563,57,male,Shorts,Clothing,62,Arizona,XL,Yellow,Spring,4.7,no,Standard,no,no,27,Cash,Fortnightly
2564,69,male,Backpack,Accessories,81,Massachusetts,XL,Gray,Winter,4.5,no,Standard,no,no,1,Venmo,Every 3 Months
2565,42,male,Scarf,Accessories,90,Kentucky,L,Indigo,Winter,3,no,2-Day Shipping,no,no,27,Bank Transfer,Weekly
2566,30,male,Socks,Clothing,43,Vermont,S,Indigo,Fall,3.6,no,Store Pickup,no,no,8,Venmo,Quarterly
2567,35,male,Handbag,Accessories,38,Missouri,S,Yellow,Fall,3.3,no,Standard,no,no,43,PayPal,Quarterly
2568,19,male,Sunglasses,Accessories,25,Michigan,XL,Gold,Spring,4.3,no,Store Pickup,no,no,24,Cash,Fortnightly
2569,52,male,T-shirt,Clothing,98,Texas,XL,Green,Winter,4.3,no,Express,no,no,29,PayPal,Fortnightly
2570,42,male,Dress,Clothing,75,New York,M,Charcoal,Spring,4.8,no,Free Shipping,no,no,10,Bank Transfer,Bi-Weekly
2571,36,male,Sneakers,Footwear,27,New Mexico,XL,Olive,Spring,4,no,Store Pickup,no,no,12,PayPal,Fortnightly
2572,45,male,Sunglasses,Accessories,27,Mississippi,L,Black,Winter,3.5,no,Standard,no,no,48,Cash,Fortnightly
2573,54,male,Blouse,Clothing,42,Washington,M,Silver,Fall,3.9,no,Next Day Air,no,no,40,Bank Transfer,Quarterly
2574,54,male,T-shirt,Clothing,90,New Mexico,M,Red,Summer,4.4,no,Store Pickup,no,no,1,Bank Transfer,Annually
2575,27,male,Hat,Accessories,63,Florida,M,Brown,Summer,4.6,no,2-Day Shipping,no,no,26,Credit Card,Fortnightly
2576,53,male,Shorts,Clothing,96,Minnesota,M,Silver,Fall,4,no,Express,no,no,9,PayPal,Annually
2577,20,male,Hoodie,Clothing,40,New Hampshire,M,Silver,Winter,4.2,no,Free Shipping,no,no,19,Debit Card,Quarterly
2578,52,male,Socks,Clothing,39,Minnesota,L,Black,Fall,4.5,no,Next Day Air,no,no,37,Bank Transfer,Monthly
2579,54,male,Sunglasses,Accessories,48,Vermont,M,Purple,Fall,3.9,no,Free Shipping,no,no,3,Cash,Quarterly
2580,65,male,Blouse,Clothing,20,Minnesota,M,Purple,Summer,3.7,no,Express,no,no,40,Venmo,Weekly
2581,43,male,Jeans,Clothing,29,Massachusetts,S,Turquoise,Summer,3.6,no,Store Pickup,no,no,13,Bank Transfer,Quarterly
2582,57,male,Dress,Clothing,81,Wyoming,M,Gold,Winter,4.7,no,Express,no,no,48,Credit Card,Monthly
2583,19,male,Dress,Clothing,98,South Dakota,S,Indigo,Fall,3.6,no,2-Day Shipping,no,no,4,Venmo,Every 3 Months
2584,69,male,Jeans,Clothing,93,Oklahoma,M,Lavender,Fall,2.5,no,Next Day Air,no,no,9,Cash,Weekly
2585,26,male,Socks,Clothing,30,Florida,L,Blue,Summer,2.9,no,Store Pickup,no,no,26,Bank Transfer,Bi-Weekly
2586,57,male,Sunglasses,Accessories,37,Wisconsin,L,Maroon,Fall,4.4,no,Free Shipping,no,no,19,Debit Card,Weekly
2587,20,male,Coat,Outerwear,28,Maine,L,Yellow,Winter,4.6,no,Express,no,no,1,Credit Card,Every 3 Months
2588,55,male,Scarf,Accessories,29,Connecticut,M,Purple,Winter,3.7,no,Express,no,no,29,PayPal,Every 3 Months
2589,44,male,Backpack,Accessories,49,Delaware,M,Peach,Summer,3.2,no,Free Shipping,no,no,38,Venmo,Bi-Weekly
2590,52,male,Pants,Clothing,53,North Dakota,M,Silver,Winter,4.9,no,2-Day Shipping,no,no,31,PayPal,Annually
2591,57,male,Gloves,Accessories,66,California,M,Turquoise,Summer,5,no,Free Shipping,no,no,35,Venmo,Annually
2592,40,male,Jacket,Outerwear,61,New Mexico,S,Olive,Spring,3.3,no,Express,no,no,40,Cash,Quarterly
2593,23,male,Shorts,Clothing,23,Iowa,XL,Peach,Summer,4.4,no,Store Pickup,no,no,13,Venmo,Quarterly
2594,36,male,Pants,Clothing,36,Colorado,S,Indigo,Fall,4.7,no,Store Pickup,no,no,9,Bank Transfer,Every 3 Months
2595,59,male,Skirt,Clothing,81,Montana,L,Indigo,Fall,3.6,no,Free Shipping,no,no,25,Cash,Every 3 Months
2596,29,male,Blouse,Clothing,56,Iowa,XL,Maroon,Summer,3.2,no,Free Shipping,no,no,3,Bank Transfer,Bi-Weekly
2597,63,male,Shirt,Clothing,78,Louisiana,L,Black,Spring,3,no,Next Day Air,no,no,35,Credit Card,Monthly
2598,60,male,Jewelry,Accessories,25,Alabama,XL,Teal,Summer,4.4,no,Store Pickup,no,no,13,Venmo,Bi-Weekly
2599,64,male,Backpack,Accessories,86,Nevada,XL,Olive,Fall,3.3,no,Express,no,no,31,Debit Card,Annually
2600,63,male,Jewelry,Accessories,99,Vermont,M,Gold,Winter,3.4,no,Express,no,no,48,Credit Card,Monthly
2601,21,male,Belt,Accessories,83,New York,M,Gray,Fall,3.9,no,Express,no,no,6,Bank Transfer,Bi-Weekly
2602,61,male,Dress,Clothing,33,Mississippi,L,Orange,Winter,2.9,no,Store Pickup,no,no,43,Cash,Monthly
2603,65,male,Coat,Outerwear,44,South Carolina,M,Black,Fall,2.9,no,Free Shipping,no,no,1,Venmo,Quarterly
2604,69,male,Dress,Clothing,58,Washington,M,Teal,Spring,2.7,no,2-Day Shipping,no,no,8,Cash,Annually
2605,47,male,Sweater,Clothing,54,Colorado,M,Beige,Spring,3.4,no,Store Pickup,no,no,6,Debit Card,Weekly
2606,41,male,Hoodie,Clothing,93,Nevada,M,White,Spring,3.7,no,2-Day Shipping,no,no,32,Venmo,Fortnightly
2607,68,male,Shoes,Footwear,98,Nevada,L,Turquoise,Spring,4.7,no,Standard,no,no,46,Bank Transfer,Bi-Weekly
2608,41,male,Shoes,Footwear,36,Oklahoma,XL,Teal,Spring,3.1,no,Express,no,no,38,PayPal,Every 3 Months
2609,42,male,Jacket,Outerwear,68,Mississippi,L,Orange,Fall,4.2,no,2-Day Shipping,no,no,48,Credit Card,Fortnightly
2610,66,male,Backpack,Accessories,95,Arkansas,M,Black,Summer,3,no,Store Pickup,no,no,18,Debit Card,Bi-Weekly
2611,66,male,Jeans,Clothing,93,West Virginia,M,Violet,Spring,3.1,no,Express,no,no,25,Cash,Quarterly
2612,33,male,Jacket,Outerwear,99,Michigan,L,Maroon,Fall,4.2,no,2-Day Shipping,no,no,4,Cash,Fortnightly
2613,55,male,Sunglasses,Accessories,22,Louisiana,M,Turquoise,Winter,3.8,no,Next Day Air,no,no,27,Venmo,Quarterly
2614,58,male,Gloves,Accessories,88,South Dakota,M,Gold,Fall,2.9,no,Express,no,no,14,Bank Transfer,Monthly
2615,18,male,Jacket,Outerwear,65,North Dakota,M,Turquoise,Spring,4.2,no,Express,no,no,36,Bank Transfer,Fortnightly
2616,49,male,T-shirt,Clothing,62,Arizona,M,Maroon,Fall,3.1,no,2-Day Shipping,no,no,6,Debit Card,Quarterly
2617,61,male,Sandals,Footwear,55,Georgia,XL,Purple,Spring,3.6,no,Express,no,no,46,Cash,Annually
2618,31,male,Shorts,Clothing,97,Idaho,S,Maroon,Spring,4.8,no,Standard,no,no,29,Bank Transfer,Annually
2619,70,male,Handbag,Accessories,77,Louisiana,L,Brown,Fall,4.1,no,Express,no,no,12,Venmo,Monthly
2620,68,male,Pants,Clothing,40,Connecticut,L,Indigo,Winter,3.9,no,Free Shipping,no,no,47,Credit Card,Weekly
2621,27,male,Blouse,Clothing,23,Ohio,S,Lavender,Winter,3,no,Standard,no,no,28,Debit Card,Annually
2622,48,male,Shoes,Footwear,46,Maine,M,Beige,Winter,3,no,Express,no,no,21,Bank Transfer,Annually
2623,63,male,Backpack,Accessories,75,New Hampshire,M,Yellow,Spring,4.9,no,2-Day Shipping,no,no,15,Credit Card,Annually
2624,49,male,Shoes,Footwear,76,Massachusetts,M,Gold,Fall,4.8,no,Next Day Air,no,no,38,Cash,Annually
2625,19,male,Dress,Clothing,59,South Dakota,M,Indigo,Summer,3.3,no,Standard,no,no,19,Credit Card,Annually
2626,30,male,Skirt,Clothing,51,Colorado,L,Cyan,Summer,2.7,no,Standard,no,no,31,Credit Card,Weekly
2627,50,male,Jacket,Outerwear,46,Rhode Island,XL,Silver,Fall,4.2,no,Express,no,no,30,Credit Card,Every 3 Months
2628,66,male,Shirt,Clothing,26,Missouri,L,Silver,Fall,3.6,no,Next Day Air,no,no,40,Bank Transfer,Quarterly
2629,25,male,Hoodie,Clothing,51,Wyoming,M,Silver,Summer,3.8,no,Next Day Air,no,no,42,Credit Card,Bi-Weekly
2630,61,male,Scarf,Accessories,44,New Hampshire,M,Peach,Winter,3.8,no,Free Shipping,no,no,25,Venmo,Annually
2631,29,male,Skirt,Clothing,82,Maine,S,Pink,Spring,4.2,no,Free Shipping,no,no,20,Cash,Quarterly
2632,53,male,Skirt,Clothing,44,Connecticut,S,Violet,Summer,2.7,no,Express,no,no,3,Cash,Weekly
2633,24,male,Scarf,Accessories,27,Alaska,M,Black,Fall,5,no,Next Day Air,no,no,14,Cash,Annually
2634,51,male,Sunglasses,Accessories,90,Alaska,M,Purple,Fall,4.7,no,Next Day Air,no,no,32,Credit Card,Fortnightly
2635,26,male,Sandals,Footwear,58,North Carolina,S,Black,Summer,3.2,no,Store Pickup,no,no,20,PayPal,Every 3 Months
2636,59,male,Hoodie,Clothing,80,Colorado,XL,Peach,Spring,2.9,no,2-Day Shipping,no,no,34,PayPal,Fortnightly
2637,41,male,Jacket,Outerwear,40,Utah,S,Magenta,Winter,4.2,no,Store Pickup,no,no,6,Venmo,Annually
2638,20,male,Pants,Clothing,23,Alabama,M,Magenta,Spring,3.7,no,Store Pickup,no,no,2,PayPal,Annually
2639,22,male,Shirt,Clothing,34,Hawaii,S,Black,Spring,4.2,no,Store Pickup,no,no,35,Credit Card,Annually
2640,18,male,Blouse,Clothing,35,New Hampshire,XL,Pink,Winter,2.6,no,Free Shipping,no,no,33,Debit Card,Quarterly
2641,30,male,Skirt,Clothing,75,Indiana,L,Olive,Summer,4,no,Store Pickup,no,no,45,Venmo,Bi-Weekly
2642,25,male,Sunglasses,Accessories,60,Vermont,XL,Olive,Winter,2.7,no,Next Day Air,no,no,20,Bank Transfer,Every 3 Months
2643,39,male,Belt,Accessories,87,Iowa,L,Peach,Summer,4,no,Store Pickup,no,no,48,Bank Transfer,Annually
2644,49,male,Gloves,Accessories,41,Maryland,S,Silver,Spring,2.9,no,Next Day Air,no,no,37,Cash,Monthly
2645,25,male,Pants,Clothing,83,New Mexico,M,Turquoise,Spring,3.3,no,Standard,no,no,4,Bank Transfer,Every 3 Months
2646,23,male,Scarf,Accessories,81,Louisiana,L,Olive,Spring,4,no,Store Pickup,no,no,24,Bank Transfer,Bi-Weekly
2647,33,male,T-shirt,Clothing,56,New Mexico,S,Lavender,Summer,3.9,no,Next Day Air,no,no,4,Debit Card,Every 3 Months
2648,60,male,Shoes,Footwear,58,South Carolina,M,Red,Summer,3.3,no,2-Day Shipping,no,no,25,Debit Card,Annually
2649,51,male,Pants,Clothing,84,Illinois,M,Gray,Spring,3.9,no,Next Day Air,no,no,14,PayPal,Bi-Weekly
2650,23,male,Gloves,Accessories,21,Minnesota,M,Magenta,Fall,3.9,no,Store Pickup,no,no,14,Bank Transfer,Fortnightly
2651,20,male,Socks,Clothing,35,Oregon,L,Maroon,Summer,4.2,no,Standard,no,no,46,Credit Card,Every 3 Months
2652,51,male,Sneakers,Footwear,43,Tennessee,M,Cyan,Summer,4.6,no,Store Pickup,no,no,27,PayPal,Quarterly
2653,23,female,Shorts,Clothing,20,Maryland,L,Cyan,Summer,3.3,no,2-Day Shipping,no,no,46,Credit Card,Monthly
2654,67,female,Blouse,Clothing,36,Wisconsin,L,Lavender,Fall,4.8,no,Express,no,no,24,Venmo,Every 3 Months
2655,23,female,Coat,Outerwear,70,Idaho,S,Pink,Fall,4.1,no,Next Day Air,no,no,4,PayPal,Annually
2656,26,female,Sunglasses,Accessories,83,Wyoming,M,Gray,Summer,3.4,no,Standard,no,no,2,Credit Card,Fortnightly
2657,52,female,Shorts,Clothing,76,Indiana,L,Yellow,Winter,3.6,no,Express,no,no,29,Bank Transfer,Fortnightly
2658,52,female,Dress,Clothing,81,Texas,M,Pink,Summer,2.7,no,Express,no,no,7,Credit Card,Fortnightly
2659,52,female,Handbag,Accessories,47,Ohio,XL,Indigo,Summer,3.2,no,Next Day Air,no,no,39,PayPal,Monthly
2660,35,female,Boots,Footwear,35,Kansas,L,Gray,Summer,4.4,no,2-Day Shipping,no,no,46,Credit Card,Fortnightly
2661,24,female,Pants,Clothing,85,South Carolina,L,Yellow,Spring,4.9,no,Express,no,no,44,Venmo,Annually
2662,43,female,Boots,Footwear,96,Michigan,XL,Olive,Fall,4.8,no,Express,no,no,20,Bank Transfer,Annually
2663,25,female,Skirt,Clothing,98,Nebraska,M,Cyan,Summer,2.8,no,2-Day Shipping,no,no,44,PayPal,Fortnightly
2664,46,female,Sneakers,Footwear,52,Wisconsin,L,Silver,Fall,2.9,no,Free Shipping,no,no,23,Bank Transfer,Annually
2665,22,female,Jewelry,Accessories,84,Illinois,L,Silver,Winter,3.2,no,Store Pickup,no,no,37,PayPal,Weekly
2666,70,female,T-shirt,Clothing,71,Louisiana,L,Red,Winter,3.5,no,Store Pickup,no,no,4,Venmo,Weekly
2667,49,female,Sandals,Footwear,95,Ohio,S,Brown,Winter,4.1,no,Store Pickup,no,no,14,Venmo,Fortnightly
2668,48,female,Boots,Footwear,47,Maryland,M,Orange,Summer,4.1,no,Free Shipping,no,no,31,Cash,Fortnightly
2669,59,female,Coat,Outerwear,75,Texas,M,Black,Summer,4.8,no,Next Day Air,no,no,9,PayPal,Quarterly
2670,39,female,Belt,Accessories,28,Illinois,L,Teal,Spring,2.8,no,Free Shipping,no,no,31,Credit Card,Weekly
2671,30,female,Sunglasses,Accessories,44,Pennsylvania,M,Yellow,Fall,4.7,no,Express,no,no,26,Bank Transfer,Bi-Weekly
2672,37,female,Sandals,Footwear,64,Alabama,XL,Gray,Winter,4.8,no,2-Day Shipping,no,no,41,PayPal,Every 3 Months
2673,56,female,Boots,Footwear,28,West Virginia,M,Maroon,Spring,2.9,no,Standard,no,no,13,Cash,Annually
2674,67,female,Hoodie,Clothing,21,Nevada,M,Olive,Summer,2.6,no,2-Day Shipping,no,no,4,Cash,Monthly
2675,40,female,Hat,Accessories,41,Florida,S,Charcoal,Fall,3.3,no,Express,no,no,15,Cash,Every 3 Months
2676,24,female,Shorts,Clothing,38,Virginia,M,Peach,Winter,3.4,no,Free Shipping,no,no,38,Cash,Bi-Weekly
2677,43,female,Backpack,Accessories,77,Kentucky,M,Maroon,Spring,3.6,no,Free Shipping,no,no,3,Cash,Fortnightly
2678,45,female,Shorts,Clothing,43,Connecticut,L,Olive,Spring,3.8,no,Next Day Air,no,no,6,PayPal,Every 3 Months
2679,33,female,Belt,Accessories,91,Montana,M,Magenta,Spring,3.4,no,2-Day Shipping,no,no,34,Credit Card,Bi-Weekly
2680,53,female,Shorts,Clothing,68,Montana,S,Yellow,Spring,3.8,no,Express,no,no,7,Debit Card,Quarterly
2681,44,female,Socks,Clothing,37,Nebraska,L,Indigo,Fall,3.3,no,Next Day Air,no,no,21,Venmo,Annually
2682,23,female,Shoes,Footwear,23,Massachusetts,L,Olive,Summer,4.8,no,Standard,no,no,17,Debit Card,Monthly
2683,59,female,Sneakers,Footwear,65,North Carolina,L,Maroon,Winter,3.9,no,2-Day Shipping,no,no,5,Venmo,Every 3 Months
2684,68,female,Backpack,Accessories,30,Montana,M,Indigo,Summer,4.2,no,Next Day Air,no,no,21,Cash,Fortnightly
2685,46,female,Dress,Clothing,45,Washington,M,Gray,Summer,4.7,no,Free Shipping,no,no,42,Credit Card,Bi-Weekly
2686,56,female,Boots,Footwear,25,Virginia,M,Gray,Winter,2.7,no,Express,no,no,49,Credit Card,Quarterly
2687,40,female,Socks,Clothing,72,Georgia,M,Black,Winter,3.8,no,2-Day Shipping,no,no,33,Cash,Fortnightly
2688,61,female,Dress,Clothing,75,Delaware,M,White,Fall,3.6,no,2-Day Shipping,no,no,12,Debit Card,Bi-Weekly
2689,53,female,Handbag,Accessories,63,West Virginia,XL,Turquoise,Spring,2.9,no,2-Day Shipping,no,no,18,Credit Card,Every 3 Months
2690,29,female,Blouse,Clothing,35,Wyoming,M,Orange,Fall,3.9,no,Standard,no,no,47,PayPal,Quarterly
2691,44,female,Belt,Accessories,32,New Mexico,L,Yellow,Summer,4.7,no,Free Shipping,no,no,18,Bank Transfer,Weekly
2692,43,female,Pants,Clothing,25,Nebraska,L,Blue,Winter,3.3,no,2-Day Shipping,no,no,48,Cash,Monthly
2693,40,female,Sneakers,Footwear,90,Washington,XL,Violet,Spring,4.2,no,Free Shipping,no,no,18,Debit Card,Every 3 Months
2694,55,female,Boots,Footwear,70,Hawaii,L,Lavender,Summer,2.6,no,Standard,no,no,46,Cash,Quarterly
2695,66,female,Sunglasses,Accessories,27,Louisiana,M,Olive,Spring,4.9,no,Express,no,no,34,Credit Card,Every 3 Months
2696,50,female,Hat,Accessories,92,Tennessee,M,Orange,Fall,3.6,no,Standard,no,no,10,PayPal,Bi-Weekly
2697,57,female,Coat,Outerwear,20,South Dakota,M,White,Spring,4.7,no,Free Shipping,no,no,12,Debit Card,Monthly
2698,42,female,Jacket,Outerwear,52,Delaware,L,Red,Winter,3.2,no,Standard,no,no,36,Bank Transfer,Quarterly
2699,55,female,Hoodie,Clothing,57,Virginia,M,Magenta,Summer,3.6,no,Store Pickup,no,no,34,Venmo,Quarterly
2700,25,female,Boots,Footwear,96,Utah,M,Violet,Fall,3.6,no,2-Day Shipping,no,no,49,Debit Card,Annually
2701,22,female,T-shirt,Clothing,68,California,XL,Olive,Winter,3.2,no,Standard,no,no,36,Cash,Weekly
2702,49,female,Sweater,Clothing,30,Idaho,L,Silver,Summer,2.8,no,Store Pickup,no,no,18,Bank Transfer,Fortnightly
2703,70,female,Shoes,Footwear,37,Texas,L,Gray,Fall,4,no,Next Day Air,no,no,39,Debit Card,Fortnightly
2704,56,female,Scarf,Accessories,42,Tennessee,XL,Olive,Winter,4.4,no,Free Shipping,no,no,34,PayPal,Weekly
2705,52,female,Dress,Clothing,54,Tennessee,L,Beige,Spring,3.4,no,Next Day Air,no,no,35,Debit Card,Weekly
2706,65,female,Jacket,Outerwear,81,Washington,S,Turquoise,Spring,5,no,Store Pickup,no,no,1,Credit Card,Bi-Weekly
2707,24,female,Shoes,Footwear,40,Alabama,S,Blue,Spring,3.1,no,Express,no,no,48,Debit Card,Quarterly
2708,32,female,Backpack,Accessories,88,Nebraska,M,Pink,Fall,4.2,no,Standard,no,no,19,Cash,Weekly
2709,57,female,Dress,Clothing,94,Alabama,M,Teal,Summer,3.3,no,Store Pickup,no,no,44,Debit Card,Weekly
2710,35,female,Shirt,Clothing,54,Illinois,S,Cyan,Winter,2.9,no,Standard,no,no,9,Credit Card,Bi-Weekly
2711,69,female,Jacket,Outerwear,51,Wisconsin,L,Purple,Summer,4.7,no,Standard,no,no,3,Bank Transfer,Fortnightly
2712,30,female,Sunglasses,Accessories,22,Nebraska,L,Red,Spring,4,no,Standard,no,no,50,Venmo,Monthly
2713,37,female,Jacket,Outerwear,95,North Dakota,L,Brown,Fall,4.6,no,Standard,no,no,7,Debit Card,Quarterly
2714,19,female,Coat,Outerwear,57,Mississippi,M,Magenta,Fall,3.8,no,2-Day Shipping,no,no,20,Debit Card,Annually
2715,53,female,Sweater,Clothing,45,Iowa,S,Olive,Winter,3.6,no,Store Pickup,no,no,16,Credit Card,Bi-Weekly
2716,25,female,Sneakers,Footwear,92,Mississippi,XL,Pink,Winter,4.1,no,Express,no,no,29,PayPal,Fortnightly
2717,47,female,Shoes,Footwear,40,Colorado,L,Black,Spring,2.7,no,Store Pickup,no,no,21,Debit Card,Weekly
2718,18,female,Sunglasses,Accessories,62,Nebraska,XL,Beige,Winter,4.3,no,Free Shipping,no,no,19,Credit Card,Every 3 Months
2719,22,female,Shorts,Clothing,90,Virginia,M,Peach,Winter,4.9,no,Next Day Air,no,no,10,Venmo,Bi-Weekly
2720,69,female,Hoodie,Clothing,82,Louisiana,S,Peach,Fall,4.2,no,Free Shipping,no,no,4,Bank Transfer,Monthly
2721,55,female,Scarf,Accessories,52,Maryland,M,Peach,Spring,2.8,no,Store Pickup,no,no,45,Bank Transfer,Quarterly
2722,19,female,Sandals,Footwear,70,Minnesota,S,Teal,Spring,4.9,no,Free Shipping,no,no,17,PayPal,Fortnightly
2723,23,female,Hat,Accessories,83,Maine,M,Green,Spring,2.8,no,2-Day Shipping,no,no,22,PayPal,Fortnightly
2724,54,female,Shoes,Footwear,49,Texas,XL,Brown,Summer,2.9,no,Store Pickup,no,no,3,PayPal,Every 3 Months
2725,52,female,Sneakers,Footwear,91,Missouri,M,Brown,Spring,2.5,no,Next Day Air,no,no,11,Debit Card,Fortnightly
2726,64,female,Backpack,Accessories,99,Mississippi,S,Violet,Summer,2.7,no,Free Shipping,no,no,4,Debit Card,Annually
2727,33,female,Belt,Accessories,92,Michigan,L,Blue,Winter,3.3,no,Free Shipping,no,no,11,PayPal,Bi-Weekly
2728,40,female,Shirt,Clothing,87,Colorado,L,Charcoal,Winter,3.7,no,2-Day Shipping,no,no,47,Credit Card,Fortnightly
2729,26,female,Skirt,Clothing,28,Florida,M,Pink,Winter,4,no,Express,no,no,17,Debit Card,Weekly
2730,31,female,Gloves,Accessories,71,Montana,S,Violet,Summer,4.1,no,Free Shipping,no,no,32,Credit Card,Monthly
2731,23,female,Gloves,Accessories,32,Wisconsin,M,Teal,Winter,4.1,no,Store Pickup,no,no,37,Bank Transfer,Annually
2732,52,female,Handbag,Accessories,33,Wisconsin,M,Red,Summer,2.5,no,2-Day Shipping,no,no,44,Bank Transfer,Quarterly
2733,21,female,Socks,Clothing,75,Delaware,L,Orange,Winter,4.2,no,Store Pickup,no,no,27,Debit Card,Every 3 Months
2734,31,female,Backpack,Accessories,83,North Carolina,M,Magenta,Summer,4.7,no,Express,no,no,46,PayPal,Annually
2735,63,female,Jeans,Clothing,93,New York,XL,Yellow,Summer,2.7,no,2-Day Shipping,no,no,13,Cash,Bi-Weekly
2736,46,female,Skirt,Clothing,29,California,M,Yellow,Spring,3,no,Express,no,no,2,PayPal,Bi-Weekly
2737,44,female,Hoodie,Clothing,25,Montana,M,Pink,Spring,4.8,no,Store Pickup,no,no,45,Credit Card,Annually
2738,57,female,Jewelry,Accessories,76,North Carolina,S,Indigo,Spring,4.4,no,Free Shipping,no,no,35,Cash,Every 3 Months
2739,50,female,Sneakers,Footwear,81,Ohio,M,Charcoal,Summer,4.3,no,2-Day Shipping,no,no,39,Venmo,Every 3 Months
2740,33,female,Shirt,Clothing,80,Alaska,XL,Blue,Winter,2.5,no,Store Pickup,no,no,39,Credit Card,Every 3 Months
2741,19,female,Sunglasses,Accessories,70,Pennsylvania,M,Lavender,Summer,4.9,no,Free Shipping,no,no,34,Bank Transfer,Fortnightly
2742,68,female,Dress,Clothing,81,Maine,L,Yellow,Fall,4.9,no,2-Day Shipping,no,no,41,Venmo,Monthly
2743,27,female,Shoes,Footwear,86,Texas,M,Black,Spring,3.9,no,Free Shipping,no,no,47,Debit Card,Annually
2744,61,female,Belt,Accessories,94,New Jersey,S,Beige,Fall,4.1,no,2-Day Shipping,no,no,17,Venmo,Quarterly
2745,38,female,Shirt,Clothing,66,Wyoming,M,Silver,Winter,3.3,no,Store Pickup,no,no,40,Credit Card,Monthly
2746,28,female,Boots,Footwear,98,Michigan,M,Magenta,Summer,4.1,no,Standard,no,no,44,PayPal,Bi-Weekly
2747,39,female,Hoodie,Clothing,25,Ohio,M,Orange,Fall,3.7,no,Standard,no,no,21,PayPal,Every 3 Months
2748,18,female,Jeans,Clothing,62,West Virginia,M,Teal,Winter,3.1,no,Free Shipping,no,no,21,Credit Card,Every 3 Months
2749,24,female,Jacket,Outerwear,98,Virginia,L,Turquoise,Spring,3,no,Free Shipping,no,no,16,Venmo,Annually
2750,64,female,Jacket,Outerwear,53,Vermont,M,Cyan,Spring,3.4,no,Standard,no,no,15,Bank Transfer,Annually
2751,51,female,Sandals,Footwear,66,Alaska,L,Pink,Spring,2.7,no,2-Day Shipping,no,no,26,PayPal,Every 3 Months
2752,27,female,Dress,Clothing,52,Minnesota,S,Indigo,Fall,3.1,no,Free Shipping,no,no,50,Venmo,Monthly
2753,48,female,Sweater,Clothing,64,Colorado,S,Peach,Winter,4,no,Free Shipping,no,no,30,Venmo,Bi-Weekly
2754,69,female,Gloves,Accessories,59,Rhode Island,M,Beige,Spring,3.6,no,Next Day Air,no,no,48,PayPal,Quarterly
2755,59,female,Sunglasses,Accessories,61,New Jersey,L,Gold,Summer,3.6,no,Free Shipping,no,no,21,Venmo,Bi-Weekly
2756,59,female,Belt,Accessories,97,Nevada,M,Indigo,Winter,3.3,no,Store Pickup,no,no,18,Credit Card,Annually
2757,42,female,Hat,Accessories,23,Minnesota,L,Violet,Winter,4.1,no,Free Shipping,no,no,41,PayPal,Monthly
2758,39,female,Hat,Accessories,98,Delaware,XL,Brown,Fall,4.3,no,Next Day Air,no,no,11,Venmo,Monthly
2759,32,female,Blouse,Clothing,98,Illinois,M,Purple,Summer,3.2,no,Standard,no,no,8,Bank Transfer,Bi-Weekly
2760,68,female,Shoes,Footwear,59,Washington,M,Turquoise,Summer,3.9,no,Free Shipping,no,no,42,Cash,Every 3 Months
2761,41,female,Skirt,Clothing,82,Alaska,S,Violet,Fall,5,no,Next Day Air,no,no,41,Credit Card,Bi-Weekly
2762,31,female,Sneakers,Footwear,82,Michigan,M,Purple,Fall,3.4,no,Next Day Air,no,no,3,Credit Card,Every 3 Months
2763,58,female,T-shirt,Clothing,41,Georgia,M,Charcoal,Fall,3.8,no,Store Pickup,no,no,10,Debit Card,Every 3 Months
2764,28,female,Handbag,Accessories,52,West Virginia,M,Green,Fall,2.9,no,2-Day Shipping,no,no,35,Venmo,Quarterly
2765,63,female,Sweater,Clothing,41,Arizona,XL,White,Spring,2.6,no,Next Day Air,no,no,2,Debit Card,Weekly
2766,64,female,Gloves,Accessories,70,Colorado,M,Purple,Summer,4.3,no,2-Day Shipping,no,no,24,Credit Card,Quarterly
2767,66,female,Dress,Clothing,91,Tennessee,M,Cyan,Winter,2.8,no,Standard,no,no,47,Credit Card,Monthly
2768,31,female,Dress,Clothing,95,Iowa,M,Green,Spring,4.5,no,Free Shipping,no,no,31,Cash,Monthly
2769,55,female,Blouse,Clothing,25,Kansas,M,Beige,Spring,3.8,no,2-Day Shipping,no,no,28,PayPal,Bi-Weekly
2770,32,female,Shirt,Clothing,89,Oklahoma,L,Lavender,Fall,3,no,Standard,no,no,13,Cash,Weekly
2771,50,female,Boots,Footwear,44,Nebraska,S,Blue,Fall,3.3,no,Express,no,no,22,Bank Transfer,Quarterly
2772,58,female,Jacket,Outerwear,52,Maryland,S,Beige,Summer,3.1,no,2-Day Shipping,no,no,12,Bank Transfer,Fortnightly
2773,18,female,Backpack,Accessories,94,Pennsylvania,L,Blue,Spring,3.5,no,Store Pickup,no,no,10,Bank Transfer,Every 3 Months
2774,39,female,Pants,Clothing,98,Arizona,S,Maroon,Spring,4.6,no,Express,no,no,45,Bank Transfer,Quarterly
2775,56,female,Boots,Footwear,40,Oklahoma,L,Yellow,Fall,4.1,no,Standard,no,no,42,Credit Card,Quarterly
2776,37,female,Socks,Clothing,25,Montana,L,Red,Fall,3.6,no,Free Shipping,no,no,16,Debit Card,Weekly
2777,46,female,Scarf,Accessories,62,Wyoming,L,Green,Fall,2.9,no,Free Shipping,no,no,6,Bank Transfer,Annually
2778,52,female,Blouse,Clothing,24,Idaho,M,Magenta,Fall,4.8,no,Standard,no,no,28,Credit Card,Every 3 Months
2779,70,female,Belt,Accessories,57,Pennsylvania,L,Yellow,Spring,3.2,no,Standard,no,no,24,Credit Card,Bi-Weekly
2780,61,female,Sunglasses,Accessories,66,Montana,L,Blue,Winter,4.3,no,Express,no,no,14,Credit Card,Fortnightly
2781,33,female,Boots,Footwear,70,Ohio,M,Charcoal,Winter,4.1,no,Next Day Air,no,no,29,PayPal,Fortnightly
2782,65,female,Sandals,Footwear,39,Mississippi,M,Blue,Spring,4.6,no,Standard,no,no,33,PayPal,Weekly
2783,41,female,Gloves,Accessories,34,Idaho,S,Cyan,Spring,3.8,no,Free Shipping,no,no,30,PayPal,Annually
2784,19,female,Skirt,Clothing,38,Virginia,M,Silver,Spring,4.5,no,Next Day Air,no,no,26,Credit Card,Quarterly
2785,33,female,Skirt,Clothing,70,Idaho,M,Black,Winter,3.1,no,Express,no,no,12,PayPal,Every 3 Months
2786,53,female,Blouse,Clothing,80,Louisiana,S,Green,Summer,2.9,no,Next Day Air,no,no,13,Bank Transfer,Monthly
2787,54,female,Handbag,Accessories,51,Colorado,M,Violet,Spring,3.8,no,Next Day Air,no,no,41,Debit Card,Every 3 Months
2788,36,female,Boots,Footwear,79,West Virginia,XL,Pink,Spring,4.1,no,Next Day Air,no,no,4,Venmo,Fortnightly
2789,56,female,Boots,Footwear,92,Rhode Island,M,Olive,Summer,3.1,no,Free Shipping,no,no,2,Credit Card,Annually
2790,28,female,Sweater,Clothing,85,North Carolina,L,Orange,Fall,5,no,Express,no,no,28,Credit Card,Bi-Weekly
2791,34,female,Socks,Clothing,63,Maine,M,Black,Spring,4.5,no,Free Shipping,no,no,24,Debit Card,Annually
2792,43,female,Gloves,Accessories,60,Iowa,M,Yellow,Fall,2.8,no,Express,no,no,14,Venmo,Fortnightly
2793,54,female,Shorts,Clothing,44,Kentucky,L,Violet,Winter,3.2,no,Express,no,no,11,Credit Card,Weekly
2794,37,female,Boots,Footwear,57,Massachusetts,M,Silver,Spring,3.1,no,Standard,no,no,27,Debit Card,Bi-Weekly
2795,33,female,Jacket,Outerwear,24,New York,M,Gold,Fall,3.3,no,Standard,no,no,7,Cash,Fortnightly
2796,33,female,Scarf,Accessories,35,Nebraska,M,Magenta,Winter,3.4,no,Store Pickup,no,no,49,PayPal,Annually
2797,55,female,Jacket,Outerwear,73,Oklahoma,M,Red,Winter,3.8,no,Store Pickup,no,no,21,Cash,Annually
2798,63,female,Jewelry,Accessories,42,Oklahoma,M,Green,Winter,3.5,no,Express,no,no,10,Venmo,Every 3 Months
2799,52,female,Hoodie,Clothing,20,Rhode Island,XL,Red,Winter,4.8,no,Store Pickup,no,no,37,PayPal,Weekly
2800,23,female,T-shirt,Clothing,89,Maine,L,Pink,Spring,3.9,no,Free Shipping,no,no,9,Bank Transfer,Every 3 Months
2801,70,female,Shirt,Clothing,76,Arkansas,L,Violet,Fall,3.4,no,Free Shipping,no,no,14,Cash,Bi-Weekly
2802,64,female,Shirt,Clothing,56,New Mexico,M,Indigo,Winter,2.6,no,Express,no,no,30,PayPal,Annually
2803,22,female,Coat,Outerwear,100,Hawaii,L,Red,Fall,3.1,no,Store Pickup,no,no,42,Credit Card,Fortnightly
2804,46,female,T-shirt,Clothing,44,Idaho,M,Violet,Winter,3.3,no,Free Shipping,no,no,31,Bank Transfer,Monthly
2805,65,female,Hoodie,Clothing,76,South Carolina,M,Cyan,Spring,2.8,no,Standard,no,no,48,Bank Transfer,Every 3 Months
2806,18,female,Sunglasses,Accessories,97,Nevada,S,Black,Fall,4.3,no,Standard,no,no,48,Cash,Quarterly
2807,45,female,Blouse,Clothing,39,South Carolina,L,Purple,Spring,2.7,no,Standard,no,no,50,Credit Card,Annually
2808,56,female,Hoodie,Clothing,100,Maryland,M,Charcoal,Spring,4.4,no,2-Day Shipping,no,no,10,Debit Card,Fortnightly
2809,49,female,Skirt,Clothing,62,Tennessee,M,Beige,Spring,3.9,no,Free Shipping,no,no,45,PayPal,Every 3 Months
2810,66,female,Shorts,Clothing,98,Arkansas,XL,Teal,Summer,3,no,Standard,no,no,27,Debit Card,Quarterly
2811,27,female,Jeans,Clothing,31,Arizona,M,Purple,Summer,4,no,Standard,no,no,10,Debit Card,Fortnightly
2812,69,female,Jacket,Outerwear,89,Ohio,M,Blue,Fall,3.7,no,Store Pickup,no,no,19,Credit Card,Quarterly
2813,66,female,Hoodie,Clothing,91,North Dakota,XL,Magenta,Fall,3.8,no,Store Pickup,no,no,1,Credit Card,Every 3 Months
2814,45,female,Shirt,Clothing,50,Vermont,S,Maroon,Summer,3.3,no,2-Day Shipping,no,no,39,Debit Card,Quarterly
2815,31,female,T-shirt,Clothing,32,Minnesota,L,Gold,Winter,3.6,no,Standard,no,no,14,Bank Transfer,Monthly
2816,33,female,Blouse,Clothing,67,Idaho,L,Black,Fall,3.9,no,Free Shipping,no,no,40,Venmo,Every 3 Months
2817,43,female,Skirt,Clothing,28,Maryland,M,Black,Spring,3.5,no,Free Shipping,no,no,45,Venmo,Weekly
2818,25,female,Backpack,Accessories,65,South Carolina,XL,Yellow,Winter,3.4,no,Standard,no,no,6,Venmo,Weekly
2819,46,female,Shorts,Clothing,73,California,M,Turquoise,Fall,4.7,no,Next Day Air,no,no,12,Debit Card,Annually
2820,67,female,Shirt,Clothing,27,Georgia,L,Lavender,Spring,3,no,Free Shipping,no,no,19,Cash,Monthly
2821,26,female,Backpack,Accessories,89,Vermont,L,Yellow,Summer,3.9,no,Free Shipping,no,no,5,Cash,Bi-Weekly
2822,35,female,Shoes,Footwear,72,Georgia,L,Olive,Summer,4.5,no,Standard,no,no,37,Venmo,Monthly
2823,61,female,Skirt,Clothing,37,New Jersey,S,Brown,Fall,4.1,no,Standard,no,no,33,PayPal,Quarterly
2824,26,female,Dress,Clothing,63,Utah,M,Olive,Summer,4.5,no,Standard,no,no,47,Debit Card,Bi-Weekly
2825,39,female,Hat,Accessories,90,Utah,M,Purple,Fall,4,no,Free Shipping,no,no,49,Debit Card,Quarterly
2826,69,female,Handbag,Accessories,62,North Carolina,M,Yellow,Winter,4.3,no,2-Day Shipping,no,no,28,Bank Transfer,Annually
2827,32,female,Handbag,Accessories,43,Florida,L,Brown,Fall,3.6,no,Express,no,no,23,Venmo,Annually
2828,20,female,Blouse,Clothing,96,Wisconsin,M,Magenta,Fall,3.1,no,Next Day Air,no,no,11,Bank Transfer,Bi-Weekly
2829,25,female,Scarf,Accessories,83,Tennessee,L,Lavender,Fall,2.6,no,Standard,no,no,33,PayPal,Quarterly
2830,56,female,Jewelry,Accessories,67,Arizona,XL,Teal,Fall,3.4,no,Next Day Air,no,no,47,Cash,Weekly
2831,63,female,Skirt,Clothing,90,Oregon,L,Cyan,Spring,2.9,no,Store Pickup,no,no,13,Venmo,Every 3 Months
2832,34,female,Hoodie,Clothing,53,Virginia,L,Pink,Winter,5,no,Express,no,no,4,Credit Card,Weekly
2833,29,female,Scarf,Accessories,37,Maryland,M,Magenta,Summer,4.6,no,Standard,no,no,40,PayPal,Quarterly
2834,43,female,Jeans,Clothing,56,Arkansas,M,Teal,Fall,3.3,no,Free Shipping,no,no,19,Cash,Monthly
2835,39,female,Jacket,Outerwear,43,Texas,M,Indigo,Fall,2.9,no,2-Day Shipping,no,no,17,Credit Card,Weekly
2836,33,female,T-shirt,Clothing,84,Vermont,S,Pink,Winter,4.9,no,Free Shipping,no,no,7,Venmo,Annually
2837,51,female,Pants,Clothing,50,Wyoming,M,Charcoal,Winter,5,no,2-Day Shipping,no,no,21,Cash,Bi-Weekly
2838,65,female,Shoes,Footwear,88,Alabama,M,Brown,Summer,4.5,no,Express,no,no,44,PayPal,Weekly
2839,51,female,Jacket,Outerwear,50,Maine,M,Blue,Fall,3.7,no,Free Shipping,no,no,2,Bank Transfer,Weekly
2840,70,female,Scarf,Accessories,80,South Dakota,L,Teal,Summer,2.8,no,Store Pickup,no,no,30,Bank Transfer,Monthly
2841,40,female,T-shirt,Clothing,47,West Virginia,L,Pink,Spring,3.5,no,Store Pickup,no,no,41,Cash,Annually
2842,19,female,Dress,Clothing,33,Ohio,XL,Magenta,Winter,3,no,2-Day Shipping,no,no,31,Cash,Weekly
2843,28,female,Coat,Outerwear,100,Arizona,L,Green,Fall,4.3,no,Standard,no,no,48,Debit Card,Quarterly
2844,51,female,Sweater,Clothing,26,Ohio,M,White,Summer,3.6,no,Store Pickup,no,no,41,Venmo,Weekly
2845,32,female,Hat,Accessories,79,New Mexico,M,Indigo,Summer,4.4,no,Standard,no,no,42,Venmo,Annually
2846,26,female,Backpack,Accessories,77,South Dakota,L,Lavender,Summer,4.1,no,Express,no,no,39,Debit Card,Every 3 Months
2847,50,female,Socks,Clothing,36,Oklahoma,XL,Black,Fall,2.8,no,Next Day Air,no,no,15,PayPal,Bi-Weekly
2848,68,female,Jewelry,Accessories,21,Connecticut,L,Charcoal,Winter,2.8,no,Free Shipping,no,no,3,PayPal,Every 3 Months
2849,33,female,Boots,Footwear,72,Wisconsin,L,Gray,Fall,4.9,no,Store Pickup,no,no,28,Bank Transfer,Quarterly
2850,56,female,Coat,Outerwear,25,New Hampshire,M,Gold,Spring,4.1,no,Express,no,no,27,PayPal,Bi-Weekly
2851,57,female,Sweater,Clothing,79,Nebraska,M,Silver,Spring,3,no,Store Pickup,no,no,36,Debit Card,Annually
2852,58,female,Blouse,Clothing,73,Nevada,L,Teal,Summer,3,no,Store Pickup,no,no,42,Debit Card,Monthly
2853,40,female,Belt,Accessories,71,New York,M,Magenta,Spring,3,no,Store Pickup,no,no,30,Venmo,Weekly
2854,37,female,Hat,Accessories,48,Pennsylvania,M,Magenta,Winter,3.2,no,Next Day Air,no,no,9,PayPal,Weekly
2855,36,female,Sandals,Footwear,28,Delaware,M,Beige,Fall,2.7,no,Store Pickup,no,no,25,Venmo,Monthly
2856,29,female,Boots,Footwear,95,Mississippi,S,Maroon,Winter,3.8,no,2-Day Shipping,no,no,33,PayPal,Quarterly
2857,65,female,Jacket,Outerwear,48,Iowa,M,Indigo,Winter,3.5,no,2-Day Shipping,no,no,31,Credit Card,Monthly
2858,44,female,Dress,Clothing,93,Utah,S,Maroon,Spring,3.8,no,Next Day Air,no,no,35,Debit Card,Monthly
2859,34,female,Jeans,Clothing,87,Maryland,L,Teal,Summer,3.8,no,2-Day Shipping,no,no,46,Bank Transfer,Monthly
2860,31,female,Shorts,Clothing,32,Utah,L,Yellow,Fall,3.4,no,Express,no,no,29,Bank Transfer,Annually
2861,28,female,Shirt,Clothing,38,Rhode Island,M,Gold,Spring,2.9,no,Next Day Air,no,no,49,Bank Transfer,Weekly
2862,66,female,Coat,Outerwear,54,Maryland,M,Teal,Fall,3.4,no,Free Shipping,no,no,27,Credit Card,Monthly
2863,68,female,Coat,Outerwear,75,Hawaii,S,Violet,Summer,4.7,no,Store Pickup,no,no,5,Bank Transfer,Every 3 Months
2864,37,female,T-shirt,Clothing,56,Connecticut,M,Yellow,Fall,3.9,no,2-Day Shipping,no,no,18,Venmo,Monthly
2865,58,female,Sweater,Clothing,43,Illinois,S,Maroon,Fall,3.6,no,Store Pickup,no,no,31,Venmo,Weekly
2866,28,female,Skirt,Clothing,97,California,M,Silver,Fall,3.7,no,Free Shipping,no,no,27,Cash,Fortnightly
2867,54,female,Blouse,Clothing,75,Connecticut,S,Violet,Summer,3.1,no,Free Shipping,no,no,19,Cash,Annually
2868,21,female,Sneakers,Footwear,55,Colorado,L,White,Summer,4.9,no,Next Day Air,no,no,33,Cash,Fortnightly
2869,45,female,Backpack,Accessories,49,Colorado,M,Black,Winter,2.6,no,Next Day Air,no,no,42,PayPal,Every 3 Months
2870,57,female,Socks,Clothing,58,Georgia,M,White,Summer,4.2,no,Standard,no,no,16,Bank Transfer,Weekly
2871,47,female,Jewelry,Accessories,34,North Dakota,M,Blue,Winter,4.8,no,Free Shipping,no,no,49,Debit Card,Every 3 Months
2872,46,female,Shorts,Clothing,43,Idaho,S,Black,Summer,2.7,no,2-Day Shipping,no,no,40,Venmo,Bi-Weekly
2873,63,female,Jewelry,Accessories,48,Connecticut,L,Olive,Fall,2.6,no,Next Day Air,no,no,5,Cash,Annually
2874,44,female,Sweater,Clothing,40,Montana,M,Teal,Spring,2.6,no,Free Shipping,no,no,8,Bank Transfer,Monthly
2875,36,female,Shirt,Clothing,29,Colorado,L,Silver,Summer,3.1,no,Standard,no,no,2,Debit Card,Annually
2876,24,female,Pants,Clothing,81,Kentucky,M,Pink,Fall,2.6,no,Free Shipping,no,no,14,Debit Card,Weekly
2877,65,female,Hoodie,Clothing,84,New Mexico,M,Charcoal,Spring,3.4,no,2-Day Shipping,no,no,5,Bank Transfer,Fortnightly
2878,32,female,Socks,Clothing,46,New Jersey,M,Silver,Summer,3.6,no,Standard,no,no,34,Venmo,Monthly
2879,63,female,Dress,Clothing,86,California,L,Turquoise,Summer,4.3,no,Next Day Air,no,no,13,Bank Transfer,Annually
2880,62,female,Blouse,Clothing,57,North Dakota,XL,Turquoise,Winter,4.9,no,Free Shipping,no,no,31,Venmo,Annually
2881,19,female,Skirt,Clothing,61,Florida,L,Beige,Winter,4.8,no,Store Pickup,no,no,43,PayPal,Quarterly
2882,38,female,Backpack,Accessories,90,Texas,M,Cyan,Winter,4.2,no,Free Shipping,no,no,6,Bank Transfer,Annually
2883,59,female,Blouse,Clothing,51,Oklahoma,L,Gold,Winter,2.6,no,Store Pickup,no,no,23,Credit Card,Bi-Weekly
2884,22,female,Socks,Clothing,48,Rhode Island,XL,Silver,Spring,3.2,no,Standard,no,no,10,PayPal,Weekly
2885,55,female,Boots,Footwear,50,Arkansas,M,Purple,Summer,3.4,no,2-Day Shipping,no,no,47,Credit Card,Every 3 Months
2886,29,female,Backpack,Accessories,82,Nevada,M,Yellow,Summer,3.5,no,Next Day Air,no,no,14,Credit Card,Bi-Weekly
2887,42,female,Hat,Accessories,33,Utah,L,Blue,Spring,4.2,no,Free Shipping,no,no,29,PayPal,Weekly
2888,23,female,Sandals,Footwear,28,Kentucky,L,Blue,Winter,2.8,no,Express,no,no,12,Cash,Bi-Weekly
2889,70,female,Hoodie,Clothing,42,Wisconsin,L,Green,Spring,5,no,2-Day Shipping,no,no,25,Debit Card,Quarterly
2890,64,female,Sunglasses,Accessories,43,Minnesota,M,Charcoal,Fall,3.3,no,Store Pickup,no,no,21,Venmo,Annually
2891,39,female,Jeans,Clothing,55,North Dakota,M,Violet,Winter,3.7,no,Free Shipping,no,no,23,Credit Card,Monthly
2892,47,female,T-shirt,Clothing,73,Ohio,XL,Black,Winter,2.5,no,Free Shipping,no,no,10,PayPal,Monthly
2893,22,female,Dress,Clothing,39,Nevada,M,Teal,Spring,3.2,no,Standard,no,no,47,Credit Card,Monthly
2894,69,female,Belt,Accessories,20,Kentucky,S,Orange,Spring,3.1,no,Free Shipping,no,no,44,Debit Card,Every 3 Months
2895,35,female,Jewelry,Accessories,32,Kentucky,S,Brown,Spring,3.5,no,Standard,no,no,41,Venmo,Annually
2896,56,female,Hoodie,Clothing,86,Montana,L,Green,Summer,4.6,no,Standard,no,no,29,Bank Transfer,Monthly
2897,30,female,Blouse,Clothing,91,Delaware,M,Silver,Summer,3.3,no,Free Shipping,no,no,2,Venmo,Every 3 Months
2898,43,female,Jacket,Outerwear,59,Montana,L,Violet,Fall,2.5,no,Free Shipping,no,no,2,Cash,Fortnightly
2899,23,female,Sneakers,Footwear,33,New Jersey,XL,Peach,Summer,4.6,no,Express,no,no,29,Credit Card,Annually
2900,50,female,Boots,Footwear,64,Nebraska,M,Gold,Spring,4.2,no,2-Day Shipping,no,no,22,Bank Transfer,Fortnightly
2901,41,female,Blouse,Clothing,67,Maryland,XL,Violet,Winter,4,no,Standard,no,no,23,Cash,Bi-Weekly
2902,41,female,Blouse,Clothing,43,Alabama,L,Olive,Winter,2.6,no,Free Shipping,no,no,46,Credit Card,Quarterly
2903,27,female,Boots,Footwear,32,North Carolina,S,Orange,Spring,4.6,no,Standard,no,no,19,PayPal,Bi-Weekly
2904,38,female,Scarf,Accessories,39,Delaware,S,Teal,Spring,3.5,no,2-Day Shipping,no,no,24,Credit Card,Every 3 Months
2905,41,female,Sandals,Footwear,41,Iowa,M,Gray,Spring,4,no,2-Day Shipping,no,no,43,Venmo,Monthly
2906,58,female,Sunglasses,Accessories,53,New York,L,Black,Winter,4.8,no,Standard,no,no,14,Debit Card,Fortnightly
2907,58,female,Coat,Outerwear,27,Virginia,M,Indigo,Spring,3.9,no,Standard,no,no,7,Venmo,Annually
2908,19,female,Sunglasses,Accessories,82,Maryland,XL,Lavender,Summer,3.7,no,Next Day Air,no,no,50,PayPal,Bi-Weekly
2909,43,female,Blouse,Clothing,87,Texas,M,Beige,Winter,3.1,no,Store Pickup,no,no,15,Debit Card,Every 3 Months
2910,27,female,Backpack,Accessories,78,Louisiana,M,Indigo,Winter,3,no,Next Day Air,no,no,40,Credit Card,Every 3 Months
2911,32,female,Belt,Accessories,32,Mississippi,M,Blue,Summer,2.9,no,Store Pickup,no,no,41,Credit Card,Monthly
2912,28,female,Socks,Clothing,38,Ohio,XL,Orange,Fall,2.9,no,Next Day Air,no,no,34,Venmo,Quarterly
2913,48,female,Shoes,Footwear,37,Oregon,M,Yellow,Winter,4,no,Standard,no,no,27,Cash,Bi-Weekly
2914,43,female,Coat,Outerwear,83,Wyoming,L,Cyan,Winter,3.5,no,Express,no,no,12,Cash,Every 3 Months
2915,45,female,Sweater,Clothing,72,Pennsylvania,M,Yellow,Fall,3.8,no,Express,no,no,1,Debit Card,Bi-Weekly
2916,26,female,Shirt,Clothing,30,Oregon,M,Cyan,Fall,4.5,no,Express,no,no,39,Debit Card,Bi-Weekly
2917,62,female,Shorts,Clothing,66,Oklahoma,M,Green,Winter,2.7,no,Express,no,no,13,Credit Card,Bi-Weekly
2918,58,female,Shirt,Clothing,45,Colorado,XL,White,Winter,2.9,no,Store Pickup,no,no,50,Venmo,Annually
2919,19,female,Sunglasses,Accessories,73,New York,S,Black,Fall,4.9,no,Free Shipping,no,no,36,Cash,Weekly
2920,64,female,Shoes,Footwear,67,Minnesota,L,Charcoal,Winter,3.8,no,Standard,no,no,31,Debit Card,Monthly
2921,33,female,Sunglasses,Accessories,72,Texas,XL,Brown,Spring,4.9,no,Free Shipping,no,no,3,Debit Card,Bi-Weekly
2922,20,female,Handbag,Accessories,24,Wisconsin,M,Cyan,Fall,4.6,no,Standard,no,no,11,Cash,Fortnightly
2923,45,female,Sunglasses,Accessories,68,Kentucky,L,Beige,Winter,3.5,no,Express,no,no,16,PayPal,Quarterly
2924,28,female,Shirt,Clothing,70,Pennsylvania,M,Magenta,Spring,4.2,no,2-Day Shipping,no,no,12,Cash,Quarterly
2925,47,female,Shirt,Clothing,64,Rhode Island,L,Indigo,Winter,3.7,no,Free Shipping,no,no,37,Debit Card,Every 3 Months
2926,54,female,Sweater,Clothing,91,Illinois,M,Maroon,Spring,2.8,no,Store Pickup,no,no,43,Credit Card,Every 3 Months
2927,64,female,Handbag,Accessories,82,Maryland,M,Gray,Winter,4.8,no,2-Day Shipping,no,no,9,Cash,Weekly
2928,45,female,Shirt,Clothing,24,Missouri,M,Black,Summer,2.7,no,Express,no,no,15,Venmo,Bi-Weekly
2929,40,female,Jewelry,Accessories,80,Alabama,L,Yellow,Spring,3.6,no,Store Pickup,no,no,17,Credit Card,Weekly
2930,31,female,Socks,Clothing,53,Maine,XL,White,Winter,4.5,no,Next Day Air,no,no,42,Venmo,Fortnightly
2931,38,female,T-shirt,Clothing,50,Mississippi,M,Orange,Spring,4,no,Free Shipping,no,no,14,Venmo,Monthly
2932,36,female,Jewelry,Accessories,31,Alabama,M,Magenta,Fall,4.5,no,2-Day Shipping,no,no,49,Credit Card,Bi-Weekly
2933,65,female,Backpack,Accessories,88,Alaska,L,Black,Spring,3.9,no,Express,no,no,3,PayPal,Quarterly
2934,27,female,Hat,Accessories,52,Illinois,M,Brown,Summer,3.8,no,Standard,no,no,28,Venmo,Monthly
2935,38,female,Gloves,Accessories,22,Idaho,M,Orange,Fall,4.7,no,Next Day Air,no,no,41,Bank Transfer,Quarterly
2936,58,female,Sneakers,Footwear,27,North Carolina,XL,Gray,Spring,4.6,no,Standard,no,no,11,Venmo,Weekly
2937,31,female,Skirt,Clothing,34,Washington,M,White,Spring,3.6,no,Express,no,no,46,PayPal,Weekly
2938,28,female,Handbag,Accessories,39,West Virginia,M,White,Spring,4.3,no,2-Day Shipping,no,no,15,Credit Card,Weekly
2939,28,female,Sunglasses,Accessories,53,Maine,M,Violet,Fall,3,no,Standard,no,no,15,Cash,Monthly
2940,32,female,Sweater,Clothing,46,Kentucky,M,Beige,Winter,4.3,no,Express,no,no,34,Venmo,Weekly
2941,61,female,Handbag,Accessories,85,Massachusetts,L,Beige,Summer,4.8,no,Next Day Air,no,no,13,Cash,Monthly
2942,38,female,Skirt,Clothing,86,Pennsylvania,L,Purple,Spring,3.7,no,Free Shipping,no,no,27,PayPal,Monthly
2943,54,female,Socks,Clothing,63,Hawaii,M,Brown,Summer,2.6,no,Free Shipping,no,no,37,Bank Transfer,Weekly
2944,29,female,Shirt,Clothing,44,Virginia,M,Orange,Spring,3.4,no,Standard,no,no,37,Credit Card,Monthly
2945,50,female,Sneakers,Footwear,95,New York,XL,Cyan,Summer,3.9,no,Free Shipping,no,no,4,Venmo,Every 3 Months
2946,32,female,Belt,Accessories,49,Delaware,M,Charcoal,Summer,4.8,no,Free Shipping,no,no,1,Credit Card,Every 3 Months
2947,38,female,Pants,Clothing,77,Hawaii,L,Purple,Spring,2.8,no,Free Shipping,no,no,29,Bank Transfer,Quarterly
2948,52,female,Jewelry,Accessories,63,Nebraska,L,Peach,Spring,4.4,no,Standard,no,no,50,Venmo,Annually
2949,61,female,Pants,Clothing,83,Vermont,M,Violet,Winter,3.1,no,Standard,no,no,38,Debit Card,Bi-Weekly
2950,25,female,Jewelry,Accessories,93,Iowa,M,Peach,Spring,3.8,no,Store Pickup,no,no,15,PayPal,Annually
2951,22,female,Jeans,Clothing,91,Iowa,S,Maroon,Winter,4.1,no,2-Day Shipping,no,no,44,Debit Card,Every 3 Months
2952,47,female,Scarf,Accessories,99,Arkansas,L,Maroon,Fall,4.6,no,Free Shipping,no,no,14,Cash,Weekly
2953,50,female,Belt,Accessories,24,Alabama,M,Peach,Spring,4.9,no,Next Day Air,no,no,5,Debit Card,Monthly
2954,45,female,Dress,Clothing,82,Maryland,M,Silver,Summer,4.8,no,Next Day Air,no,no,11,Credit Card,Annually
2955,33,female,T-shirt,Clothing,28,South Dakota,M,Indigo,Winter,3.9,no,Express,no,no,15,Credit Card,Annually
2956,42,female,Boots,Footwear,67,Vermont,M,Silver,Winter,2.6,no,Free Shipping,no,no,46,Credit Card,Annually
2957,52,female,Dress,Clothing,88,Montana,M,Olive,Fall,3.7,no,Standard,no,no,30,Venmo,Monthly
2958,69,female,Jewelry,Accessories,70,South Dakota,S,Gray,Fall,4.7,no,Standard,no,no,2,Cash,Annually
2959,55,female,Skirt,Clothing,100,Ohio,M,Black,Summer,4.5,no,Standard,no,no,28,PayPal,Monthly
2960,38,female,Handbag,Accessories,28,Texas,L,Maroon,Summer,4.7,no,Free Shipping,no,no,9,PayPal,Quarterly
2961,57,female,Coat,Outerwear,48,Indiana,S,Olive,Spring,3.6,no,Standard,no,no,47,Credit Card,Weekly
2962,33,female,Hoodie,Clothing,43,New Hampshire,S,Gold,Fall,2.8,no,Free Shipping,no,no,21,Debit Card,Bi-Weekly
2963,57,female,Pants,Clothing,40,California,L,Pink,Fall,4,no,Express,no,no,42,Credit Card,Every 3 Months
2964,52,female,Boots,Footwear,97,Maine,M,Brown,Spring,3.6,no,Free Shipping,no,no,28,Credit Card,Weekly
2965,44,female,Coat,Outerwear,25,Ohio,S,White,Fall,3.8,no,2-Day Shipping,no,no,13,Venmo,Fortnightly
2966,48,female,Scarf,Accessories,45,Delaware,M,Blue,Summer,4.4,no,Standard,no,no,25,PayPal,Fortnightly
2967,52,female,Boots,Footwear,49,Oklahoma,L,Orange,Fall,2.8,no,Store Pickup,no,no,38,Debit Card,Every 3 Months
2968,34,female,Sneakers,Footwear,36,Indiana,L,Silver,Summer,3.4,no,Free Shipping,no,no,40,Venmo,Annually
2969,26,female,Sweater,Clothing,48,South Carolina,S,Gray,Fall,4.9,no,Express,no,no,25,Cash,Every 3 Months
2970,36,female,Belt,Accessories,62,Vermont,S,Blue,Fall,4.3,no,Next Day Air,no,no,20,Cash,Every 3 Months
2971,24,female,Jewelry,Accessories,74,Kansas,M,White,Winter,3.4,no,Free Shipping,no,no,44,Credit Card,Bi-Weekly
2972,30,female,Handbag,Accessories,100,Utah,L,Yellow,Fall,3.9,no,Next Day Air,no,no,9,PayPal,Every 3 Months
2973,31,female,Jacket,Outerwear,39,New York,S,Indigo,Fall,4.2,no,Free Shipping,no,no,11,Venmo,Every 3 Months
2974,25,female,Boots,Footwear,65,Indiana,M,Blue,Summer,2.7,no,Store Pickup,no,no,3,Bank Transfer,Fortnightly
2975,57,female,Sneakers,Footwear,99,Tennessee,XL,Peach,Summer,4.1,no,Store Pickup,no,no,34,Credit Card,Weekly
2976,61,female,Scarf,Accessories,68,Georgia,XL,Lavender,Winter,4.5,no,2-Day Shipping,no,no,48,Cash,Every 3 Months
2977,30,female,Coat,Outerwear,97,Nebraska,M,Silver,Summer,2.8,no,Express,no,no,28,Cash,Fortnightly
2978,38,female,Shorts,Clothing,47,Washington,L,Gold,Winter,3.4,no,Standard,no,no,20,Venmo,Annually
2979,53,female,Shorts,Clothing,56,Idaho,S,Cyan,Spring,3.9,no,Free Shipping,no,no,49,Bank Transfer,Fortnightly
2980,31,female,Jeans,Clothing,91,Louisiana,L,Olive,Fall,2.6,no,Next Day Air,no,no,14,PayPal,Weekly
2981,70,female,Gloves,Accessories,93,New Jersey,L,Teal,Fall,4.4,no,2-Day Shipping,no,no,9,Bank Transfer,Monthly
2982,21,female,Pants,Clothing,36,Delaware,L,Pink,Winter,4.9,no,Standard,no,no,37,Venmo,Annually
2983,33,female,Dress,Clothing,45,Wisconsin,M,Orange,Summer,3.6,no,Store Pickup,no,no,4,Credit Card,Weekly
2984,60,female,Pants,Clothing,44,West Virginia,M,Charcoal,Winter,2.8,no,2-Day Shipping,no,no,1,Credit Card,Quarterly
2985,45,female,Gloves,Accessories,32,Texas,L,Red,Spring,4.3,no,2-Day Shipping,no,no,36,Debit Card,Bi-Weekly
2986,46,female,Belt,Accessories,36,Hawaii,S,Teal,Summer,3,no,Express,no,no,21,Cash,Bi-Weekly
2987,62,female,Belt,Accessories,85,Arizona,S,Silver,Summer,3.3,no,2-Day Shipping,no,no,16,Credit Card,Monthly
2988,63,female,Skirt,Clothing,36,Louisiana,L,Black,Winter,2.5,no,Store Pickup,no,no,42,Cash,Monthly
2989,69,female,Socks,Clothing,55,Nevada,S,Pink,Spring,5,no,2-Day Shipping,no,no,31,Debit Card,Monthly
2990,46,female,Belt,Accessories,20,Rhode Island,XL,Teal,Summer,4.3,no,2-Day Shipping,no,no,6,Credit Card,Weekly
2991,69,female,Shirt,Clothing,91,Illinois,M,Teal,Fall,4.2,no,Free Shipping,no,no,24,Venmo,Monthly
2992,66,female,Dress,Clothing,71,Utah,L,Green,Summer,3.9,no,Standard,no,no,7,PayPal,Bi-Weekly
2993,41,female,Socks,Clothing,64,North Dakota,M,Charcoal,Spring,3.9,no,Store Pickup,no,no,25,Venmo,Weekly
2994,32,female,Jacket,Outerwear,21,Kansas,L,Indigo,Spring,4.2,no,Free Shipping,no,no,18,Cash,Bi-Weekly
2995,69,female,Sweater,Clothing,100,Nevada,S,White,Winter,3.5,no,Store Pickup,no,no,14,Bank Transfer,Quarterly
2996,29,female,Jeans,Clothing,96,Virginia,M,Orange,Summer,2.5,no,Standard,no,no,42,Debit Card,Bi-Weekly
2997,70,female,Jewelry,Accessories,91,Utah,M,White,Spring,2.9,no,Express,no,no,6,Venmo,Every 3 Months
2998,41,female,Sweater,Clothing,40,Idaho,S,Yellow,Spring,2.7,no,Next Day Air,no,no,14,Venmo,Every 3 Months
2999,31,female,Hoodie,Clothing,53,Alaska,M,Red,Summer,4.7,no,Express,no,no,30,Debit Card,Quarterly
3000,31,female,Sunglasses,Accessories,48,New Hampshire,S,Charcoal,Winter,3.8,no,Standard,no,no,10,Cash,Monthly
3001,57,female,Sandals,Footwear,70,Ohio,M,Lavender,Winter,3.7,no,Express,no,no,7,PayPal,Weekly
3002,29,female,Coat,Outerwear,29,Montana,L,Charcoal,Summer,4.7,no,Express,no,no,28,Credit Card,Quarterly
3003,70,female,Belt,Accessories,29,Louisiana,M,Maroon,Fall,3.6,no,Next Day Air,no,no,19,Bank Transfer,Quarterly
3004,51,female,Blouse,Clothing,53,Oregon,M,Brown,Fall,2.8,no,Express,no,no,13,Credit Card,Every 3 Months
3005,45,female,Skirt,Clothing,79,Arizona,M,Lavender,Winter,3.7,no,Store Pickup,no,no,23,Venmo,Fortnightly
3006,18,female,Shorts,Clothing,65,Alaska,XL,Brown,Spring,3.5,no,Express,no,no,5,Venmo,Weekly
3007,37,female,Dress,Clothing,99,Utah,M,Olive,Summer,3.7,no,Store Pickup,no,no,17,Venmo,Bi-Weekly
3008,23,female,Sunglasses,Accessories,60,New York,L,Lavender,Winter,3,no,Next Day Air,no,no,31,Venmo,Weekly
3009,39,female,Shoes,Footwear,86,New Mexico,M,Gold,Winter,4.9,no,Free Shipping,no,no,19,PayPal,Weekly
3010,62,female,Belt,Accessories,73,Louisiana,M,Silver,Winter,4.6,no,Free Shipping,no,no,8,Venmo,Fortnightly
3011,70,female,Belt,Accessories,45,Ohio,M,Violet,Winter,3.3,no,Free Shipping,no,no,15,Credit Card,Annually
3012,20,female,Belt,Accessories,70,Nevada,S,Brown,Summer,3,no,Next Day Air,no,no,18,Credit Card,Every 3 Months
3013,42,female,Belt,Accessories,65,Idaho,M,Teal,Fall,3.5,no,Standard,no,no,16,PayPal,Annually
3014,41,female,Skirt,Clothing,55,Arizona,L,Peach,Summer,4.2,no,Store Pickup,no,no,13,Cash,Monthly
3015,24,female,T-shirt,Clothing,65,Utah,M,Maroon,Spring,4.5,no,Express,no,no,38,PayPal,Every 3 Months
3016,37,female,Scarf,Accessories,21,Wyoming,XL,Lavender,Spring,2.8,no,Express,no,no,27,Bank Transfer,Bi-Weekly
3017,30,female,Blouse,Clothing,26,Indiana,L,Lavender,Summer,4.9,no,Store Pickup,no,no,31,Bank Transfer,Quarterly
3018,58,female,Sunglasses,Accessories,71,Wisconsin,S,Purple,Summer,3.3,no,Next Day Air,no,no,24,Cash,Bi-Weekly
3019,43,female,Boots,Footwear,41,Texas,M,Green,Summer,3,no,Free Shipping,no,no,21,Debit Card,Bi-Weekly
3020,19,female,Jacket,Outerwear,44,Utah,M,Yellow,Winter,3.9,no,2-Day Shipping,no,no,15,PayPal,Annually
3021,23,female,Jeans,Clothing,81,Arkansas,S,Charcoal,Fall,2.8,no,Store Pickup,no,no,48,Venmo,Every 3 Months
3022,65,female,Sunglasses,Accessories,77,Pennsylvania,S,Blue,Summer,4.5,no,2-Day Shipping,no,no,47,Cash,Quarterly
3023,58,female,Sandals,Footwear,26,Georgia,M,Lavender,Fall,4,no,Free Shipping,no,no,23,PayPal,Weekly
3024,50,female,Backpack,Accessories,31,Indiana,M,Brown,Summer,2.9,no,Express,no,no,4,PayPal,Quarterly
3025,67,female,Blouse,Clothing,82,Idaho,S,White,Spring,4,no,Free Shipping,no,no,47,Credit Card,Every 3 Months
3026,40,female,Shoes,Footwear,60,Montana,XL,Green,Summer,3.4,no,Store Pickup,no,no,7,PayPal,Monthly
3027,55,female,Shirt,Clothing,70,Tennessee,L,Magenta,Fall,2.5,no,Free Shipping,no,no,6,Credit Card,Annually
3028,52,female,Hoodie,Clothing,26,West Virginia,XL,Peach,Winter,2.8,no,2-Day Shipping,no,no,47,Credit Card,Quarterly
3029,62,female,Dress,Clothing,100,California,L,Charcoal,Summer,3,no,Free Shipping,no,no,7,PayPal,Every 3 Months
3030,64,female,Dress,Clothing,82,Georgia,M,Gold,Summer,3.1,no,Free Shipping,no,no,1,Debit Card,Quarterly
3031,43,female,Sneakers,Footwear,24,Maryland,XL,Purple,Spring,2.6,no,2-Day Shipping,no,no,23,Credit Card,Weekly
3032,61,female,Blouse,Clothing,74,Idaho,L,Teal,Summer,4.9,no,2-Day Shipping,no,no,30,Credit Card,Monthly
3033,26,female,Backpack,Accessories,58,California,XL,Green,Summer,3.5,no,Next Day Air,no,no,24,Credit Card,Quarterly
3034,22,female,Sweater,Clothing,56,Alabama,L,Orange,Spring,2.6,no,Store Pickup,no,no,9,PayPal,Weekly
3035,51,female,Boots,Footwear,37,Utah,L,Peach,Spring,3.5,no,2-Day Shipping,no,no,25,Credit Card,Quarterly
3036,69,female,Handbag,Accessories,64,Kentucky,M,Gold,Spring,4.5,no,Free Shipping,no,no,18,Cash,Bi-Weekly
3037,50,female,Hoodie,Clothing,58,Vermont,S,Violet,Spring,4.3,no,Next Day Air,no,no,7,Venmo,Fortnightly
3038,51,female,Belt,Accessories,44,Iowa,L,Charcoal,Summer,4.8,no,Next Day Air,no,no,2,Cash,Annually
3039,56,female,Jewelry,Accessories,39,Georgia,M,Brown,Summer,4.2,no,Free Shipping,no,no,36,Debit Card,Annually
3040,59,female,Blouse,Clothing,48,Alabama,L,Blue,Spring,3.2,no,Next Day Air,no,no,31,PayPal,Bi-Weekly
3041,18,female,Handbag,Accessories,32,Nebraska,M,Gold,Fall,4.1,no,Express,no,no,10,Cash,Fortnightly
3042,48,female,Handbag,Accessories,79,Rhode Island,M,Orange,Winter,4,no,Express,no,no,27,PayPal,Monthly
3043,53,female,Coat,Outerwear,27,South Dakota,L,Turquoise,Winter,2.9,no,Next Day Air,no,no,14,PayPal,Every 3 Months
3044,45,female,Belt,Accessories,98,Illinois,S,Peach,Fall,2.6,no,Store Pickup,no,no,17,Credit Card,Monthly
3045,21,female,Boots,Footwear,67,North Carolina,M,Magenta,Winter,2.7,no,Free Shipping,no,no,10,Bank Transfer,Quarterly
3046,42,female,Socks,Clothing,37,Florida,L,Black,Winter,4.6,no,2-Day Shipping,no,no,4,PayPal,Bi-Weekly
3047,60,female,Shoes,Footwear,49,Pennsylvania,M,White,Spring,3.2,no,Store Pickup,no,no,25,Cash,Every 3 Months
3048,21,female,Sneakers,Footwear,74,Vermont,M,Violet,Fall,4.1,no,2-Day Shipping,no,no,3,PayPal,Bi-Weekly
3049,69,female,Jewelry,Accessories,93,Colorado,M,Olive,Summer,3.9,no,Standard,no,no,47,Venmo,Fortnightly
3050,40,female,Handbag,Accessories,60,Utah,L,Red,Summer,3,no,Next Day Air,no,no,41,Bank Transfer,Bi-Weekly
3051,31,female,Coat,Outerwear,76,Kentucky,S,Green,Spring,3.6,no,Standard,no,no,28,Venmo,Every 3 Months
3052,44,female,Sunglasses,Accessories,64,Wyoming,L,Gold,Summer,4.6,no,Express,no,no,49,Debit Card,Every 3 Months
3053,48,female,Shoes,Footwear,38,Maine,XL,Olive,Spring,4.5,no,Store Pickup,no,no,7,Bank Transfer,Fortnightly
3054,32,female,Shoes,Footwear,91,Maine,L,Brown,Winter,3.2,no,Next Day Air,no,no,22,Bank Transfer,Monthly
3055,42,female,Boots,Footwear,70,New Hampshire,S,Magenta,Summer,4.9,no,2-Day Shipping,no,no,34,Venmo,Monthly
3056,27,female,Sandals,Footwear,22,Kansas,M,Violet,Fall,5,no,Standard,no,no,5,Debit Card,Bi-Weekly
3057,69,female,Gloves,Accessories,59,New Jersey,M,Beige,Spring,3.8,no,Standard,no,no,15,Cash,Bi-Weekly
3058,67,female,Backpack,Accessories,22,North Carolina,M,Blue,Spring,3.4,no,Next Day Air,no,no,26,Bank Transfer,Weekly
3059,41,female,Handbag,Accessories,74,West Virginia,S,Orange,Winter,3.8,no,Store Pickup,no,no,3,Bank Transfer,Fortnightly
3060,46,female,Sweater,Clothing,71,Kentucky,L,Maroon,Spring,3.2,no,Express,no,no,42,Credit Card,Quarterly
3061,47,female,Coat,Outerwear,80,California,S,Charcoal,Summer,4.7,no,Store Pickup,no,no,1,Venmo,Monthly
3062,33,female,T-shirt,Clothing,59,South Dakota,L,Olive,Fall,4.5,no,Express,no,no,20,PayPal,Every 3 Months
3063,51,female,Backpack,Accessories,96,California,L,Green,Fall,3.3,no,Standard,no,no,39,PayPal,Monthly
3064,26,female,Sunglasses,Accessories,43,Connecticut,L,Brown,Winter,3.9,no,Store Pickup,no,no,24,Credit Card,Fortnightly
3065,22,female,Belt,Accessories,76,Idaho,S,Cyan,Winter,3.6,no,Express,no,no,49,Bank Transfer,Quarterly
3066,49,female,Jacket,Outerwear,59,North Dakota,M,Beige,Fall,2.8,no,Store Pickup,no,no,7,Venmo,Bi-Weekly
3067,58,female,Skirt,Clothing,48,Michigan,L,Teal,Summer,4.3,no,Free Shipping,no,no,13,Venmo,Every 3 Months
3068,70,female,Belt,Accessories,22,Missouri,S,Gray,Spring,3.5,no,Free Shipping,no,no,2,Cash,Weekly
3069,32,female,Boots,Footwear,40,California,M,Indigo,Winter,4.2,no,Express,no,no,4,Debit Card,Weekly
3070,62,female,Jeans,Clothing,73,Delaware,L,Magenta,Spring,4.6,no,Express,no,no,17,Debit Card,Quarterly
3071,52,female,Shoes,Footwear,26,Alabama,XL,Red,Fall,2.6,no,Free Shipping,no,no,43,PayPal,Bi-Weekly
3072,23,female,Sweater,Clothing,41,New Hampshire,L,Turquoise,Spring,3.4,no,Next Day Air,no,no,6,PayPal,Monthly
3073,26,female,Jewelry,Accessories,98,New York,L,Peach,Spring,3.1,no,Standard,no,no,46,PayPal,Quarterly
3074,58,female,Shirt,Clothing,63,Oregon,L,White,Winter,3.6,no,Free Shipping,no,no,7,Debit Card,Bi-Weekly
3075,26,female,Boots,Footwear,55,Massachusetts,L,Maroon,Winter,4.2,no,Next Day Air,no,no,34,Debit Card,Fortnightly
3076,54,female,Shorts,Clothing,90,Utah,XL,Beige,Winter,3.6,no,Standard,no,no,21,PayPal,Every 3 Months
3077,66,female,Handbag,Accessories,46,New Hampshire,M,Blue,Summer,3.6,no,Express,no,no,13,Venmo,Bi-Weekly
3078,60,female,Sweater,Clothing,88,Illinois,S,Red,Spring,3,no,Store Pickup,no,no,33,Debit Card,Bi-Weekly
3079,32,female,Belt,Accessories,95,Alaska,M,Blue,Spring,2.5,no,2-Day Shipping,no,no,24,Bank Transfer,Bi-Weekly
3080,48,female,Belt,Accessories,31,Wyoming,M,Maroon,Fall,4,no,Store Pickup,no,no,4,Bank Transfer,Annually
3081,69,female,Hoodie,Clothing,42,Colorado,L,Yellow,Spring,4.1,no,Next Day Air,no,no,5,Cash,Bi-Weekly
3082,64,female,Sneakers,Footwear,44,Vermont,L,Pink,Winter,4.9,no,Next Day Air,no,no,11,Credit Card,Weekly
3083,56,female,T-shirt,Clothing,99,Utah,M,Maroon,Spring,4,no,Next Day Air,no,no,20,Bank Transfer,Annually
3084,22,female,Pants,Clothing,20,Illinois,S,Purple,Summer,3.5,no,Store Pickup,no,no,28,PayPal,Quarterly
3085,46,female,Scarf,Accessories,37,Idaho,S,Indigo,Spring,3.2,no,Store Pickup,no,no,43,PayPal,Monthly
3086,24,female,Sweater,Clothing,50,Nevada,L,Gray,Winter,2.8,no,Store Pickup,no,no,10,Venmo,Every 3 Months
3087,47,female,Handbag,Accessories,73,Utah,M,Lavender,Summer,3.5,no,Next Day Air,no,no,26,Venmo,Every 3 Months
3088,62,female,Shirt,Clothing,84,North Carolina,M,Charcoal,Spring,3.1,no,Free Shipping,no,no,29,Bank Transfer,Monthly
3089,34,female,Dress,Clothing,64,Arkansas,M,Teal,Spring,3.3,no,Store Pickup,no,no,35,Bank Transfer,Quarterly
3090,50,female,Sandals,Footwear,21,North Carolina,L,Blue,Fall,4.6,no,Free Shipping,no,no,23,Cash,Bi-Weekly
3091,29,female,Shirt,Clothing,36,Texas,M,Peach,Summer,4.9,no,Store Pickup,no,no,15,Bank Transfer,Quarterly
3092,68,female,Dress,Clothing,81,Nevada,L,Orange,Winter,3.4,no,2-Day Shipping,no,no,46,Credit Card,Annually
3093,52,female,Sunglasses,Accessories,54,Utah,L,Silver,Fall,3.5,no,Next Day Air,no,no,14,Bank Transfer,Bi-Weekly
3094,29,female,Socks,Clothing,63,Pennsylvania,L,Red,Summer,4.8,no,Store Pickup,no,no,17,Cash,Every 3 Months
3095,22,female,Sandals,Footwear,59,Georgia,M,Gray,Summer,2.7,no,Store Pickup,no,no,9,Cash,Weekly
3096,62,female,Hat,Accessories,53,Minnesota,S,Beige,Fall,3.4,no,Standard,no,no,13,Venmo,Fortnightly
3097,69,female,Shirt,Clothing,63,Kansas,L,White,Winter,3.5,no,Next Day Air,no,no,20,Bank Transfer,Monthly
3098,48,female,Shoes,Footwear,33,Delaware,M,Silver,Fall,3.7,no,Free Shipping,no,no,39,Bank Transfer,Quarterly
3099,66,female,Pants,Clothing,64,New Mexico,L,Cyan,Summer,3.3,no,Next Day Air,no,no,50,Bank Transfer,Quarterly
3100,42,female,Shirt,Clothing,98,Michigan,S,Maroon,Fall,2.9,no,Free Shipping,no,no,21,Bank Transfer,Bi-Weekly
3101,50,female,Hat,Accessories,85,Vermont,L,Purple,Winter,3.9,no,Express,no,no,3,Bank Transfer,Weekly
3102,32,female,Jewelry,Accessories,82,Idaho,S,Brown,Summer,2.7,no,Express,no,no,9,PayPal,Fortnightly
3103,51,female,Jacket,Outerwear,85,South Dakota,M,Green,Summer,4.3,no,Standard,no,no,29,Cash,Bi-Weekly
3104,27,female,Shirt,Clothing,37,Illinois,S,Peach,Winter,3,no,2-Day Shipping,no,no,42,Bank Transfer,Weekly
3105,43,female,Pants,Clothing,56,Georgia,S,Turquoise,Summer,5,no,2-Day Shipping,no,no,41,Debit Card,Fortnightly
3106,48,female,Skirt,Clothing,33,Oregon,M,Olive,Fall,2.7,no,Express,no,no,17,Debit Card,Monthly
3107,62,female,Sandals,Footwear,57,Alabama,M,Yellow,Winter,4.7,no,Next Day Air,no,no,20,PayPal,Annually
3108,65,female,Blouse,Clothing,31,Hawaii,L,Gray,Winter,4.6,no,Standard,no,no,18,Credit Card,Bi-Weekly
3109,50,female,Socks,Clothing,69,Oregon,M,Purple,Fall,3.2,no,2-Day Shipping,no,no,7,PayPal,Monthly
3110,60,female,Jacket,Outerwear,92,Illinois,M,Gray,Winter,4.3,no,Free Shipping,no,no,47,Bank Transfer,Fortnightly
3111,19,female,Handbag,Accessories,46,Texas,L,Lavender,Fall,4.6,no,Next Day Air,no,no,2,Bank Transfer,Bi-Weekly
3112,21,female,Belt,Accessories,81,Kansas,XL,Indigo,Spring,4.9,no,Free Shipping,no,no,25,Debit Card,Quarterly
3113,19,female,Blouse,Clothing,97,Texas,S,Green,Fall,3.8,no,Express,no,no,26,Venmo,Annually
3114,46,female,Shirt,Clothing,93,Nebraska,L,Green,Summer,2.6,no,Express,no,no,2,Debit Card,Weekly
3115,21,female,Handbag,Accessories,56,Arkansas,M,Olive,Spring,4.7,no,Store Pickup,no,no,45,Venmo,Bi-Weekly
3116,26,female,Scarf,Accessories,53,South Dakota,M,Charcoal,Fall,4.1,no,Free Shipping,no,no,9,Bank Transfer,Bi-Weekly
3117,50,female,Coat,Outerwear,66,Montana,L,Gray,Spring,3.7,no,Store Pickup,no,no,1,Venmo,Weekly
3118,43,female,Hoodie,Clothing,50,Florida,M,Olive,Fall,3,no,Free Shipping,no,no,4,PayPal,Bi-Weekly
3119,61,female,Shorts,Clothing,97,Virginia,L,Blue,Summer,4.7,no,Standard,no,no,31,Debit Card,Quarterly
3120,63,female,Sandals,Footwear,79,Louisiana,XL,Silver,Winter,4.7,no,2-Day Shipping,no,no,21,Credit Card,Every 3 Months
3121,46,female,Shirt,Clothing,76,Louisiana,M,Magenta,Fall,4,no,Store Pickup,no,no,32,Debit Card,Fortnightly
3122,63,female,Hoodie,Clothing,38,Louisiana,L,Black,Fall,2.6,no,Standard,no,no,16,Venmo,Weekly
3123,23,female,Socks,Clothing,45,Georgia,M,Pink,Fall,3,no,Express,no,no,34,Credit Card,Fortnightly
3124,57,female,Handbag,Accessories,77,Iowa,XL,Red,Fall,3.3,no,Next Day Air,no,no,40,Venmo,Bi-Weekly
3125,57,female,Jewelry,Accessories,51,California,M,Peach,Summer,3.4,no,Standard,no,no,4,Cash,Every 3 Months
3126,33,female,Coat,Outerwear,26,Oregon,L,Lavender,Spring,4,no,Standard,no,no,3,Cash,Quarterly
3127,57,female,Sunglasses,Accessories,76,Maine,L,Lavender,Winter,2.6,no,Store Pickup,no,no,28,Bank Transfer,Bi-Weekly
3128,55,female,Gloves,Accessories,94,Louisiana,M,Beige,Winter,3.4,no,Free Shipping,no,no,43,Credit Card,Every 3 Months
3129,65,female,Jacket,Outerwear,32,Arkansas,S,Indigo,Fall,4.4,no,Standard,no,no,20,Cash,Annually
3130,60,female,Sandals,Footwear,20,Maryland,S,Cyan,Summer,4.7,no,Express,no,no,40,Venmo,Every 3 Months
3131,52,female,Pants,Clothing,20,Vermont,M,Yellow,Summer,4.5,no,Store Pickup,no,no,34,Venmo,Every 3 Months
3132,34,female,Jacket,Outerwear,59,North Dakota,M,Peach,Fall,2.9,no,Store Pickup,no,no,11,Bank Transfer,Every 3 Months
3133,33,female,Sweater,Clothing,97,Michigan,M,Yellow,Summer,4.2,no,Express,no,no,26,Cash,Quarterly
3134,58,female,T-shirt,Clothing,68,Arkansas,M,Orange,Spring,4.1,no,Next Day Air,no,no,29,Cash,Bi-Weekly
3135,35,female,Boots,Footwear,66,Kentucky,L,Gray,Spring,4.4,no,Store Pickup,no,no,47,Bank Transfer,Weekly
3136,68,female,Shoes,Footwear,85,Indiana,L,Yellow,Spring,4.7,no,Free Shipping,no,no,48,Venmo,Fortnightly
3137,58,female,Skirt,Clothing,32,Minnesota,M,Gray,Fall,3.1,no,Next Day Air,no,no,29,Cash,Bi-Weekly
3138,34,female,Coat,Outerwear,44,Louisiana,M,Turquoise,Spring,2.7,no,2-Day Shipping,no,no,14,Bank Transfer,Monthly
3139,47,female,Blouse,Clothing,95,Kentucky,L,Gray,Fall,4.6,no,Next Day Air,no,no,40,Cash,Every 3 Months
3140,35,female,Sunglasses,Accessories,85,Georgia,M,Olive,Winter,4.4,no,Next Day Air,no,no,4,Venmo,Weekly
3141,34,female,Gloves,Accessories,44,Alaska,XL,Peach,Summer,4.6,no,Free Shipping,no,no,37,Bank Transfer,Weekly
3142,36,female,Sunglasses,Accessories,30,Mississippi,S,Peach,Winter,4.9,no,Express,no,no,47,Credit Card,Bi-Weekly
3143,23,female,Sneakers,Footwear,21,Kansas,L,Magenta,Winter,4,no,2-Day Shipping,no,no,1,Venmo,Quarterly
3144,68,female,Hoodie,Clothing,22,Arizona,M,Purple,Summer,2.9,no,Store Pickup,no,no,26,Cash,Quarterly
3145,23,female,Boots,Footwear,70,Maine,L,Beige,Spring,2.6,no,Free Shipping,no,no,12,Debit Card,Quarterly
3146,57,female,Handbag,Accessories,29,Texas,XL,Purple,Spring,4.6,no,Standard,no,no,16,PayPal,Fortnightly
3147,21,female,Shirt,Clothing,83,Virginia,S,Yellow,Winter,4.9,no,Free Shipping,no,no,19,PayPal,Annually
3148,45,female,Sweater,Clothing,99,North Dakota,M,Pink,Winter,4.3,no,Express,no,no,21,Credit Card,Weekly
3149,37,female,Shorts,Clothing,35,West Virginia,L,Purple,Fall,4.3,no,Free Shipping,no,no,15,Venmo,Weekly
3150,18,female,Belt,Accessories,40,North Carolina,M,Lavender,Winter,4.6,no,Free Shipping,no,no,9,Venmo,Annually
3151,55,female,Blouse,Clothing,25,Georgia,M,Peach,Spring,2.6,no,Express,no,no,7,Bank Transfer,Bi-Weekly
3152,52,female,T-shirt,Clothing,64,New Mexico,L,Orange,Fall,3.1,no,2-Day Shipping,no,no,47,Bank Transfer,Quarterly
3153,49,female,Belt,Accessories,90,North Carolina,M,Red,Fall,3.1,no,Store Pickup,no,no,17,PayPal,Monthly
3154,56,female,Socks,Clothing,88,Alabama,L,Red,Fall,3.1,no,Next Day Air,no,no,46,Venmo,Fortnightly
3155,27,female,Belt,Accessories,55,Connecticut,M,Gold,Winter,4.4,no,Standard,no,no,32,Cash,Quarterly
3156,22,female,Handbag,Accessories,90,Montana,M,Brown,Fall,4.3,no,Free Shipping,no,no,34,Cash,Annually
3157,18,female,Shirt,Clothing,50,Montana,M,Black,Winter,3.1,no,2-Day Shipping,no,no,18,Cash,Monthly
3158,21,female,Belt,Accessories,34,Maine,L,Red,Fall,3.1,no,Store Pickup,no,no,5,Debit Card,Fortnightly
3159,30,female,Jewelry,Accessories,77,Mississippi,M,Gray,Winter,4.9,no,2-Day Shipping,no,no,44,Credit Card,Monthly
3160,62,female,Hat,Accessories,89,Louisiana,L,Pink,Winter,2.9,no,Store Pickup,no,no,4,Bank Transfer,Quarterly
3161,28,female,Backpack,Accessories,87,Nebraska,XL,Turquoise,Fall,3.8,no,Next Day Air,no,no,37,Cash,Fortnightly
3162,66,female,Dress,Clothing,77,Massachusetts,S,Charcoal,Winter,4.2,no,2-Day Shipping,no,no,43,Cash,Monthly
3163,66,female,Shoes,Footwear,85,Wisconsin,L,Blue,Winter,3.9,no,Standard,no,no,28,Bank Transfer,Quarterly
3164,49,female,Pants,Clothing,66,Nebraska,XL,Turquoise,Summer,2.8,no,Express,no,no,36,Cash,Monthly
3165,40,female,Dress,Clothing,32,Arizona,L,Silver,Winter,2.6,no,Standard,no,no,16,Credit Card,Annually
3166,49,female,Jacket,Outerwear,92,Hawaii,M,Lavender,Spring,3,no,Store Pickup,no,no,38,Bank Transfer,Every 3 Months
3167,19,female,Shirt,Clothing,80,Georgia,M,Gold,Winter,2.7,no,Next Day Air,no,no,37,Bank Transfer,Fortnightly
3168,24,female,Dress,Clothing,78,Oregon,M,Blue,Fall,2.8,no,2-Day Shipping,no,no,9,Cash,Bi-Weekly
3169,31,female,Jeans,Clothing,24,Montana,M,Orange,Spring,2.9,no,2-Day Shipping,no,no,14,PayPal,Fortnightly
3170,35,female,T-shirt,Clothing,59,Georgia,M,White,Fall,3.8,no,Free Shipping,no,no,3,Venmo,Weekly
3171,65,female,Sunglasses,Accessories,41,Rhode Island,XL,Charcoal,Spring,4.4,no,Express,no,no,10,Credit Card,Fortnightly
3172,68,female,Jewelry,Accessories,26,Tennessee,M,Maroon,Spring,3.1,no,Express,no,no,26,Bank Transfer,Bi-Weekly
3173,57,female,Socks,Clothing,52,Missouri,M,Olive,Fall,3.7,no,Standard,no,no,30,Debit Card,Bi-Weekly
3174,69,female,Skirt,Clothing,46,Washington,L,Teal,Summer,4.9,no,Next Day Air,no,no,32,PayPal,Fortnightly
3175,45,female,Pants,Clothing,52,Oklahoma,L,Orange,Winter,3.8,no,Store Pickup,no,no,35,PayPal,Monthly
3176,35,female,Socks,Clothing,42,Connecticut,M,Maroon,Fall,3.4,no,Store Pickup,no,no,26,Debit Card,Every 3 Months
3177,36,female,Sandals,Footwear,37,Arkansas,XL,Turquoise,Spring,4.6,no,2-Day Shipping,no,no,39,Credit Card,Monthly
3178,55,female,Belt,Accessories,52,Missouri,L,Beige,Fall,3.2,no,Standard,no,no,31,Credit Card,Monthly
3179,66,female,Sandals,Footwear,34,Washington,L,Beige,Spring,2.7,no,Free Shipping,no,no,28,Credit Card,Annually
3180,57,female,Shorts,Clothing,88,Idaho,M,Olive,Spring,4.3,no,Free Shipping,no,no,12,Debit Card,Bi-Weekly
3181,18,female,Handbag,Accessories,88,Montana,L,Turquoise,Fall,3.8,no,Standard,no,no,46,PayPal,Weekly
3182,31,female,Jacket,Outerwear,51,Montana,M,Charcoal,Summer,4.4,no,Free Shipping,no,no,27,PayPal,Every 3 Months
3183,50,female,Sunglasses,Accessories,97,Georgia,L,Green,Fall,3.6,no,Free Shipping,no,no,4,Credit Card,Annually
3184,50,female,Sneakers,Footwear,56,Mississippi,M,Green,Winter,3.5,no,Standard,no,no,14,Cash,Every 3 Months
3185,61,female,Sweater,Clothing,53,Hawaii,L,Green,Spring,4.2,no,2-Day Shipping,no,no,30,Venmo,Quarterly
3186,52,female,Skirt,Clothing,71,Ohio,L,Gold,Fall,4.7,no,Express,no,no,6,PayPal,Annually
3187,38,female,Jewelry,Accessories,93,Virginia,S,Cyan,Winter,4.8,no,Store Pickup,no,no,43,Venmo,Annually
3188,67,female,Blouse,Clothing,72,Texas,L,Indigo,Winter,3.2,no,Free Shipping,no,no,28,Debit Card,Weekly
3189,42,female,Blouse,Clothing,59,Vermont,M,Lavender,Winter,3.5,no,Standard,no,no,39,Bank Transfer,Monthly
3190,25,female,Boots,Footwear,87,Kansas,M,Beige,Summer,4.2,no,Store Pickup,no,no,30,PayPal,Bi-Weekly
3191,41,female,Jeans,Clothing,78,California,S,Purple,Fall,3.4,no,Free Shipping,no,no,5,Credit Card,Fortnightly
3192,62,female,Hoodie,Clothing,68,Mississippi,XL,Maroon,Winter,4.7,no,Store Pickup,no,no,42,Credit Card,Every 3 Months
3193,19,female,Sweater,Clothing,76,Iowa,S,Maroon,Fall,3,no,Free Shipping,no,no,20,Cash,Fortnightly
3194,63,female,Gloves,Accessories,99,Virginia,L,Teal,Winter,4,no,Express,no,no,35,Credit Card,Fortnightly
3195,43,female,Sneakers,Footwear,52,Maryland,L,Gold,Summer,4.6,no,Standard,no,no,10,Credit Card,Bi-Weekly
3196,68,female,Sunglasses,Accessories,58,Missouri,S,Red,Spring,4.9,no,Next Day Air,no,no,36,Credit Card,Quarterly
3197,24,female,Belt,Accessories,59,Wisconsin,L,Maroon,Winter,2.8,no,Express,no,no,21,Debit Card,Fortnightly
3198,27,female,Sweater,Clothing,71,Maine,M,Teal,Spring,3.2,no,Free Shipping,no,no,29,Credit Card,Every 3 Months
3199,61,female,Gloves,Accessories,94,Pennsylvania,L,Peach,Winter,2.8,no,Free Shipping,no,no,39,Debit Card,Weekly
3200,59,female,Handbag,Accessories,40,Maine,XL,Pink,Winter,4.2,no,Express,no,no,16,PayPal,Monthly
3201,67,female,Socks,Clothing,24,Missouri,L,Black,Spring,4.8,no,Free Shipping,no,no,32,Credit Card,Monthly
3202,46,female,Pants,Clothing,38,Vermont,S,Indigo,Fall,2.8,no,2-Day Shipping,no,no,34,Cash,Monthly
3203,65,female,Scarf,Accessories,37,Wisconsin,L,Green,Fall,4.5,no,Standard,no,no,38,Venmo,Annually
3204,63,female,Coat,Outerwear,29,New Jersey,L,Teal,Spring,4.1,no,Express,no,no,14,Venmo,Annually
3205,57,female,Jacket,Outerwear,92,New Mexico,XL,Lavender,Fall,4.3,no,Free Shipping,no,no,23,Debit Card,Bi-Weekly
3206,40,female,Hoodie,Clothing,24,Colorado,XL,Magenta,Fall,4.4,no,2-Day Shipping,no,no,50,Bank Transfer,Every 3 Months
3207,36,female,Boots,Footwear,52,California,M,Brown,Winter,3,no,Free Shipping,no,no,49,PayPal,Monthly
3208,67,female,Socks,Clothing,29,Arizona,XL,Beige,Summer,2.7,no,Next Day Air,no,no,14,PayPal,Annually
3209,61,female,Jewelry,Accessories,30,Indiana,L,Indigo,Winter,3.3,no,2-Day Shipping,no,no,42,PayPal,Weekly
3210,64,female,Shoes,Footwear,31,Arkansas,L,Peach,Fall,4.3,no,Standard,no,no,39,Debit Card,Annually
3211,30,female,Socks,Clothing,67,Nevada,M,Magenta,Summer,2.9,no,Express,no,no,43,Venmo,Bi-Weekly
3212,53,female,Pants,Clothing,65,Rhode Island,L,Turquoise,Winter,4.9,no,Standard,no,no,12,Cash,Monthly
3213,27,female,Sneakers,Footwear,22,Wyoming,M,Indigo,Winter,3.6,no,2-Day Shipping,no,no,21,Debit Card,Weekly
3214,27,female,Sunglasses,Accessories,56,Texas,M,Brown,Winter,3.3,no,Standard,no,no,33,Credit Card,Monthly
3215,53,female,Skirt,Clothing,78,Washington,M,Yellow,Spring,3.1,no,Free Shipping,no,no,6,Debit Card,Annually
3216,34,female,Coat,Outerwear,90,Rhode Island,M,Magenta,Summer,2.7,no,Free Shipping,no,no,10,PayPal,Every 3 Months
3217,39,female,Hoodie,Clothing,85,Illinois,S,Olive,Winter,3.4,no,Next Day Air,no,no,18,Cash,Weekly
3218,44,female,Sunglasses,Accessories,58,Oregon,M,Silver,Fall,3.4,no,Express,no,no,46,Venmo,Weekly
3219,37,female,Skirt,Clothing,34,Florida,M,Teal,Fall,3.9,no,Express,no,no,49,PayPal,Monthly
3220,57,female,Coat,Outerwear,40,Kansas,L,White,Summer,3.5,no,2-Day Shipping,no,no,39,Credit Card,Weekly
3221,38,female,Handbag,Accessories,29,North Dakota,M,Blue,Fall,4.1,no,Free Shipping,no,no,16,Cash,Monthly
3222,21,female,T-shirt,Clothing,76,New Hampshire,M,Yellow,Winter,3.2,no,Standard,no,no,28,Cash,Annually
3223,45,female,Sunglasses,Accessories,84,Texas,S,Maroon,Fall,4.6,no,Store Pickup,no,no,22,PayPal,Quarterly
3224,68,female,Shirt,Clothing,65,Montana,S,Gray,Spring,3.9,no,Standard,no,no,36,Venmo,Bi-Weekly
3225,37,female,Hoodie,Clothing,80,Delaware,L,Indigo,Winter,2.7,no,Free Shipping,no,no,18,PayPal,Monthly
3226,53,female,Blouse,Clothing,98,New Hampshire,M,Pink,Fall,3,no,Store Pickup,no,no,31,Credit Card,Weekly
3227,57,female,Sneakers,Footwear,71,Minnesota,XL,Beige,Spring,3.3,no,Next Day Air,no,no,38,Bank Transfer,Fortnightly
3228,28,female,Scarf,Accessories,69,Alaska,XL,White,Fall,2.7,no,Free Shipping,no,no,42,Debit Card,Quarterly
3229,37,female,Jewelry,Accessories,95,Connecticut,M,Yellow,Spring,4.6,no,2-Day Shipping,no,no,27,PayPal,Annually
3230,54,female,Pants,Clothing,67,Connecticut,M,Teal,Fall,2.7,no,Express,no,no,24,Cash,Monthly
3231,49,female,Sneakers,Footwear,49,Kansas,M,Olive,Summer,2.5,no,Next Day Air,no,no,38,Debit Card,Annually
3232,62,female,Shoes,Footwear,97,Nevada,M,Maroon,Winter,4.4,no,Free Shipping,no,no,9,Credit Card,Annually
3233,45,female,T-shirt,Clothing,34,Massachusetts,M,White,Spring,4,no,Next Day Air,no,no,19,Bank Transfer,Monthly
3234,45,female,Belt,Accessories,74,Indiana,M,Lavender,Fall,3.8,no,Express,no,no,11,Debit Card,Bi-Weekly
3235,49,female,Jewelry,Accessories,96,Washington,M,Black,Winter,2.5,no,2-Day Shipping,no,no,16,Debit Card,Quarterly
3236,27,female,Belt,Accessories,68,Kansas,M,Green,Summer,4,no,Free Shipping,no,no,18,Venmo,Monthly
3237,63,female,Belt,Accessories,84,South Carolina,L,Olive,Fall,4.1,no,Next Day Air,no,no,8,Cash,Monthly
3238,61,female,T-shirt,Clothing,57,Vermont,M,Gray,Summer,2.8,no,Express,no,no,4,Cash,Weekly
3239,25,female,Sneakers,Footwear,84,Wyoming,XL,Teal,Fall,3.4,no,2-Day Shipping,no,no,37,Cash,Quarterly
3240,33,female,Sunglasses,Accessories,32,Colorado,M,Charcoal,Fall,2.7,no,2-Day Shipping,no,no,30,Cash,Monthly
3241,56,female,Sandals,Footwear,37,West Virginia,M,Violet,Fall,3.8,no,2-Day Shipping,no,no,37,Bank Transfer,Monthly
3242,50,female,Handbag,Accessories,58,Connecticut,M,Lavender,Summer,4.4,no,Store Pickup,no,no,30,PayPal,Quarterly
3243,45,female,Socks,Clothing,74,Oregon,S,Beige,Fall,2.8,no,Express,no,no,17,Venmo,Weekly
3244,45,female,Hoodie,Clothing,99,Idaho,L,Black,Summer,5,no,Store Pickup,no,no,11,Bank Transfer,Every 3 Months
3245,65,female,Sweater,Clothing,81,Arkansas,M,Black,Fall,4.7,no,Express,no,no,42,Credit Card,Annually
3246,63,female,Pants,Clothing,76,Kansas,M,Purple,Fall,3.2,no,Next Day Air,no,no,20,Cash,Weekly
3247,70,female,Sneakers,Footwear,98,Michigan,M,Magenta,Summer,2.9,no,Store Pickup,no,no,37,Cash,Monthly
3248,53,female,Gloves,Accessories,91,Arkansas,M,Teal,Summer,3.7,no,Express,no,no,12,PayPal,Fortnightly
3249,22,female,T-shirt,Clothing,79,Pennsylvania,S,Teal,Summer,4.2,no,Free Shipping,no,no,41,Bank Transfer,Quarterly
3250,26,female,Backpack,Accessories,83,Virginia,M,Pink,Summer,3.4,no,Express,no,no,32,Credit Card,Quarterly
3251,23,female,Coat,Outerwear,90,Minnesota,M,Teal,Spring,2.9,no,2-Day Shipping,no,no,15,Venmo,Weekly
3252,25,female,Coat,Outerwear,20,Nevada,M,Gold,Winter,3.7,no,Standard,no,no,39,Venmo,Quarterly
3253,69,female,Sandals,Footwear,21,Montana,L,Brown,Spring,2.7,no,Store Pickup,no,no,48,Credit Card,Fortnightly
3254,36,female,Backpack,Accessories,60,Nebraska,M,Brown,Fall,3.2,no,2-Day Shipping,no,no,8,Venmo,Fortnightly
3255,21,female,Sweater,Clothing,31,Indiana,S,Magenta,Winter,4.9,no,Store Pickup,no,no,11,Bank Transfer,Every 3 Months
3256,57,female,Shorts,Clothing,40,New Jersey,M,Black,Fall,2.8,no,Next Day Air,no,no,36,Bank Transfer,Monthly
3257,60,female,Sunglasses,Accessories,26,Wisconsin,L,Teal,Winter,4.7,no,Free Shipping,no,no,50,Venmo,Every 3 Months
3258,44,female,Shirt,Clothing,98,Minnesota,M,Brown,Fall,3.3,no,Express,no,no,39,Venmo,Every 3 Months
3259,31,female,Shoes,Footwear,51,New Jersey,M,Magenta,Spring,4.3,no,Express,no,no,11,Credit Card,Bi-Weekly
3260,57,female,Hat,Accessories,95,Oklahoma,XL,Indigo,Fall,3.7,no,2-Day Shipping,no,no,5,Debit Card,Every 3 Months
3261,39,female,Scarf,Accessories,36,Wisconsin,M,Violet,Summer,4.5,no,2-Day Shipping,no,no,7,Credit Card,Annually
3262,48,female,Belt,Accessories,52,Rhode Island,L,Cyan,Winter,3.4,no,Store Pickup,no,no,50,Debit Card,Weekly
3263,42,female,T-shirt,Clothing,35,Indiana,M,Violet,Spring,2.7,no,Standard,no,no,21,Cash,Every 3 Months
3264,56,female,Shorts,Clothing,68,Vermont,S,Black,Fall,4.4,no,Express,no,no,31,Debit Card,Fortnightly
3265,28,female,Pants,Clothing,50,Maine,S,Charcoal,Winter,4,no,Express,no,no,39,Cash,Bi-Weekly
3266,40,female,Sunglasses,Accessories,100,Alabama,M,White,Winter,3.2,no,Express,no,no,28,Credit Card,Fortnightly
3267,49,female,Coat,Outerwear,74,Alabama,S,Gray,Winter,4.2,no,Next Day Air,no,no,33,Bank Transfer,Weekly
3268,37,female,Hoodie,Clothing,45,Idaho,L,Pink,Winter,3,no,Store Pickup,no,no,42,Credit Card,Quarterly
3269,22,female,Dress,Clothing,97,Arkansas,M,Cyan,Fall,2.8,no,Free Shipping,no,no,5,Bank Transfer,Every 3 Months
3270,27,female,Blouse,Clothing,60,Ohio,M,Blue,Winter,4.9,no,Express,no,no,25,Cash,Monthly
3271,59,female,Socks,Clothing,25,Illinois,M,Indigo,Winter,4.7,no,Express,no,no,48,PayPal,Annually
3272,35,female,Socks,Clothing,55,Nevada,XL,Magenta,Spring,4.4,no,Standard,no,no,30,Credit Card,Weekly
3273,58,female,Shoes,Footwear,99,Texas,M,Lavender,Winter,3.1,no,Next Day Air,no,no,34,PayPal,Quarterly
3274,58,female,Belt,Accessories,45,Nevada,S,Orange,Summer,2.6,no,Free Shipping,no,no,34,PayPal,Every 3 Months
3275,46,female,Sweater,Clothing,20,Oklahoma,M,Cyan,Spring,3.9,no,Store Pickup,no,no,14,Cash,Fortnightly
3276,43,female,Pants,Clothing,88,Alabama,XL,Green,Summer,2.6,no,2-Day Shipping,no,no,2,Debit Card,Weekly
3277,39,female,Scarf,Accessories,99,South Dakota,M,White,Summer,4,no,Store Pickup,no,no,41,PayPal,Every 3 Months
3278,59,female,Skirt,Clothing,86,Texas,M,Blue,Spring,4.9,no,Store Pickup,no,no,3,Credit Card,Monthly
3279,59,female,Dress,Clothing,70,Montana,M,Black,Summer,3.3,no,2-Day Shipping,no,no,18,Bank Transfer,Weekly
3280,59,female,Hat,Accessories,50,Wyoming,S,Red,Fall,3,no,Express,no,no,1,Debit Card,Fortnightly
3281,45,female,Handbag,Accessories,57,New York,L,Red,Winter,2.7,no,Next Day Air,no,no,5,PayPal,Monthly
3282,27,female,Pants,Clothing,69,Oregon,L,Gold,Winter,3.1,no,Free Shipping,no,no,41,Bank Transfer,Annually
3283,24,female,T-shirt,Clothing,94,California,M,Red,Fall,4.8,no,Next Day Air,no,no,5,Credit Card,Monthly
3284,47,female,Jacket,Outerwear,24,North Carolina,L,Purple,Spring,2.9,no,Express,no,no,10,Debit Card,Every 3 Months
3285,70,female,Scarf,Accessories,79,Kentucky,L,White,Spring,4.5,no,2-Day Shipping,no,no,20,Venmo,Annually
3286,58,female,Hat,Accessories,31,Hawaii,XL,Magenta,Fall,4.6,no,Free Shipping,no,no,11,Cash,Weekly
3287,45,female,Jacket,Outerwear,67,Illinois,L,Pink,Winter,5,no,Express,no,no,4,Venmo,Fortnightly
3288,24,female,Skirt,Clothing,63,West Virginia,L,Black,Spring,4.3,no,2-Day Shipping,no,no,38,Credit Card,Weekly
3289,67,female,Handbag,Accessories,61,South Carolina,XL,White,Spring,4.9,no,Next Day Air,no,no,19,Credit Card,Bi-Weekly
3290,31,female,Backpack,Accessories,50,Montana,M,Maroon,Summer,4,no,2-Day Shipping,no,no,16,Venmo,Every 3 Months
3291,52,female,Coat,Outerwear,82,North Dakota,L,Black,Spring,3.1,no,Free Shipping,no,no,2,PayPal,Monthly
3292,29,female,Belt,Accessories,51,New Mexico,L,Olive,Fall,2.6,no,2-Day Shipping,no,no,11,Cash,Monthly
3293,62,female,Handbag,Accessories,23,Missouri,L,Gray,Spring,4.9,no,Standard,no,no,18,Bank Transfer,Fortnightly
3294,19,female,Coat,Outerwear,91,West Virginia,M,Gold,Spring,3.5,no,2-Day Shipping,no,no,47,Credit Card,Fortnightly
3295,62,female,Sweater,Clothing,60,South Carolina,S,Magenta,Spring,4.5,no,Store Pickup,no,no,15,Bank Transfer,Bi-Weekly
3296,70,female,Blouse,Clothing,34,West Virginia,S,Lavender,Summer,2.8,no,Next Day Air,no,no,15,Cash,Weekly
3297,20,female,Blouse,Clothing,23,Alaska,M,Green,Spring,4.2,no,Next Day Air,no,no,47,Venmo,Quarterly
3298,67,female,Belt,Accessories,82,West Virginia,M,Violet,Fall,4.1,no,Free Shipping,no,no,47,PayPal,Monthly
3299,65,female,Jacket,Outerwear,73,New Mexico,M,Brown,Fall,3.5,no,Express,no,no,6,Bank Transfer,Every 3 Months
3300,45,female,Shorts,Clothing,32,South Dakota,L,Teal,Spring,4,no,2-Day Shipping,no,no,18,Venmo,Monthly
3301,26,female,Hat,Accessories,80,Oklahoma,M,Charcoal,Spring,4,no,Express,no,no,40,Bank Transfer,Bi-Weekly
3302,36,female,Pants,Clothing,58,Oklahoma,XL,Charcoal,Summer,2.5,no,Free Shipping,no,no,31,Credit Card,Fortnightly
3303,36,female,Blouse,Clothing,82,Alabama,XL,Beige,Winter,4.2,no,Standard,no,no,31,Venmo,Bi-Weekly
3304,20,female,Belt,Accessories,60,Mississippi,S,Turquoise,Summer,3.4,no,Next Day Air,no,no,4,Credit Card,Fortnightly
3305,30,female,Handbag,Accessories,79,Mississippi,XL,Orange,Fall,4.8,no,Next Day Air,no,no,36,Bank Transfer,Every 3 Months
3306,34,female,Hoodie,Clothing,41,Nebraska,L,Cyan,Summer,4.9,no,Standard,no,no,31,PayPal,Bi-Weekly
3307,63,female,Jacket,Outerwear,39,Colorado,L,Orange,Summer,3.6,no,Store Pickup,no,no,6,Venmo,Fortnightly
3308,18,female,Scarf,Accessories,36,Pennsylvania,S,Green,Winter,4,no,Store Pickup,no,no,1,Cash,Monthly
3309,55,female,Jeans,Clothing,70,Utah,M,Pink,Fall,2.6,no,Express,no,no,29,Cash,Monthly
3310,48,female,Handbag,Accessories,47,Massachusetts,M,Blue,Summer,3.1,no,Store Pickup,no,no,19,PayPal,Monthly
3311,45,female,Jacket,Outerwear,27,Iowa,M,Pink,Winter,3.6,no,Free Shipping,no,no,12,PayPal,Fortnightly
3312,29,female,Hat,Accessories,52,Florida,L,Blue,Summer,4,no,Express,no,no,18,Bank Transfer,Annually
3313,55,female,Sneakers,Footwear,75,Louisiana,L,Black,Summer,3.9,no,Next Day Air,no,no,45,Cash,Quarterly
3314,55,female,Hat,Accessories,30,Kansas,XL,Black,Fall,3.9,no,Express,no,no,45,Credit Card,Monthly
3315,55,female,Socks,Clothing,94,Kansas,M,Violet,Spring,3.3,no,Standard,no,no,8,Credit Card,Quarterly
3316,48,female,Scarf,Accessories,68,Kentucky,S,Gold,Summer,2.9,no,Standard,no,no,4,PayPal,Every 3 Months
3317,42,female,Socks,Clothing,45,New Mexico,M,Olive,Summer,3.1,no,Free Shipping,no,no,5,Debit Card,Fortnightly
3318,21,female,Hat,Accessories,67,North Carolina,XL,Pink,Summer,4.7,no,Standard,no,no,30,Cash,Quarterly
3319,45,female,Jacket,Outerwear,46,North Dakota,M,Olive,Summer,3.9,no,Free Shipping,no,no,15,PayPal,Monthly
3320,23,female,Shorts,Clothing,31,North Dakota,M,Indigo,Summer,4.3,no,Next Day Air,no,no,17,Credit Card,Every 3 Months
3321,66,female,Blouse,Clothing,44,Illinois,XL,Silver,Fall,4.2,no,2-Day Shipping,no,no,45,Cash,Every 3 Months
3322,32,female,Coat,Outerwear,100,Maine,S,Charcoal,Winter,4.3,no,Next Day Air,no,no,3,Venmo,Annually
3323,52,female,Sweater,Clothing,92,Indiana,XL,Orange,Winter,4.6,no,Next Day Air,no,no,43,PayPal,Weekly
3324,54,female,Handbag,Accessories,78,North Dakota,M,Yellow,Winter,3.8,no,Free Shipping,no,no,4,Credit Card,Monthly
3325,37,female,T-shirt,Clothing,32,Missouri,S,Red,Fall,3.3,no,Standard,no,no,41,Venmo,Weekly
3326,29,female,Sandals,Footwear,97,Alaska,M,Maroon,Fall,3.7,no,2-Day Shipping,no,no,16,Venmo,Monthly
3327,47,female,Gloves,Accessories,95,North Dakota,M,Magenta,Summer,4.3,no,Standard,no,no,10,Debit Card,Annually
3328,47,female,Shorts,Clothing,64,Connecticut,M,Black,Spring,4.1,no,Express,no,no,2,Debit Card,Quarterly
3329,42,female,Sandals,Footwear,35,Wisconsin,M,Violet,Spring,3.2,no,Free Shipping,no,no,11,Cash,Bi-Weekly
3330,34,female,Backpack,Accessories,54,New Jersey,M,Gray,Winter,3.8,no,Express,no,no,1,Debit Card,Bi-Weekly
3331,38,female,Sneakers,Footwear,96,Missouri,M,Black,Spring,3.2,no,2-Day Shipping,no,no,41,Bank Transfer,Quarterly
3332,55,female,Sunglasses,Accessories,58,California,M,Pink,Summer,3.5,no,Free Shipping,no,no,39,PayPal,Quarterly
3333,27,female,T-shirt,Clothing,23,Washington,M,Silver,Summer,3.1,no,2-Day Shipping,no,no,1,PayPal,Bi-Weekly
3334,55,female,Jeans,Clothing,35,Minnesota,M,Violet,Spring,4.2,no,Express,no,no,3,PayPal,Monthly
3335,66,female,Shirt,Clothing,23,California,M,Beige,Summer,3.4,no,Free Shipping,no,no,21,Credit Card,Annually
3336,44,female,Hat,Accessories,94,Texas,XL,Cyan,Winter,3.5,no,Express,no,no,48,Bank Transfer,Quarterly
3337,39,female,Blouse,Clothing,45,Montana,M,Brown,Fall,4,no,Free Shipping,no,no,24,Debit Card,Annually
3338,23,female,Jacket,Outerwear,23,Arizona,L,Blue,Winter,4.4,no,2-Day Shipping,no,no,45,Bank Transfer,Bi-Weekly
3339,29,female,Skirt,Clothing,94,Minnesota,L,White,Winter,2.9,no,2-Day Shipping,no,no,46,Credit Card,Monthly
3340,20,female,Gloves,Accessories,99,Nebraska,M,Cyan,Fall,3.6,no,Store Pickup,no,no,35,Cash,Fortnightly
3341,42,female,T-shirt,Clothing,36,Virginia,XL,Maroon,Fall,4.4,no,Free Shipping,no,no,47,Credit Card,Fortnightly
3342,55,female,Jacket,Outerwear,50,Connecticut,XL,Olive,Summer,4.5,no,Standard,no,no,35,Credit Card,Monthly
3343,66,female,Jacket,Outerwear,81,New Jersey,M,Violet,Spring,3.8,no,Free Shipping,no,no,45,Credit Card,Weekly
3344,24,female,Shorts,Clothing,31,Kentucky,XL,Green,Winter,3.6,no,2-Day Shipping,no,no,6,Cash,Bi-Weekly
3345,62,female,Hat,Accessories,48,Washington,XL,Magenta,Fall,4.3,no,Free Shipping,no,no,20,Cash,Annually
3346,28,female,Handbag,Accessories,91,Florida,M,Turquoise,Summer,4,no,2-Day Shipping,no,no,3,Venmo,Bi-Weekly
3347,30,female,Jeans,Clothing,99,Oklahoma,M,Black,Summer,3.4,no,Express,no,no,30,Venmo,Quarterly
3348,22,female,Shoes,Footwear,70,Iowa,XL,Cyan,Summer,4.4,no,Standard,no,no,28,PayPal,Bi-Weekly
3349,28,female,T-shirt,Clothing,74,New Hampshire,L,Gray,Winter,2.8,no,Standard,no,no,15,Cash,Every 3 Months
3350,35,female,Jewelry,Accessories,79,Georgia,M,Red,Fall,2.8,no,Store Pickup,no,no,29,PayPal,Quarterly
3351,45,female,Handbag,Accessories,33,Mississippi,S,Olive,Fall,4.9,no,2-Day Shipping,no,no,15,Cash,Bi-Weekly
3352,43,female,Shirt,Clothing,49,New Hampshire,L,Cyan,Spring,4.2,no,2-Day Shipping,no,no,18,Bank Transfer,Fortnightly
3353,55,female,Belt,Accessories,96,Washington,M,Teal,Summer,2.9,no,Next Day Air,no,no,7,Bank Transfer,Bi-Weekly
3354,31,female,Dress,Clothing,66,Ohio,L,Teal,Fall,4.6,no,Free Shipping,no,no,19,Credit Card,Every 3 Months
3355,42,female,Skirt,Clothing,45,Maryland,M,Orange,Fall,2.8,no,Next Day Air,no,no,15,PayPal,Weekly
3356,40,female,Blouse,Clothing,28,Delaware,M,Peach,Spring,2.6,no,Store Pickup,no,no,3,Bank Transfer,Bi-Weekly
3357,39,female,Jeans,Clothing,48,Tennessee,M,Silver,Summer,3.5,no,Store Pickup,no,no,13,PayPal,Bi-Weekly
3358,41,female,Hoodie,Clothing,67,Arkansas,M,Pink,Winter,3.5,no,Free Shipping,no,no,37,Credit Card,Monthly
3359,56,female,T-shirt,Clothing,59,Tennessee,M,Magenta,Fall,3.4,no,2-Day Shipping,no,no,26,Cash,Annually
3360,43,female,Sunglasses,Accessories,74,New Hampshire,L,Red,Fall,3.9,no,Next Day Air,no,no,29,Debit Card,Monthly
3361,22,female,Jacket,Outerwear,81,Minnesota,M,Maroon,Spring,3.3,no,2-Day Shipping,no,no,47,Cash,Every 3 Months
3362,47,female,Shoes,Footwear,26,Florida,M,Silver,Spring,4.1,no,Free Shipping,no,no,47,Credit Card,Bi-Weekly
3363,50,female,Handbag,Accessories,61,Tennessee,M,Gray,Summer,3,no,Next Day Air,no,no,48,Venmo,Fortnightly
3364,58,female,Sweater,Clothing,23,California,M,Turquoise,Winter,3,no,Next Day Air,no,no,46,Bank Transfer,Bi-Weekly
3365,50,female,Scarf,Accessories,33,Oregon,M,Peach,Fall,3.2,no,Standard,no,no,7,Credit Card,Monthly
3366,43,female,Skirt,Clothing,58,Tennessee,L,Teal,Fall,3.9,no,Express,no,no,45,Credit Card,Every 3 Months
3367,38,female,Gloves,Accessories,65,North Carolina,M,Red,Spring,3.6,no,2-Day Shipping,no,no,47,Debit Card,Quarterly
3368,44,female,T-shirt,Clothing,48,Tennessee,M,Blue,Summer,3.1,no,Store Pickup,no,no,6,Venmo,Fortnightly
3369,30,female,Sandals,Footwear,25,Nebraska,M,Blue,Spring,4.8,no,Express,no,no,29,Bank Transfer,Every 3 Months
3370,47,female,Sweater,Clothing,51,Maine,M,Indigo,Winter,3.8,no,2-Day Shipping,no,no,42,Cash,Monthly
3371,30,female,Belt,Accessories,31,Illinois,M,Charcoal,Summer,2.8,no,Store Pickup,no,no,46,Cash,Fortnightly
3372,49,female,Hoodie,Clothing,99,Colorado,S,Turquoise,Winter,4,no,Next Day Air,no,no,28,PayPal,Annually
3373,56,female,Socks,Clothing,25,Pennsylvania,M,Maroon,Winter,4.6,no,Free Shipping,no,no,14,Credit Card,Every 3 Months
3374,70,female,Sandals,Footwear,52,Minnesota,M,Purple,Spring,3.5,no,Store Pickup,no,no,12,Debit Card,Every 3 Months
3375,22,female,Blouse,Clothing,47,Nevada,S,Lavender,Spring,3.7,no,2-Day Shipping,no,no,41,Debit Card,Annually
3376,51,female,Boots,Footwear,98,Connecticut,XL,Yellow,Fall,4.9,no,Express,no,no,8,Credit Card,Annually
3377,22,female,Hat,Accessories,46,Ohio,M,Green,Winter,4.1,no,Store Pickup,no,no,24,Cash,Quarterly
3378,37,female,Shirt,Clothing,32,Kentucky,M,Yellow,Winter,4.6,no,Next Day Air,no,no,18,PayPal,Fortnightly
3379,49,female,Shorts,Clothing,75,Minnesota,L,Gold,Fall,4.5,no,Next Day Air,no,no,6,Cash,Quarterly
3380,61,female,Handbag,Accessories,51,Tennessee,L,Turquoise,Summer,5,no,Store Pickup,no,no,40,Cash,Weekly
3381,41,female,Dress,Clothing,52,North Dakota,L,Blue,Summer,3.8,no,Standard,no,no,6,PayPal,Every 3 Months
3382,57,female,Hat,Accessories,66,Minnesota,L,Turquoise,Winter,4.7,no,Standard,no,no,27,Credit Card,Quarterly
3383,34,female,Sweater,Clothing,35,Nebraska,M,Maroon,Spring,2.8,no,Express,no,no,2,Bank Transfer,Weekly
3384,27,female,Coat,Outerwear,43,Delaware,M,Pink,Fall,2.6,no,Next Day Air,no,no,39,Venmo,Bi-Weekly
3385,39,female,Hoodie,Clothing,24,Minnesota,L,Maroon,Summer,3.8,no,Free Shipping,no,no,9,Venmo,Quarterly
3386,62,female,Jewelry,Accessories,83,Rhode Island,M,Olive,Winter,2.8,no,Standard,no,no,16,Credit Card,Every 3 Months
3387,34,female,T-shirt,Clothing,62,Michigan,M,Lavender,Fall,2.6,no,2-Day Shipping,no,no,36,Cash,Quarterly
3388,53,female,Pants,Clothing,78,New Jersey,S,Pink,Spring,3.4,no,2-Day Shipping,no,no,2,Credit Card,Bi-Weekly
3389,35,female,Sweater,Clothing,61,South Dakota,M,Cyan,Spring,4.5,no,Store Pickup,no,no,21,Credit Card,Weekly
3390,38,female,Pants,Clothing,57,North Carolina,L,Maroon,Fall,3.8,no,Free Shipping,no,no,39,Venmo,Annually
3391,32,female,Socks,Clothing,70,Oregon,S,Red,Summer,3,no,Next Day Air,no,no,38,PayPal,Annually
3392,47,female,Hoodie,Clothing,57,Montana,M,Silver,Fall,3.7,no,2-Day Shipping,no,no,6,Debit Card,Every 3 Months
3393,53,female,Scarf,Accessories,74,New Jersey,XL,Blue,Winter,4.4,no,Free Shipping,no,no,6,Venmo,Bi-Weekly
3394,60,female,Dress,Clothing,90,Arizona,M,Gold,Fall,3.1,no,Next Day Air,no,no,50,Debit Card,Monthly
3395,31,female,Sandals,Footwear,98,Vermont,S,Yellow,Spring,4.2,no,Store Pickup,no,no,9,PayPal,Annually
3396,44,female,Dress,Clothing,43,Colorado,M,Silver,Winter,3.1,no,Free Shipping,no,no,15,Debit Card,Every 3 Months
3397,29,female,Pants,Clothing,37,Tennessee,XL,Black,Winter,5,no,Next Day Air,no,no,5,PayPal,Quarterly
3398,19,female,Blouse,Clothing,38,New Jersey,L,Yellow,Summer,2.7,no,Standard,no,no,13,Bank Transfer,Bi-Weekly
3399,54,female,Jeans,Clothing,60,Montana,L,Pink,Winter,3.8,no,Standard,no,no,44,Cash,Fortnightly
3400,40,female,Pants,Clothing,55,Montana,XL,Yellow,Winter,3.3,no,Standard,no,no,36,Debit Card,Annually
3401,39,female,Sunglasses,Accessories,51,Nevada,M,Lavender,Fall,4.8,no,Free Shipping,no,no,18,Venmo,Fortnightly
3402,44,female,Backpack,Accessories,71,Nevada,L,Peach,Winter,3.4,no,Standard,no,no,39,Credit Card,Weekly
3403,22,female,Hoodie,Clothing,61,Louisiana,M,Black,Spring,4.4,no,2-Day Shipping,no,no,11,PayPal,Every 3 Months
3404,30,female,Boots,Footwear,65,Illinois,M,Olive,Summer,3.9,no,Standard,no,no,1,Cash,Bi-Weekly
3405,69,female,Gloves,Accessories,34,South Carolina,L,Olive,Fall,3.9,no,2-Day Shipping,no,no,34,Credit Card,Annually
3406,28,female,Blouse,Clothing,87,Washington,M,White,Summer,4.2,no,Store Pickup,no,no,47,Bank Transfer,Bi-Weekly
3407,57,female,Sweater,Clothing,79,Nebraska,M,Red,Spring,4,no,Store Pickup,no,no,24,Venmo,Quarterly
3408,46,female,Dress,Clothing,46,Alabama,S,Purple,Spring,2.6,no,Store Pickup,no,no,20,Cash,Quarterly
3409,48,female,Socks,Clothing,72,Montana,L,Purple,Summer,4.4,no,Standard,no,no,11,Bank Transfer,Annually
3410,24,female,Shirt,Clothing,93,Minnesota,M,Teal,Summer,3.2,no,Next Day Air,no,no,3,Credit Card,Every 3 Months
3411,50,female,Sandals,Footwear,76,Ohio,L,Teal,Summer,4.3,no,Free Shipping,no,no,38,Bank Transfer,Bi-Weekly
3412,29,female,Shoes,Footwear,56,New York,L,Gray,Winter,4.9,no,2-Day Shipping,no,no,45,Cash,Weekly
3413,61,female,Sandals,Footwear,83,Indiana,M,Magenta,Fall,3.8,no,Store Pickup,no,no,31,Venmo,Quarterly
3414,34,female,Gloves,Accessories,90,Delaware,XL,Black,Winter,2.5,no,Express,no,no,16,PayPal,Bi-Weekly
3415,27,female,Boots,Footwear,94,Connecticut,M,Maroon,Spring,4.9,no,Next Day Air,no,no,3,Bank Transfer,Quarterly
3416,38,female,Blouse,Clothing,68,New York,M,Gold,Fall,3,no,2-Day Shipping,no,no,15,Bank Transfer,Annually
3417,25,female,Sandals,Footwear,53,Alabama,M,Purple,Spring,3.2,no,Store Pickup,no,no,11,Bank Transfer,Every 3 Months
3418,54,female,Coat,Outerwear,35,Massachusetts,M,Blue,Summer,2.9,no,2-Day Shipping,no,no,22,Debit Card,Fortnightly
3419,53,female,Jacket,Outerwear,30,South Carolina,M,Beige,Summer,2.8,no,Free Shipping,no,no,35,Debit Card,Annually
3420,23,female,Jewelry,Accessories,26,West Virginia,L,Indigo,Winter,3.1,no,Store Pickup,no,no,5,Venmo,Bi-Weekly
3421,19,female,Hat,Accessories,60,Kentucky,M,Purple,Winter,3.4,no,Express,no,no,35,PayPal,Bi-Weekly
3422,57,female,Shoes,Footwear,30,New Jersey,M,Maroon,Summer,2.9,no,Free Shipping,no,no,27,PayPal,Weekly
3423,19,female,Coat,Outerwear,91,New York,L,Beige,Winter,3.2,no,Next Day Air,no,no,9,Venmo,Monthly
3424,33,female,Boots,Footwear,71,Massachusetts,M,Brown,Spring,3.8,no,Next Day Air,no,no,21,PayPal,Bi-Weekly
3425,33,female,Scarf,Accessories,64,Florida,L,Green,Summer,3.6,no,2-Day Shipping,no,no,23,Credit Card,Monthly
3426,38,female,Hat,Accessories,54,Michigan,M,Blue,Summer,4.3,no,Next Day Air,no,no,3,Debit Card,Bi-Weekly
3427,47,female,Socks,Clothing,35,Oregon,XL,Magenta,Fall,4.8,no,2-Day Shipping,no,no,31,Credit Card,Annually
3428,39,female,T-shirt,Clothing,38,Michigan,XL,Turquoise,Winter,2.5,no,Store Pickup,no,no,44,Cash,Annually
3429,32,female,Jewelry,Accessories,69,Washington,M,Gray,Fall,2.5,no,Next Day Air,no,no,20,Venmo,Monthly
3430,27,female,Skirt,Clothing,96,Alaska,S,Purple,Winter,4.6,no,Express,no,no,34,Debit Card,Weekly
3431,67,female,Socks,Clothing,73,Montana,M,Lavender,Winter,4.2,no,Next Day Air,no,no,17,Bank Transfer,Every 3 Months
3432,46,female,Belt,Accessories,49,New Mexico,S,Green,Summer,4.2,no,Express,no,no,20,Venmo,Annually
3433,36,female,Boots,Footwear,44,Connecticut,M,Gray,Summer,4.8,no,2-Day Shipping,no,no,46,PayPal,Every 3 Months
3434,62,female,Socks,Clothing,93,Alaska,M,Yellow,Spring,4.5,no,Free Shipping,no,no,28,PayPal,Annually
3435,31,female,Pants,Clothing,72,Ohio,S,Orange,Summer,3.3,no,2-Day Shipping,no,no,6,Venmo,Fortnightly
3436,68,female,Socks,Clothing,91,Montana,M,Beige,Summer,2.7,no,2-Day Shipping,no,no,50,Debit Card,Bi-Weekly
3437,57,female,Belt,Accessories,83,Nebraska,L,Peach,Winter,2.8,no,2-Day Shipping,no,no,41,Bank Transfer,Monthly
3438,22,female,Jacket,Outerwear,62,Oklahoma,S,Green,Winter,3.5,no,2-Day Shipping,no,no,50,PayPal,Annually
3439,26,female,Shirt,Clothing,71,Kentucky,M,Violet,Fall,3,no,Store Pickup,no,no,33,Credit Card,Monthly
3440,43,female,Gloves,Accessories,93,Idaho,M,Gray,Summer,4.5,no,Express,no,no,25,Venmo,Quarterly
3441,45,female,Handbag,Accessories,63,Maryland,L,Magenta,Fall,4.3,no,2-Day Shipping,no,no,2,PayPal,Weekly
3442,64,female,Sweater,Clothing,96,Tennessee,XL,Charcoal,Fall,4.1,no,Standard,no,no,15,Credit Card,Annually
3443,28,female,Skirt,Clothing,78,Michigan,M,Violet,Spring,4.3,no,Next Day Air,no,no,12,PayPal,Weekly
3444,47,female,Dress,Clothing,24,Tennessee,L,Silver,Summer,5,no,Free Shipping,no,no,28,Cash,Bi-Weekly
3445,53,female,Pants,Clothing,63,Rhode Island,S,Green,Summer,3.8,no,2-Day Shipping,no,no,12,Bank Transfer,Bi-Weekly
3446,42,female,Hat,Accessories,58,Florida,M,Magenta,Fall,4.9,no,Standard,no,no,3,Debit Card,Annually
3447,51,female,Boots,Footwear,55,Louisiana,S,Purple,Spring,5,no,2-Day Shipping,no,no,20,Cash,Weekly
3448,62,female,Sandals,Footwear,58,Arkansas,M,Blue,Fall,4.3,no,Express,no,no,3,Bank Transfer,Bi-Weekly
3449,18,female,Coat,Outerwear,28,Kentucky,S,Yellow,Winter,4.1,no,Express,no,no,32,Bank Transfer,Fortnightly
3450,48,female,Blouse,Clothing,37,Kansas,M,Brown,Spring,4.5,no,Standard,no,no,35,Cash,Monthly
3451,20,female,Shorts,Clothing,78,Vermont,M,Pink,Spring,3.6,no,Store Pickup,no,no,31,PayPal,Monthly
3452,32,female,Blouse,Clothing,73,Nevada,XL,Silver,Fall,3,no,Free Shipping,no,no,13,Credit Card,Annually
3453,26,female,Jacket,Outerwear,20,Oklahoma,M,Indigo,Spring,3.7,no,Next Day Air,no,no,3,Venmo,Fortnightly
3454,31,female,Shirt,Clothing,60,Alabama,L,Pink,Winter,4.3,no,Standard,no,no,48,Venmo,Bi-Weekly
3455,55,female,Handbag,Accessories,71,Louisiana,S,Lavender,Fall,4.6,no,Store Pickup,no,no,15,PayPal,Bi-Weekly
3456,49,female,T-shirt,Clothing,89,Ohio,M,Orange,Fall,4.7,no,Standard,no,no,13,Venmo,Annually
3457,42,female,Hoodie,Clothing,53,Texas,M,Red,Fall,4.6,no,Express,no,no,21,Venmo,Monthly
3458,64,female,Jewelry,Accessories,87,Maryland,M,Gray,Summer,3,no,Express,no,no,29,Cash,Fortnightly
3459,68,female,Jewelry,Accessories,37,West Virginia,L,Violet,Spring,3.4,no,Standard,no,no,24,Venmo,Quarterly
3460,68,female,Hoodie,Clothing,37,Ohio,L,Green,Fall,3.8,no,Express,no,no,21,PayPal,Annually
3461,41,female,Scarf,Accessories,78,Indiana,M,Gold,Spring,3.1,no,Express,no,no,5,Bank Transfer,Bi-Weekly
3462,51,female,Shoes,Footwear,23,Wyoming,S,Maroon,Spring,4.4,no,Standard,no,no,47,Cash,Quarterly
3463,44,female,Jeans,Clothing,73,Michigan,L,Olive,Spring,4.5,no,Standard,no,no,34,Credit Card,Every 3 Months
3464,27,female,Jewelry,Accessories,27,Maine,M,Yellow,Fall,2.8,no,2-Day Shipping,no,no,45,PayPal,Fortnightly
3465,36,female,Coat,Outerwear,59,Utah,S,Peach,Winter,2.7,no,Next Day Air,no,no,12,PayPal,Annually
3466,19,female,Backpack,Accessories,53,Iowa,M,Gold,Spring,3.4,no,Standard,no,no,31,Debit Card,Weekly
3467,49,female,Socks,Clothing,42,Maryland,S,Purple,Summer,4.6,no,Standard,no,no,43,Bank Transfer,Annually
3468,18,female,Scarf,Accessories,45,Texas,M,Charcoal,Fall,5,no,Next Day Air,no,no,5,Credit Card,Annually
3469,36,female,Sunglasses,Accessories,89,Ohio,S,Indigo,Winter,3.5,no,Standard,no,no,36,Debit Card,Quarterly
3470,36,female,Socks,Clothing,85,North Dakota,L,Magenta,Fall,3.3,no,Store Pickup,no,no,12,Cash,Annually
3471,19,female,Coat,Outerwear,69,West Virginia,S,Olive,Summer,4.5,no,Free Shipping,no,no,31,Cash,Bi-Weekly
3472,43,female,Sandals,Footwear,66,North Carolina,S,Blue,Spring,3.1,no,Store Pickup,no,no,31,Cash,Bi-Weekly
3473,31,female,Blouse,Clothing,42,Georgia,S,White,Summer,4,no,Free Shipping,no,no,15,Debit Card,Weekly
3474,63,female,Dress,Clothing,40,Kansas,M,Cyan,Spring,2.5,no,Express,no,no,11,Cash,Weekly
3475,41,female,Pants,Clothing,82,Maine,M,Cyan,Winter,4.4,no,Store Pickup,no,no,18,Venmo,Monthly
3476,48,female,Sneakers,Footwear,88,South Carolina,M,Orange,Spring,4.4,no,Express,no,no,9,Cash,Quarterly
3477,68,female,Boots,Footwear,99,South Carolina,XL,Orange,Summer,3.2,no,Free Shipping,no,no,11,Cash,Weekly
3478,53,female,Handbag,Accessories,85,Kentucky,S,Teal,Spring,3.8,no,Store Pickup,no,no,38,Debit Card,Bi-Weekly
3479,36,female,Handbag,Accessories,57,Arizona,M,Magenta,Fall,4.6,no,Store Pickup,no,no,42,PayPal,Quarterly
3480,46,female,Sweater,Clothing,56,New York,S,Orange,Summer,4.9,no,Standard,no,no,41,Cash,Monthly
3481,21,female,Sandals,Footwear,79,New Hampshire,L,Peach,Winter,3.5,no,Free Shipping,no,no,45,PayPal,Monthly
3482,52,female,Socks,Clothing,67,Ohio,S,Maroon,Summer,3.4,no,Store Pickup,no,no,41,Debit Card,Bi-Weekly
3483,66,female,Gloves,Accessories,61,Hawaii,M,Gold,Winter,3.9,no,Next Day Air,no,no,35,Debit Card,Weekly
3484,19,female,Hoodie,Clothing,37,Texas,L,White,Winter,3.9,no,Express,no,no,21,Credit Card,Every 3 Months
3485,44,female,Dress,Clothing,75,Illinois,L,Gray,Fall,4.2,no,Free Shipping,no,no,13,Credit Card,Bi-Weekly
3486,50,female,Shirt,Clothing,21,Massachusetts,XL,Brown,Winter,3.4,no,Standard,no,no,23,Debit Card,Fortnightly
3487,51,female,Shorts,Clothing,89,North Carolina,L,Charcoal,Winter,4.9,no,Standard,no,no,6,PayPal,Weekly
3488,25,female,Sandals,Footwear,24,West Virginia,L,Beige,Fall,2.9,no,Store Pickup,no,no,39,Bank Transfer,Annually
3489,62,female,Sweater,Clothing,27,Delaware,XL,Teal,Spring,4.9,no,Store Pickup,no,no,7,Cash,Quarterly
3490,48,female,Dress,Clothing,26,Idaho,L,Black,Summer,4.6,no,2-Day Shipping,no,no,32,PayPal,Every 3 Months
3491,62,female,Boots,Footwear,82,Oregon,M,Violet,Spring,3.6,no,Store Pickup,no,no,43,Credit Card,Quarterly
3492,22,female,Pants,Clothing,28,Maine,M,Orange,Winter,4.3,no,Express,no,no,15,Cash,Monthly
3493,48,female,Gloves,Accessories,65,South Dakota,M,Turquoise,Fall,4.6,no,Standard,no,no,48,Bank Transfer,Annually
3494,48,female,Pants,Clothing,82,New Mexico,XL,Black,Winter,4.7,no,Store Pickup,no,no,35,Credit Card,Weekly
3495,62,female,Scarf,Accessories,38,Washington,M,Silver,Winter,3.5,no,Free Shipping,no,no,41,PayPal,Quarterly
3496,24,female,Shorts,Clothing,33,Georgia,XL,Gray,Spring,2.8,no,Free Shipping,no,no,14,Cash,Weekly
3497,39,female,Shoes,Footwear,38,Idaho,M,Pink,Summer,4,no,Free Shipping,no,no,22,PayPal,Monthly
3498,35,female,Handbag,Accessories,48,Colorado,M,Red,Spring,4.3,no,Store Pickup,no,no,16,Venmo,Every 3 Months
3499,47,female,Sandals,Footwear,35,Kentucky,M,Lavender,Summer,3.8,no,Standard,no,no,2,Bank Transfer,Bi-Weekly
3500,22,female,Socks,Clothing,29,New Jersey,L,Indigo,Fall,3,no,Next Day Air,no,no,13,PayPal,Every 3 Months
3501,38,female,Shirt,Clothing,48,Oregon,S,Silver,Fall,4.6,no,Next Day Air,no,no,38,Debit Card,Fortnightly
3502,53,female,Shoes,Footwear,87,Nebraska,M,Silver,Fall,4.8,no,Standard,no,no,43,Bank Transfer,Weekly
3503,31,female,Backpack,Accessories,62,Massachusetts,M,Green,Fall,4.7,no,Next Day Air,no,no,26,Bank Transfer,Quarterly
3504,31,female,Shirt,Clothing,96,Nebraska,M,Pink,Spring,3.9,no,Free Shipping,no,no,39,Cash,Weekly
3505,65,female,Handbag,Accessories,41,Hawaii,S,Violet,Fall,4,no,Next Day Air,no,no,50,Venmo,Monthly
3506,48,female,Jewelry,Accessories,42,Indiana,L,Red,Winter,3.7,no,2-Day Shipping,no,no,40,Bank Transfer,Every 3 Months
3507,18,female,Shirt,Clothing,57,Illinois,L,Olive,Winter,3.7,no,2-Day Shipping,no,no,12,Cash,Fortnightly
3508,46,female,Handbag,Accessories,65,Colorado,S,Purple,Spring,4.2,no,Store Pickup,no,no,33,Credit Card,Every 3 Months
3509,52,female,Pants,Clothing,54,Pennsylvania,M,Gray,Fall,4.7,no,Standard,no,no,49,Bank Transfer,Weekly
3510,50,female,T-shirt,Clothing,22,Ohio,L,Brown,Winter,4.3,no,Next Day Air,no,no,43,Venmo,Bi-Weekly
3511,49,female,Sneakers,Footwear,96,Pennsylvania,S,Orange,Fall,4.9,no,2-Day Shipping,no,no,14,Venmo,Monthly
3512,69,female,Jewelry,Accessories,81,Mississippi,M,Blue,Summer,3.9,no,2-Day Shipping,no,no,21,Credit Card,Every 3 Months
3513,36,female,Shirt,Clothing,46,Kentucky,M,White,Fall,3.4,no,Free Shipping,no,no,31,Debit Card,Quarterly
3514,30,female,Blouse,Clothing,74,Alaska,XL,Charcoal,Spring,4.2,no,Store Pickup,no,no,29,Credit Card,Fortnightly
3515,25,female,Sneakers,Footwear,50,Georgia,XL,Gray,Winter,4.7,no,Express,no,no,32,Cash,Monthly
3516,19,female,Dress,Clothing,80,South Dakota,XL,Charcoal,Winter,4,no,Next Day Air,no,no,16,Debit Card,Bi-Weekly
3517,34,female,Boots,Footwear,56,South Carolina,S,White,Summer,4,no,Free Shipping,no,no,38,PayPal,Bi-Weekly
3518,29,female,Skirt,Clothing,69,Tennessee,M,Orange,Winter,3.1,no,Next Day Air,no,no,34,Debit Card,Every 3 Months
3519,50,female,Shirt,Clothing,97,Colorado,M,Black,Spring,4.2,no,Standard,no,no,30,PayPal,Quarterly
3520,31,female,Shorts,Clothing,66,Wisconsin,M,White,Winter,3.7,no,Next Day Air,no,no,14,Bank Transfer,Fortnightly
3521,41,female,Hat,Accessories,70,Georgia,S,Brown,Spring,3.1,no,Express,no,no,33,Bank Transfer,Monthly
3522,52,female,Shoes,Footwear,50,Maryland,M,Pink,Winter,3.7,no,Store Pickup,no,no,35,Venmo,Weekly
3523,27,female,Pants,Clothing,85,New Jersey,M,Yellow,Spring,3.2,no,Store Pickup,no,no,13,Cash,Quarterly
3524,49,female,Backpack,Accessories,59,Nevada,M,Cyan,Summer,2.8,no,Standard,no,no,30,Cash,Fortnightly
3525,69,female,Pants,Clothing,74,Michigan,L,Silver,Summer,2.9,no,Free Shipping,no,no,30,Credit Card,Monthly
3526,45,female,Sunglasses,Accessories,38,Wyoming,L,Olive,Winter,3.5,no,Standard,no,no,47,Bank Transfer,Annually
3527,20,female,Sweater,Clothing,99,Massachusetts,M,Olive,Spring,3.8,no,Express,no,no,1,PayPal,Every 3 Months
3528,25,female,Blouse,Clothing,97,Washington,S,Charcoal,Spring,4.7,no,Free Shipping,no,no,1,Cash,Weekly
3529,38,female,Scarf,Accessories,67,Maine,L,Gray,Summer,4.5,no,Free Shipping,no,no,33,PayPal,Annually
3530,55,female,T-shirt,Clothing,20,Montana,S,Maroon,Winter,3.9,no,Next Day Air,no,no,43,Bank Transfer,Weekly
3531,62,female,Sunglasses,Accessories,45,Oklahoma,L,Black,Spring,3.4,no,Express,no,no,37,PayPal,Weekly
3532,54,female,Shoes,Footwear,52,North Dakota,XL,Violet,Winter,4.6,no,2-Day Shipping,no,no,23,Cash,Quarterly
3533,61,female,Pants,Clothing,68,Connecticut,L,Indigo,Fall,4.6,no,Standard,no,no,12,Credit Card,Annually
3534,50,female,Sneakers,Footwear,98,Texas,L,Yellow,Fall,4.7,no,Standard,no,no,30,Venmo,Fortnightly
3535,65,female,Shoes,Footwear,83,Delaware,M,Gray,Fall,3.2,no,Express,no,no,7,Cash,Weekly
3536,68,female,Shorts,Clothing,51,Mississippi,M,Red,Summer,5,no,Express,no,no,20,Debit Card,Monthly
3537,55,female,Handbag,Accessories,21,Minnesota,L,Peach,Spring,4.5,no,Express,no,no,10,Venmo,Monthly
3538,57,female,Handbag,Accessories,92,Georgia,M,Gray,Spring,3.5,no,Standard,no,no,40,Credit Card,Every 3 Months
3539,56,female,Shoes,Footwear,63,Iowa,S,White,Spring,4.5,no,Store Pickup,no,no,21,Venmo,Monthly
3540,29,female,Jewelry,Accessories,56,New York,S,Green,Spring,3.2,no,Express,no,no,17,Credit Card,Bi-Weekly
3541,24,female,Shorts,Clothing,95,Nevada,M,Magenta,Spring,4.6,no,Free Shipping,no,no,5,Bank Transfer,Weekly
3542,59,female,Blouse,Clothing,66,Virginia,M,Olive,Winter,4,no,Next Day Air,no,no,22,PayPal,Annually
3543,62,female,Coat,Outerwear,28,Idaho,S,Olive,Spring,4.2,no,Express,no,no,5,Venmo,Weekly
3544,58,female,Hat,Accessories,83,Colorado,M,Blue,Winter,4.1,no,Standard,no,no,18,PayPal,Every 3 Months
3545,64,female,Socks,Clothing,55,Wisconsin,XL,Charcoal,Fall,3.6,no,2-Day Shipping,no,no,42,Cash,Every 3 Months
3546,48,female,Sandals,Footwear,28,Connecticut,M,Yellow,Spring,3.7,no,2-Day Shipping,no,no,22,Debit Card,Annually
3547,60,female,Scarf,Accessories,79,Kansas,M,Violet,Summer,3.6,no,Free Shipping,no,no,37,Bank Transfer,Bi-Weekly
3548,52,female,Scarf,Accessories,31,Pennsylvania,L,Magenta,Summer,3.8,no,Standard,no,no,23,Credit Card,Annually
3549,63,female,Blouse,Clothing,37,Utah,M,Red,Fall,3,no,Standard,no,no,47,Debit Card,Fortnightly
3550,44,female,T-shirt,Clothing,34,Oregon,M,Cyan,Summer,3.4,no,2-Day Shipping,no,no,11,Bank Transfer,Fortnightly
3551,63,female,Shoes,Footwear,74,West Virginia,S,Orange,Winter,4.8,no,Standard,no,no,32,Cash,Weekly
3552,66,female,Gloves,Accessories,31,Montana,L,Black,Spring,2.6,no,Store Pickup,no,no,20,Venmo,Weekly
3553,22,female,Sunglasses,Accessories,66,Kentucky,M,Blue,Winter,2.9,no,Next Day Air,no,no,3,PayPal,Quarterly
3554,62,female,Shoes,Footwear,99,Minnesota,M,Charcoal,Spring,4.9,no,Free Shipping,no,no,32,Bank Transfer,Weekly
3555,39,female,Dress,Clothing,55,Louisiana,M,Indigo,Spring,5,no,Free Shipping,no,no,5,Credit Card,Fortnightly
3556,25,female,Blouse,Clothing,23,Delaware,L,Silver,Spring,4.6,no,Next Day Air,no,no,45,Cash,Quarterly
3557,70,female,Sweater,Clothing,88,Arizona,M,Brown,Fall,4.2,no,Express,no,no,43,Cash,Bi-Weekly
3558,52,female,Jacket,Outerwear,26,Nevada,M,Peach,Summer,4.9,no,Next Day Air,no,no,1,PayPal,Every 3 Months
3559,68,female,Backpack,Accessories,94,Alaska,L,Magenta,Summer,4.8,no,Standard,no,no,9,Venmo,Quarterly
3560,18,female,Shorts,Clothing,25,Utah,M,Beige,Fall,3,no,Next Day Air,no,no,13,Venmo,Every 3 Months
3561,18,female,Socks,Clothing,96,Kansas,XL,Violet,Fall,3.5,no,Express,no,no,5,Credit Card,Annually
3562,63,female,Sneakers,Footwear,29,North Carolina,L,Black,Spring,3.4,no,Standard,no,no,39,Credit Card,Fortnightly
3563,47,female,Sneakers,Footwear,36,Maryland,M,Cyan,Winter,3.4,no,Free Shipping,no,no,7,Bank Transfer,Weekly
3564,43,female,Blouse,Clothing,90,Maine,M,Green,Summer,4.9,no,Standard,no,no,8,Credit Card,Every 3 Months
3565,60,female,Gloves,Accessories,38,Illinois,S,Brown,Summer,4.4,no,Free Shipping,no,no,40,Venmo,Annually
3566,49,female,Handbag,Accessories,52,Pennsylvania,S,Gray,Spring,4.2,no,Store Pickup,no,no,35,PayPal,Monthly
3567,28,female,Jeans,Clothing,88,Alaska,S,Orange,Spring,3.1,no,Next Day Air,no,no,14,Venmo,Monthly
3568,32,female,Scarf,Accessories,56,New Mexico,S,Silver,Summer,4,no,Next Day Air,no,no,26,Credit Card,Monthly
3569,29,female,Sandals,Footwear,71,Arkansas,M,Purple,Spring,4.8,no,Next Day Air,no,no,14,PayPal,Quarterly
3570,35,female,Sandals,Footwear,94,Alaska,M,Olive,Fall,3.3,no,Express,no,no,9,Bank Transfer,Fortnightly
3571,23,female,Dress,Clothing,97,Louisiana,XL,Teal,Winter,4.7,no,Standard,no,no,32,Debit Card,Annually
3572,70,female,Skirt,Clothing,27,North Dakota,M,White,Summer,3.2,no,Standard,no,no,15,Bank Transfer,Every 3 Months
3573,23,female,Shorts,Clothing,28,Rhode Island,M,Black,Spring,5,no,Standard,no,no,25,Credit Card,Monthly
3574,43,female,Jeans,Clothing,67,Connecticut,L,Maroon,Fall,4.9,no,Free Shipping,no,no,27,PayPal,Monthly
3575,29,female,Socks,Clothing,70,New York,M,Cyan,Fall,4.9,no,Express,no,no,39,Bank Transfer,Quarterly
3576,61,female,Coat,Outerwear,95,Kentucky,M,Violet,Fall,3.7,no,Express,no,no,49,Venmo,Bi-Weekly
3577,29,female,Boots,Footwear,24,Maine,L,Yellow,Spring,3,no,Express,no,no,12,Venmo,Bi-Weekly
3578,66,female,Belt,Accessories,35,Missouri,S,Yellow,Winter,2.6,no,Standard,no,no,13,Bank Transfer,Weekly
3579,46,female,Shoes,Footwear,22,Georgia,L,Olive,Winter,2.6,no,Standard,no,no,22,Bank Transfer,Quarterly
3580,34,female,Scarf,Accessories,66,Arizona,L,Olive,Fall,4.8,no,Standard,no,no,19,Credit Card,Every 3 Months
3581,51,female,Blouse,Clothing,83,New Hampshire,M,Magenta,Summer,3.2,no,2-Day Shipping,no,no,3,Cash,Bi-Weekly
3582,26,female,Dress,Clothing,95,Georgia,M,Orange,Fall,4.9,no,Next Day Air,no,no,50,Credit Card,Weekly
3583,23,female,Shorts,Clothing,41,California,S,Beige,Summer,3.4,no,2-Day Shipping,no,no,15,PayPal,Annually
3584,52,female,Blouse,Clothing,77,Arizona,L,Brown,Summer,2.7,no,Store Pickup,no,no,44,Credit Card,Every 3 Months
3585,39,female,Sneakers,Footwear,52,Florida,L,Indigo,Fall,4.8,no,Express,no,no,48,Debit Card,Monthly
3586,39,female,Gloves,Accessories,41,New York,XL,Gray,Winter,4.1,no,Standard,no,no,4,Venmo,Bi-Weekly
3587,33,female,Hoodie,Clothing,28,Idaho,M,Yellow,Winter,4.6,no,Store Pickup,no,no,12,PayPal,Bi-Weekly
3588,33,female,Sweater,Clothing,90,Virginia,S,Violet,Summer,4.4,no,Standard,no,no,33,Debit Card,Annually
3589,23,female,Sunglasses,Accessories,55,Michigan,M,Magenta,Spring,3.5,no,2-Day Shipping,no,no,40,Cash,Annually
3590,31,female,Belt,Accessories,73,New Hampshire,M,Blue,Spring,4.8,no,Next Day Air,no,no,38,Cash,Every 3 Months
3591,27,female,Dress,Clothing,87,South Dakota,M,Gray,Fall,2.9,no,2-Day Shipping,no,no,19,Venmo,Every 3 Months
3592,48,female,Jacket,Outerwear,89,South Dakota,M,Gold,Winter,3.2,no,2-Day Shipping,no,no,38,Bank Transfer,Quarterly
3593,61,female,Boots,Footwear,82,New Jersey,L,Lavender,Spring,4.4,no,2-Day Shipping,no,no,18,Venmo,Fortnightly
3594,63,female,Sandals,Footwear,80,Wyoming,M,Black,Spring,4.6,no,Next Day Air,no,no,24,PayPal,Monthly
3595,19,female,Scarf,Accessories,87,Alabama,L,Charcoal,Summer,2.6,no,2-Day Shipping,no,no,29,Venmo,Quarterly
3596,21,female,Blouse,Clothing,41,South Dakota,M,Violet,Spring,3.1,no,Store Pickup,no,no,14,PayPal,Annually
3597,28,female,Hoodie,Clothing,83,South Carolina,M,Charcoal,Spring,4.3,no,Standard,no,no,44,Cash,Fortnightly
3598,29,female,Sunglasses,Accessories,71,New Mexico,M,Maroon,Summer,3.1,no,Standard,no,no,18,Bank Transfer,Quarterly
3599,23,female,Hoodie,Clothing,76,Connecticut,XL,Purple,Spring,4.6,no,Store Pickup,no,no,19,Bank Transfer,Bi-Weekly
3600,37,female,Scarf,Accessories,34,Kansas,S,Peach,Spring,4.6,no,Express,no,no,4,Cash,Weekly
3601,67,female,Dress,Clothing,81,South Carolina,XL,Olive,Spring,2.7,no,Free Shipping,no,no,25,Cash,Bi-Weekly
3602,34,female,T-shirt,Clothing,47,North Carolina,M,Indigo,Summer,3,no,Next Day Air,no,no,3,PayPal,Monthly
3603,58,female,Skirt,Clothing,36,Wyoming,S,Magenta,Summer,3.3,no,Store Pickup,no,no,40,Debit Card,Quarterly
3604,45,female,Jeans,Clothing,51,Louisiana,M,Gold,Spring,2.7,no,Free Shipping,no,no,5,Cash,Weekly
3605,63,female,Hoodie,Clothing,86,Louisiana,M,Orange,Fall,3.3,no,Standard,no,no,17,Debit Card,Annually
3606,68,female,Jeans,Clothing,41,Alabama,M,Gold,Fall,4.3,no,Store Pickup,no,no,36,Bank Transfer,Every 3 Months
3607,41,female,Sandals,Footwear,90,Minnesota,XL,Purple,Fall,4.8,no,Express,no,no,41,Venmo,Annually
3608,50,female,Hat,Accessories,93,New Mexico,L,Charcoal,Fall,3.3,no,Standard,no,no,20,Venmo,Bi-Weekly
3609,24,female,Gloves,Accessories,56,Tennessee,M,Cyan,Fall,4.3,no,Next Day Air,no,no,2,Cash,Every 3 Months
3610,21,female,Socks,Clothing,39,New Mexico,M,Cyan,Summer,3,no,2-Day Shipping,no,no,31,Debit Card,Monthly
3611,18,female,Jacket,Outerwear,86,Texas,XL,Green,Fall,4.8,no,2-Day Shipping,no,no,23,Bank Transfer,Fortnightly
3612,63,female,T-shirt,Clothing,82,Washington,M,Silver,Spring,2.9,no,Standard,no,no,30,Credit Card,Annually
3613,47,female,Sandals,Footwear,29,Michigan,M,Teal,Summer,3.6,no,Standard,no,no,26,Cash,Every 3 Months
3614,58,female,Hat,Accessories,27,Minnesota,M,Magenta,Fall,3.5,no,Store Pickup,no,no,40,Venmo,Annually
3615,46,female,Gloves,Accessories,25,Delaware,L,Maroon,Spring,4.7,no,2-Day Shipping,no,no,19,Bank Transfer,Annually
3616,35,female,Dress,Clothing,31,California,M,Gold,Winter,4.4,no,Free Shipping,no,no,4,Credit Card,Monthly
3617,42,female,Hoodie,Clothing,23,Wisconsin,L,Purple,Winter,3.3,no,Store Pickup,no,no,33,Debit Card,Fortnightly
3618,48,female,Belt,Accessories,47,Kentucky,M,Lavender,Fall,4.3,no,Express,no,no,29,Debit Card,Monthly
3619,28,female,Gloves,Accessories,67,Nevada,M,Maroon,Fall,4,no,2-Day Shipping,no,no,47,PayPal,Bi-Weekly
3620,44,female,Scarf,Accessories,75,North Carolina,S,Magenta,Winter,4.9,no,2-Day Shipping,no,no,50,Venmo,Weekly
3621,60,female,Sandals,Footwear,82,Louisiana,M,Turquoise,Summer,2.9,no,Express,no,no,28,Credit Card,Fortnightly
3622,38,female,Sneakers,Footwear,32,New Jersey,XL,Silver,Summer,4,no,2-Day Shipping,no,no,5,Cash,Fortnightly
3623,46,female,Dress,Clothing,41,Wisconsin,M,Purple,Fall,4.3,no,Store Pickup,no,no,12,Credit Card,Annually
3624,39,female,Jewelry,Accessories,89,Arkansas,M,Violet,Winter,2.7,no,2-Day Shipping,no,no,4,PayPal,Weekly
3625,22,female,Hat,Accessories,82,Texas,XL,Peach,Fall,5,no,Store Pickup,no,no,22,Bank Transfer,Bi-Weekly
3626,44,female,Scarf,Accessories,99,Illinois,L,Green,Winter,4.4,no,Express,no,no,32,PayPal,Weekly
3627,69,female,Blouse,Clothing,98,Mississippi,L,Teal,Fall,3.5,no,Express,no,no,32,Venmo,Quarterly
3628,39,female,Belt,Accessories,54,Delaware,M,Silver,Winter,3.3,no,Next Day Air,no,no,48,Cash,Every 3 Months
3629,53,female,Blouse,Clothing,88,Georgia,L,Purple,Summer,3.8,no,Free Shipping,no,no,35,Credit Card,Monthly
3630,52,female,T-shirt,Clothing,43,Kansas,L,Lavender,Summer,4.5,no,Standard,no,no,44,Debit Card,Fortnightly
3631,65,female,Hat,Accessories,73,Oklahoma,M,Lavender,Winter,4.8,no,Store Pickup,no,no,29,Cash,Weekly
3632,48,female,Hat,Accessories,50,New Jersey,M,Peach,Fall,2.9,no,Store Pickup,no,no,26,Credit Card,Monthly
3633,27,female,Sneakers,Footwear,73,Utah,L,Green,Spring,3.2,no,Express,no,no,3,Debit Card,Quarterly
3634,39,female,Gloves,Accessories,51,Montana,M,Orange,Spring,2.8,no,Free Shipping,no,no,1,Bank Transfer,Bi-Weekly
3635,59,female,Socks,Clothing,22,Ohio,M,Pink,Winter,3.3,no,Standard,no,no,17,PayPal,Annually
3636,52,female,Sandals,Footwear,32,Colorado,L,Cyan,Fall,3.3,no,Free Shipping,no,no,17,Credit Card,Fortnightly
3637,50,female,Sandals,Footwear,38,California,L,Lavender,Summer,4.2,no,2-Day Shipping,no,no,36,Cash,Weekly
3638,32,female,Boots,Footwear,66,Utah,L,Yellow,Winter,3.6,no,Express,no,no,32,Credit Card,Fortnightly
3639,40,female,Backpack,Accessories,20,Kansas,M,Olive,Spring,4.6,no,Express,no,no,50,PayPal,Bi-Weekly
3640,26,female,Coat,Outerwear,44,Illinois,M,Brown,Summer,3.6,no,2-Day Shipping,no,no,39,Venmo,Annually
3641,47,female,Sunglasses,Accessories,31,Minnesota,L,Pink,Spring,4,no,Next Day Air,no,no,17,PayPal,Monthly
3642,51,female,Jacket,Outerwear,45,New York,M,Cyan,Fall,2.7,no,Free Shipping,no,no,39,Bank Transfer,Every 3 Months
3643,47,female,Dress,Clothing,71,Arizona,L,Maroon,Summer,4.4,no,Store Pickup,no,no,5,PayPal,Annually
3644,53,female,Scarf,Accessories,96,Tennessee,XL,Magenta,Fall,3.2,no,Standard,no,no,47,Debit Card,Annually
3645,35,female,Blouse,Clothing,32,Arkansas,M,Violet,Winter,2.6,no,Next Day Air,no,no,18,Venmo,Weekly
3646,38,female,Backpack,Accessories,90,Colorado,L,Silver,Summer,3.4,no,Free Shipping,no,no,31,Credit Card,Every 3 Months
3647,69,female,Jewelry,Accessories,68,Nevada,M,Maroon,Spring,5,no,2-Day Shipping,no,no,39,Debit Card,Fortnightly
3648,47,female,Shorts,Clothing,45,Kansas,M,Gray,Winter,2.9,no,Store Pickup,no,no,12,Bank Transfer,Weekly
3649,31,female,Skirt,Clothing,67,New York,M,White,Winter,5,no,Free Shipping,no,no,45,Cash,Bi-Weekly
3650,68,female,Skirt,Clothing,57,Minnesota,M,Brown,Fall,4.4,no,Standard,no,no,33,Credit Card,Fortnightly
3651,51,female,Jeans,Clothing,60,Ohio,M,Silver,Summer,3.5,no,2-Day Shipping,no,no,3,PayPal,Annually
3652,20,female,Handbag,Accessories,32,Arizona,M,Yellow,Spring,3.8,no,Express,no,no,5,Venmo,Every 3 Months
3653,27,female,Handbag,Accessories,29,Kentucky,S,Magenta,Fall,3.8,no,Store Pickup,no,no,23,Debit Card,Monthly
3654,67,female,Coat,Outerwear,20,Minnesota,M,Blue,Spring,3.9,no,Next Day Air,no,no,39,Credit Card,Fortnightly
3655,21,female,Jewelry,Accessories,98,Arkansas,M,Green,Winter,3.3,no,Next Day Air,no,no,10,Credit Card,Annually
3656,20,female,Sweater,Clothing,27,Wyoming,M,Yellow,Fall,2.9,no,Next Day Air,no,no,4,Credit Card,Bi-Weekly
3657,35,female,Jacket,Outerwear,67,North Dakota,XL,Cyan,Spring,3.7,no,2-Day Shipping,no,no,18,Credit Card,Monthly
3658,58,female,Shoes,Footwear,82,Alabama,L,Gold,Winter,3.7,no,Express,no,no,1,Debit Card,Every 3 Months
3659,28,female,T-shirt,Clothing,72,Mississippi,M,Magenta,Fall,4.6,no,Standard,no,no,18,PayPal,Fortnightly
3660,27,female,Sandals,Footwear,77,Illinois,S,Gray,Fall,4.9,no,Store Pickup,no,no,46,Bank Transfer,Annually
3661,19,female,Shoes,Footwear,74,Arkansas,L,Indigo,Winter,3.1,no,2-Day Shipping,no,no,13,Bank Transfer,Fortnightly
3662,63,female,Sandals,Footwear,39,Kansas,S,White,Winter,3.5,no,Next Day Air,no,no,5,Credit Card,Fortnightly
3663,69,female,Shorts,Clothing,80,Rhode Island,M,Indigo,Spring,4.9,no,Next Day Air,no,no,11,Debit Card,Weekly
3664,65,female,Backpack,Accessories,59,Florida,M,Green,Summer,4.4,no,Express,no,no,49,Credit Card,Weekly
3665,63,female,Jacket,Outerwear,68,Missouri,M,Turquoise,Fall,4.4,no,Store Pickup,no,no,1,Debit Card,Fortnightly
3666,28,female,Socks,Clothing,77,North Carolina,M,Peach,Fall,3.4,no,Next Day Air,no,no,11,Credit Card,Quarterly
3667,67,female,Jewelry,Accessories,50,Alabama,M,Olive,Winter,3,no,2-Day Shipping,no,no,47,Cash,Every 3 Months
3668,51,female,Pants,Clothing,45,Washington,L,Cyan,Fall,2.6,no,Next Day Air,no,no,20,Venmo,Monthly
3669,59,female,Blouse,Clothing,71,Michigan,XL,Magenta,Summer,3.2,no,Store Pickup,no,no,18,Venmo,Annually
3670,25,female,Socks,Clothing,52,Washington,S,Silver,Fall,4.6,no,Store Pickup,no,no,43,PayPal,Quarterly
3671,31,female,Shoes,Footwear,50,Vermont,S,White,Winter,3.8,no,Free Shipping,no,no,4,PayPal,Every 3 Months
3672,62,female,Handbag,Accessories,66,Illinois,L,Pink,Summer,4.8,no,2-Day Shipping,no,no,20,Venmo,Quarterly
3673,51,female,Sandals,Footwear,81,New York,S,Pink,Fall,4.5,no,Free Shipping,no,no,7,PayPal,Monthly
3674,32,female,Socks,Clothing,28,Rhode Island,M,Pink,Summer,4.2,no,2-Day Shipping,no,no,31,Bank Transfer,Fortnightly
3675,35,female,Handbag,Accessories,65,Washington,M,Blue,Winter,2.7,no,2-Day Shipping,no,no,41,Venmo,Fortnightly
3676,70,female,Hat,Accessories,80,Virginia,M,White,Winter,4.5,no,Express,no,no,3,Bank Transfer,Monthly
3677,19,female,Jewelry,Accessories,94,Wisconsin,S,Teal,Spring,4.9,no,Free Shipping,no,no,16,PayPal,Monthly
3678,32,female,Backpack,Accessories,30,Michigan,M,Gray,Fall,2.8,no,Standard,no,no,43,Cash,Annually
3679,56,female,Shirt,Clothing,45,Texas,S,Beige,Fall,3.5,no,Standard,no,no,29,Bank Transfer,Fortnightly
3680,53,female,Coat,Outerwear,91,Idaho,M,Violet,Summer,2.5,no,Store Pickup,no,no,5,Cash,Bi-Weekly
3681,22,female,Sunglasses,Accessories,36,Iowa,S,Blue,Winter,2.9,no,Standard,no,no,30,Debit Card,Quarterly
3682,26,female,Gloves,Accessories,73,Connecticut,XL,Magenta,Fall,4.2,no,Next Day Air,no,no,33,Debit Card,Monthly
3683,42,female,Shirt,Clothing,60,Wyoming,M,Maroon,Fall,4.6,no,Store Pickup,no,no,46,Venmo,Bi-Weekly
3684,30,female,Socks,Clothing,77,Mississippi,M,Purple,Winter,3,no,Free Shipping,no,no,17,Venmo,Fortnightly
3685,29,female,Skirt,Clothing,86,Pennsylvania,L,Charcoal,Spring,4.4,no,Free Shipping,no,no,47,Credit Card,Bi-Weekly
3686,47,female,Shorts,Clothing,42,Tennessee,L,Red,Summer,2.6,no,Standard,no,no,17,Cash,Bi-Weekly
3687,59,female,Sandals,Footwear,70,Louisiana,M,Charcoal,Spring,4.8,no,Free Shipping,no,no,17,Cash,Bi-Weekly
3688,34,female,Shirt,Clothing,44,Arkansas,L,Lavender,Summer,2.9,no,Next Day Air,no,no,28,Bank Transfer,Every 3 Months
3689,52,female,Sunglasses,Accessories,91,West Virginia,L,White,Spring,3,no,Next Day Air,no,no,8,Cash,Monthly
3690,47,female,Jewelry,Accessories,30,South Carolina,L,Red,Fall,4.5,no,Standard,no,no,8,Bank Transfer,Quarterly
3691,24,female,Blouse,Clothing,23,Kansas,S,Violet,Fall,3.7,no,Store Pickup,no,no,4,Bank Transfer,Bi-Weekly
3692,63,female,Sandals,Footwear,21,Michigan,XL,Orange,Summer,4.8,no,Next Day Air,no,no,24,PayPal,Weekly
3693,59,female,Coat,Outerwear,34,Alabama,L,Turquoise,Spring,4.8,no,Free Shipping,no,no,29,Cash,Fortnightly
3694,66,female,Blouse,Clothing,46,South Dakota,M,Violet,Summer,4.7,no,2-Day Shipping,no,no,10,Venmo,Weekly
3695,45,female,Sweater,Clothing,41,Rhode Island,M,Blue,Winter,2.6,no,Express,no,no,11,PayPal,Bi-Weekly
3696,38,female,Skirt,Clothing,33,Florida,M,White,Fall,4.6,no,Standard,no,no,18,Bank Transfer,Fortnightly
3697,63,female,Blouse,Clothing,48,Connecticut,L,Turquoise,Fall,3.4,no,Next Day Air,no,no,26,Bank Transfer,Annually
3698,55,female,Hoodie,Clothing,66,Pennsylvania,L,Pink,Winter,3,no,Standard,no,no,39,Cash,Weekly
3699,25,female,Skirt,Clothing,54,California,XL,Maroon,Spring,4,no,2-Day Shipping,no,no,4,Venmo,Annually
3700,51,female,Backpack,Accessories,55,Oklahoma,M,Olive,Fall,2.6,no,Store Pickup,no,no,24,Bank Transfer,Weekly
3701,28,female,Handbag,Accessories,84,North Dakota,XL,Charcoal,Summer,3.4,no,Store Pickup,no,no,2,Bank Transfer,Every 3 Months
3702,46,female,Sandals,Footwear,66,New Mexico,M,Charcoal,Spring,4.5,no,Store Pickup,no,no,36,Cash,Annually
3703,58,female,Shoes,Footwear,65,South Carolina,M,Indigo,Spring,2.7,no,Store Pickup,no,no,36,Venmo,Weekly
3704,30,female,Sandals,Footwear,83,Michigan,S,Teal,Fall,2.9,no,Standard,no,no,23,PayPal,Every 3 Months
3705,68,female,Sunglasses,Accessories,61,Missouri,L,Black,Winter,4,no,Store Pickup,no,no,36,Credit Card,Quarterly
3706,28,female,Skirt,Clothing,65,Colorado,L,Teal,Summer,3.2,no,Free Shipping,no,no,2,Debit Card,Annually
3707,26,female,Sandals,Footwear,55,Kansas,M,Green,Spring,4,no,Store Pickup,no,no,17,Cash,Bi-Weekly
3708,35,female,Gloves,Accessories,79,Illinois,M,Gold,Fall,3.4,no,2-Day Shipping,no,no,19,Venmo,Weekly
3709,40,female,Hoodie,Clothing,96,South Carolina,M,Red,Fall,4.9,no,Express,no,no,41,PayPal,Monthly
3710,31,female,Socks,Clothing,43,Utah,M,Silver,Fall,3.6,no,Free Shipping,no,no,27,PayPal,Quarterly
3711,60,female,Jewelry,Accessories,40,Hawaii,M,Yellow,Summer,3.6,no,2-Day Shipping,no,no,32,Bank Transfer,Fortnightly
3712,69,female,Hat,Accessories,62,Texas,XL,Peach,Fall,3.2,no,Free Shipping,no,no,33,Cash,Annually
3713,51,female,Blouse,Clothing,72,Oregon,M,Turquoise,Spring,3.7,no,2-Day Shipping,no,no,24,PayPal,Quarterly
3714,49,female,Shoes,Footwear,87,Arizona,M,Peach,Spring,2.6,no,Express,no,no,31,Debit Card,Every 3 Months
3715,18,female,Hat,Accessories,31,New York,S,Peach,Winter,3.9,no,Express,no,no,35,Credit Card,Weekly
3716,63,female,Sunglasses,Accessories,34,Nebraska,S,Orange,Fall,3.4,no,Free Shipping,no,no,2,Bank Transfer,Monthly
3717,57,female,Shirt,Clothing,53,Vermont,M,Charcoal,Fall,3.4,no,Next Day Air,no,no,42,Debit Card,Every 3 Months
3718,45,female,T-shirt,Clothing,85,Maryland,XL,White,Summer,4.2,no,Express,no,no,47,Bank Transfer,Every 3 Months
3719,36,female,Pants,Clothing,50,Tennessee,L,Turquoise,Fall,2.9,no,Standard,no,no,44,Bank Transfer,Bi-Weekly
3720,20,female,Pants,Clothing,91,Pennsylvania,M,Red,Summer,4.1,no,Free Shipping,no,no,8,Bank Transfer,Every 3 Months
3721,21,female,Hat,Accessories,56,South Carolina,M,Peach,Fall,3.6,no,Free Shipping,no,no,13,Credit Card,Quarterly
3722,62,female,Coat,Outerwear,60,Connecticut,L,Pink,Fall,4,no,Next Day Air,no,no,10,Cash,Annually
3723,23,female,Jacket,Outerwear,34,Kentucky,XL,Yellow,Fall,4,no,Standard,no,no,1,Credit Card,Fortnightly
3724,26,female,Sandals,Footwear,30,Rhode Island,M,Beige,Spring,3.6,no,Free Shipping,no,no,1,Debit Card,Monthly
3725,30,female,Gloves,Accessories,71,Colorado,L,Green,Winter,3.1,no,Express,no,no,18,Bank Transfer,Annually
3726,18,female,Dress,Clothing,100,Oklahoma,S,Turquoise,Winter,4.4,no,Next Day Air,no,no,2,PayPal,Annually
3727,47,female,Belt,Accessories,85,Idaho,XL,Orange,Fall,4.3,no,Next Day Air,no,no,36,Debit Card,Every 3 Months
3728,41,female,Socks,Clothing,83,Maine,M,Gold,Summer,3.5,no,Next Day Air,no,no,17,Debit Card,Bi-Weekly
3729,62,female,Jacket,Outerwear,31,Vermont,L,Red,Winter,3,no,Standard,no,no,1,Debit Card,Annually
3730,28,female,Boots,Footwear,82,Rhode Island,M,Teal,Spring,4.7,no,2-Day Shipping,no,no,50,Cash,Quarterly
3731,46,female,Shirt,Clothing,79,Florida,M,Teal,Summer,2.5,no,2-Day Shipping,no,no,3,Credit Card,Bi-Weekly
3732,54,female,Hat,Accessories,62,West Virginia,M,Lavender,Spring,3.1,no,2-Day Shipping,no,no,45,PayPal,Quarterly
3733,36,female,Shoes,Footwear,92,Indiana,L,Pink,Spring,3.3,no,Free Shipping,no,no,28,PayPal,Annually
3734,25,female,Socks,Clothing,58,Illinois,M,Maroon,Fall,4.7,no,Next Day Air,no,no,6,Debit Card,Every 3 Months
3735,38,female,Hoodie,Clothing,88,California,M,Beige,Spring,3.4,no,Next Day Air,no,no,33,Debit Card,Every 3 Months
3736,38,female,Sandals,Footwear,44,Massachusetts,L,Orange,Spring,3.1,no,2-Day Shipping,no,no,29,PayPal,Annually
3737,42,female,Jeans,Clothing,56,Idaho,M,Red,Spring,4.6,no,Store Pickup,no,no,2,PayPal,Every 3 Months
3738,19,female,Jewelry,Accessories,23,Kentucky,S,Maroon,Winter,4.9,no,Free Shipping,no,no,43,PayPal,Bi-Weekly
3739,34,female,Shorts,Clothing,45,Delaware,M,Brown,Spring,2.7,no,Free Shipping,no,no,48,Cash,Fortnightly
3740,38,female,Sunglasses,Accessories,31,Idaho,M,Olive,Fall,4.2,no,Free Shipping,no,no,43,Credit Card,Weekly
3741,42,female,Pants,Clothing,96,Virginia,M,Silver,Summer,2.6,no,Store Pickup,no,no,26,Debit Card,Bi-Weekly
3742,58,female,Shirt,Clothing,96,Arizona,M,Purple,Spring,3.2,no,2-Day Shipping,no,no,26,Debit Card,Bi-Weekly
3743,56,female,Shirt,Clothing,80,Maryland,M,Gray,Fall,4.4,no,Standard,no,no,50,Credit Card,Bi-Weekly
3744,62,female,Pants,Clothing,28,Idaho,L,Cyan,Fall,3.6,no,Free Shipping,no,no,36,Debit Card,Quarterly
3745,24,female,Hoodie,Clothing,51,New Jersey,M,Gray,Summer,2.7,no,Next Day Air,no,no,26,Bank Transfer,Fortnightly
3746,60,female,Socks,Clothing,41,Washington,L,Gold,Spring,4.3,no,Express,no,no,2,Debit Card,Monthly
3747,53,female,Coat,Outerwear,99,Idaho,XL,Cyan,Summer,2.6,no,Next Day Air,no,no,49,PayPal,Monthly
3748,26,female,Sweater,Clothing,53,Rhode Island,L,Olive,Spring,4.3,no,Store Pickup,no,no,32,Bank Transfer,Bi-Weekly
3749,34,female,Backpack,Accessories,25,Delaware,M,Violet,Fall,3.9,no,2-Day Shipping,no,no,3,Venmo,Annually
3750,24,female,Blouse,Clothing,95,Alaska,L,Yellow,Winter,2.9,no,2-Day Shipping,no,no,38,Venmo,Every 3 Months
3751,42,female,Hoodie,Clothing,88,Arizona,M,Gold,Fall,3.1,no,Free Shipping,no,no,5,PayPal,Monthly
3752,36,female,Jewelry,Accessories,97,Alabama,S,Silver,Fall,4.2,no,Free Shipping,no,no,8,Credit Card,Every 3 Months
3753,24,female,Coat,Outerwear,81,Washington,L,Pink,Winter,4.1,no,2-Day Shipping,no,no,43,Venmo,Weekly
3754,39,female,Sunglasses,Accessories,26,Louisiana,S,Turquoise,Winter,4.2,no,Next Day Air,no,no,22,Bank Transfer,Fortnightly
3755,46,female,Shoes,Footwear,41,Nebraska,M,Turquoise,Summer,4.4,no,Express,no,no,10,Cash,Every 3 Months
3756,64,female,Skirt,Clothing,93,Pennsylvania,M,Peach,Fall,3.4,no,Free Shipping,no,no,26,Credit Card,Monthly
3757,64,female,Skirt,Clothing,69,South Carolina,L,Teal,Spring,4.8,no,Express,no,no,42,Debit Card,Bi-Weekly
3758,61,female,Skirt,Clothing,44,California,L,Red,Fall,4.5,no,2-Day Shipping,no,no,33,Cash,Weekly
3759,61,female,Sandals,Footwear,54,Indiana,S,Black,Spring,2.7,no,Store Pickup,no,no,23,Bank Transfer,Quarterly
3760,44,female,Sneakers,Footwear,61,Missouri,M,Pink,Spring,3.5,no,Store Pickup,no,no,30,Venmo,Quarterly
3761,65,female,Socks,Clothing,80,Connecticut,M,Peach,Fall,3.1,no,Next Day Air,no,no,36,PayPal,Weekly
3762,60,female,Backpack,Accessories,30,Nevada,M,Green,Summer,2.8,no,Next Day Air,no,no,3,Venmo,Every 3 Months
3763,65,female,Shorts,Clothing,94,New York,L,Green,Fall,2.9,no,Store Pickup,no,no,13,PayPal,Annually
3764,27,female,Shirt,Clothing,24,Oklahoma,XL,Red,Winter,4.5,no,Standard,no,no,38,Cash,Every 3 Months
3765,36,female,Socks,Clothing,21,South Dakota,M,Maroon,Fall,3.5,no,Next Day Air,no,no,19,Venmo,Monthly
3766,22,female,Jewelry,Accessories,52,Missouri,M,Green,Summer,4.3,no,Standard,no,no,14,Bank Transfer,Bi-Weekly
3767,62,female,Handbag,Accessories,59,Texas,M,Black,Fall,4.9,no,Next Day Air,no,no,43,Debit Card,Annually
3768,59,female,Shorts,Clothing,51,New York,XL,Black,Summer,3.1,no,Free Shipping,no,no,10,Bank Transfer,Fortnightly
3769,50,female,Sweater,Clothing,35,Vermont,M,Yellow,Winter,4,no,Free Shipping,no,no,34,Bank Transfer,Quarterly
3770,51,female,Gloves,Accessories,87,Arizona,L,Green,Summer,3.6,no,Standard,no,no,31,Venmo,Annually
3771,23,female,Pants,Clothing,42,Montana,L,Black,Summer,4,no,Store Pickup,no,no,34,Bank Transfer,Weekly
3772,21,female,T-shirt,Clothing,86,Oklahoma,M,Red,Winter,2.6,no,Express,no,no,28,Venmo,Bi-Weekly
3773,44,female,Pants,Clothing,26,New Hampshire,L,Yellow,Fall,3.1,no,Next Day Air,no,no,35,Cash,Annually
3774,25,female,Sweater,Clothing,60,Wisconsin,M,Violet,Summer,3.5,no,Store Pickup,no,no,41,Cash,Quarterly
3775,57,female,Gloves,Accessories,83,Alaska,S,Cyan,Winter,3.9,no,Standard,no,no,48,PayPal,Fortnightly
3776,41,female,Belt,Accessories,63,South Dakota,S,Pink,Spring,2.7,no,2-Day Shipping,no,no,45,Cash,Quarterly
3777,19,female,Sneakers,Footwear,25,Alaska,L,Olive,Spring,4.1,no,Standard,no,no,10,Credit Card,Fortnightly
3778,43,female,Shorts,Clothing,65,Utah,M,Maroon,Fall,4.3,no,Express,no,no,9,Cash,Weekly
3779,25,female,Sneakers,Footwear,60,South Dakota,M,Cyan,Fall,2.9,no,Free Shipping,no,no,30,Debit Card,Annually
3780,60,female,Jeans,Clothing,75,California,XL,Lavender,Spring,4,no,Express,no,no,45,PayPal,Annually
3781,54,female,Sneakers,Footwear,57,Mississippi,L,Yellow,Fall,4.1,no,Free Shipping,no,no,41,Venmo,Quarterly
3782,52,female,Boots,Footwear,99,Tennessee,M,Pink,Winter,3.7,no,Standard,no,no,40,PayPal,Fortnightly
3783,40,female,Jacket,Outerwear,45,Alabama,L,Orange,Spring,2.8,no,Free Shipping,no,no,42,PayPal,Fortnightly
3784,39,female,Gloves,Accessories,66,Maine,XL,Orange,Summer,3.2,no,Free Shipping,no,no,17,Debit Card,Fortnightly
3785,54,female,Socks,Clothing,53,Virginia,M,Violet,Winter,4.5,no,Next Day Air,no,no,4,Venmo,Annually
3786,64,female,Jeans,Clothing,94,New Hampshire,L,Lavender,Winter,3.8,no,Standard,no,no,6,Cash,Monthly
3787,31,female,Boots,Footwear,47,Tennessee,L,Yellow,Fall,3.6,no,2-Day Shipping,no,no,22,Venmo,Weekly
3788,37,female,Blouse,Clothing,80,New York,M,Pink,Fall,3.6,no,2-Day Shipping,no,no,46,PayPal,Every 3 Months
3789,43,female,Hat,Accessories,65,Kansas,XL,Teal,Spring,3.2,no,Next Day Air,no,no,27,Debit Card,Monthly
3790,56,female,Shirt,Clothing,75,North Dakota,M,Magenta,Summer,3.8,no,Express,no,no,18,Bank Transfer,Every 3 Months
3791,27,female,Handbag,Accessories,45,Alaska,XL,Beige,Summer,4.4,no,Standard,no,no,31,Credit Card,Weekly
3792,40,female,Sunglasses,Accessories,51,Texas,M,Gray,Spring,3.7,no,Store Pickup,no,no,1,Venmo,Weekly
3793,43,female,Scarf,Accessories,58,Massachusetts,S,Turquoise,Summer,2.6,no,Express,no,no,2,PayPal,Fortnightly
3794,62,female,Sunglasses,Accessories,20,Delaware,M,Pink,Fall,4,no,Standard,no,no,46,Bank Transfer,Annually
3795,44,female,Scarf,Accessories,82,South Dakota,M,Violet,Summer,3.6,no,2-Day Shipping,no,no,27,Venmo,Weekly
3796,45,female,Gloves,Accessories,92,Arkansas,M,Charcoal,Spring,2.5,no,Express,no,no,3,Cash,Weekly
3797,40,female,Shorts,Clothing,81,Utah,M,Lavender,Fall,3.2,no,Free Shipping,no,no,47,Bank Transfer,Quarterly
3798,68,female,Sunglasses,Accessories,44,California,M,Gray,Summer,2.5,no,Next Day Air,no,no,20,Cash,Quarterly
3799,63,female,Jewelry,Accessories,72,Rhode Island,S,Brown,Winter,3.2,no,Next Day Air,no,no,23,Credit Card,Annually
3800,60,female,Jacket,Outerwear,26,Oklahoma,L,Violet,Winter,2.6,no,Store Pickup,no,no,13,Credit Card,Monthly
3801,19,female,Sweater,Clothing,26,Vermont,M,Turquoise,Fall,4.8,no,Next Day Air,no,no,12,Venmo,Bi-Weekly
3802,26,female,Blouse,Clothing,84,Kentucky,M,Peach,Spring,5,no,Store Pickup,no,no,36,PayPal,Fortnightly
3803,70,female,Scarf,Accessories,72,Illinois,S,Turquoise,Spring,3.2,no,2-Day Shipping,no,no,1,Bank Transfer,Monthly
3804,48,female,Handbag,Accessories,55,Connecticut,M,Violet,Spring,3.6,no,Standard,no,no,14,Debit Card,Weekly
3805,37,female,Hat,Accessories,77,Florida,M,Olive,Fall,2.7,no,2-Day Shipping,no,no,45,Cash,Annually
3806,48,female,Scarf,Accessories,57,New Jersey,M,Green,Fall,3.1,no,Standard,no,no,31,Credit Card,Quarterly
3807,18,female,Boots,Footwear,71,Missouri,M,Teal,Spring,3,no,Standard,no,no,41,PayPal,Weekly
3808,38,female,Blouse,Clothing,39,Michigan,L,Peach,Spring,2.9,no,Next Day Air,no,no,36,PayPal,Annually
3809,33,female,Socks,Clothing,28,Washington,M,Pink,Winter,4.7,no,Express,no,no,6,Debit Card,Bi-Weekly
3810,57,female,Shoes,Footwear,33,New York,S,Maroon,Winter,3.7,no,Standard,no,no,28,Credit Card,Annually
3811,46,female,Skirt,Clothing,79,Wisconsin,L,Peach,Fall,3.9,no,Free Shipping,no,no,29,Venmo,Monthly
3812,46,female,Belt,Accessories,30,Idaho,M,Maroon,Winter,4,no,Standard,no,no,14,Cash,Monthly
3813,50,female,Skirt,Clothing,75,Michigan,M,Pink,Spring,2.8,no,Next Day Air,no,no,7,Bank Transfer,Every 3 Months
3814,61,female,Pants,Clothing,89,Georgia,M,Orange,Summer,4.1,no,Express,no,no,31,Venmo,Bi-Weekly
3815,45,female,Dress,Clothing,95,Michigan,M,Orange,Winter,4.2,no,Free Shipping,no,no,26,Bank Transfer,Every 3 Months
3816,32,female,Hat,Accessories,44,Maine,M,Brown,Fall,4.3,no,Express,no,no,12,Venmo,Fortnightly
3817,29,female,Coat,Outerwear,86,Maryland,S,Silver,Summer,4.3,no,Store Pickup,no,no,45,Credit Card,Fortnightly
3818,66,female,Scarf,Accessories,91,Missouri,M,Magenta,Fall,2.6,no,Express,no,no,40,PayPal,Annually
3819,70,female,Sneakers,Footwear,41,Oregon,XL,Indigo,Winter,3.8,no,Free Shipping,no,no,42,Cash,Monthly
3820,36,female,Pants,Clothing,99,Arkansas,S,Gold,Spring,2.9,no,Express,no,no,45,Cash,Quarterly
3821,34,female,Belt,Accessories,65,New Hampshire,M,Purple,Winter,5,no,Standard,no,no,34,Debit Card,Quarterly
3822,20,female,Sneakers,Footwear,48,Oregon,M,Gold,Summer,4.6,no,Free Shipping,no,no,34,Credit Card,Every 3 Months
3823,70,female,Hat,Accessories,41,Kansas,S,Gold,Spring,3.2,no,Free Shipping,no,no,17,PayPal,Every 3 Months
3824,50,female,Shirt,Clothing,42,California,M,Gold,Summer,3,no,Standard,no,no,27,Bank Transfer,Weekly
3825,54,female,Shorts,Clothing,26,Georgia,M,Olive,Summer,4,no,Free Shipping,no,no,31,Credit Card,Quarterly
3826,49,female,Shorts,Clothing,35,Hawaii,L,Green,Fall,4.1,no,Express,no,no,47,Debit Card,Fortnightly
3827,50,female,Jacket,Outerwear,31,Montana,M,Gray,Summer,4,no,Express,no,no,25,Bank Transfer,Annually
3828,62,female,Jewelry,Accessories,73,Montana,M,Red,Summer,4.1,no,Standard,no,no,47,Cash,Fortnightly
3829,42,female,Blouse,Clothing,82,Mississippi,M,Charcoal,Spring,3.4,no,Free Shipping,no,no,8,Cash,Weekly
3830,69,female,Pants,Clothing,32,Washington,M,Indigo,Spring,2.9,no,Free Shipping,no,no,32,Debit Card,Fortnightly
3831,22,female,Hat,Accessories,27,Pennsylvania,M,Indigo,Summer,3,no,2-Day Shipping,no,no,33,Bank Transfer,Every 3 Months
3832,36,female,Backpack,Accessories,86,Nevada,L,Silver,Spring,4,no,Next Day Air,no,no,16,Debit Card,Every 3 Months
3833,64,female,Boots,Footwear,38,Kansas,XL,Purple,Winter,4.8,no,2-Day Shipping,no,no,27,Cash,Weekly
3834,44,female,Jacket,Outerwear,93,Arizona,L,Gray,Summer,4.6,no,Free Shipping,no,no,17,PayPal,Every 3 Months
3835,43,female,Hoodie,Clothing,59,Tennessee,M,Magenta,Winter,4.1,no,2-Day Shipping,no,no,17,Cash,Quarterly
3836,58,female,Sandals,Footwear,58,Pennsylvania,L,Silver,Winter,2.6,no,Express,no,no,28,PayPal,Bi-Weekly
3837,62,female,Skirt,Clothing,84,Alaska,M,Violet,Spring,2.5,no,Free Shipping,no,no,38,PayPal,Fortnightly
3838,45,female,Hoodie,Clothing,100,New Mexico,M,Green,Spring,4.8,no,Free Shipping,no,no,33,Bank Transfer,Fortnightly
3839,47,female,Dress,Clothing,25,Rhode Island,L,Green,Summer,4.2,no,Express,no,no,24,Venmo,Every 3 Months
3840,66,female,Sandals,Footwear,29,Connecticut,M,Peach,Spring,3.9,no,Free Shipping,no,no,14,Venmo,Quarterly
3841,30,female,Jeans,Clothing,42,Idaho,M,Turquoise,Spring,3.7,no,Express,no,no,5,Venmo,Fortnightly
3842,68,female,Jeans,Clothing,57,Mississippi,L,Pink,Fall,4.2,no,2-Day Shipping,no,no,8,Bank Transfer,Monthly
3843,35,female,Jacket,Outerwear,84,Colorado,L,Lavender,Winter,4.2,no,Next Day Air,no,no,42,Debit Card,Monthly
3844,64,female,Hat,Accessories,71,Georgia,L,Silver,Winter,4,no,Free Shipping,no,no,48,Venmo,Every 3 Months
3845,30,female,Shorts,Clothing,87,Montana,S,Cyan,Fall,5,no,Next Day Air,no,no,40,Venmo,Quarterly
3846,58,female,Sweater,Clothing,52,California,M,Green,Winter,4.9,no,Standard,no,no,46,Venmo,Annually
3847,57,female,Blouse,Clothing,58,Pennsylvania,L,Orange,Summer,4,no,Express,no,no,40,PayPal,Every 3 Months
3848,60,female,Sweater,Clothing,34,Delaware,S,Blue,Fall,3.2,no,2-Day Shipping,no,no,31,PayPal,Fortnightly
3849,22,female,Jewelry,Accessories,60,New Hampshire,M,Magenta,Winter,3,no,Next Day Air,no,no,39,Cash,Every 3 Months
3850,46,female,Hoodie,Clothing,68,Florida,S,Cyan,Winter,2.6,no,Express,no,no,36,PayPal,Fortnightly
3851,27,female,Jewelry,Accessories,74,Mississippi,L,Indigo,Summer,4.4,no,2-Day Shipping,no,no,25,Debit Card,Every 3 Months
3852,50,female,Scarf,Accessories,83,Montana,M,Pink,Summer,3.9,no,Free Shipping,no,no,24,Debit Card,Annually
3853,65,female,Hat,Accessories,79,Mississippi,M,Peach,Fall,4,no,2-Day Shipping,no,no,19,PayPal,Weekly
3854,61,female,Sunglasses,Accessories,76,Tennessee,M,Lavender,Fall,4,no,Store Pickup,no,no,49,Debit Card,Bi-Weekly
3855,57,female,T-shirt,Clothing,20,Florida,M,Black,Spring,4.2,no,Free Shipping,no,no,4,Venmo,Annually
3856,40,female,Shirt,Clothing,61,Illinois,XL,Lavender,Summer,4.4,no,Next Day Air,no,no,36,Cash,Quarterly
3857,39,female,Sandals,Footwear,78,Virginia,S,Brown,Summer,2.5,no,Free Shipping,no,no,8,Debit Card,Quarterly
3858,42,female,Hat,Accessories,21,Texas,S,Yellow,Summer,3.1,no,Store Pickup,no,no,29,Credit Card,Every 3 Months
3859,30,female,T-shirt,Clothing,77,Missouri,M,Olive,Winter,3.5,no,Store Pickup,no,no,26,Credit Card,Quarterly
3860,65,female,Shorts,Clothing,88,Mississippi,S,Blue,Fall,3,no,2-Day Shipping,no,no,47,Bank Transfer,Bi-Weekly
3861,57,female,Sunglasses,Accessories,64,Pennsylvania,M,Turquoise,Summer,4.4,no,Next Day Air,no,no,44,Cash,Annually
3862,64,female,Jacket,Outerwear,57,Wyoming,M,Yellow,Spring,4.9,no,Standard,no,no,49,Credit Card,Monthly
3863,56,female,Shirt,Clothing,49,Idaho,L,Turquoise,Winter,2.8,no,Next Day Air,no,no,9,Venmo,Monthly
3864,40,female,Scarf,Accessories,35,New Hampshire,M,Orange,Summer,3.3,no,Free Shipping,no,no,28,Cash,Fortnightly
3865,55,female,T-shirt,Clothing,99,Wyoming,S,Blue,Winter,4.9,no,Express,no,no,1,Debit Card,Fortnightly
3866,25,female,Shorts,Clothing,42,Nebraska,M,Olive,Spring,4.2,no,Store Pickup,no,no,28,Cash,Every 3 Months
3867,58,female,Hat,Accessories,32,Alaska,M,Beige,Winter,3.3,no,2-Day Shipping,no,no,33,Credit Card,Fortnightly
3868,46,female,Jacket,Outerwear,21,Maryland,L,Lavender,Summer,2.7,no,Standard,no,no,28,Credit Card,Monthly
3869,18,female,Dress,Clothing,29,Maryland,XL,Magenta,Winter,3.3,no,2-Day Shipping,no,no,9,Cash,Annually
3870,26,female,Coat,Outerwear,64,Arizona,L,Cyan,Spring,3.8,no,Free Shipping,no,no,28,Bank Transfer,Annually
3871,61,female,Sandals,Footwear,46,Ohio,L,Lavender,Fall,3.2,no,Next Day Air,no,no,19,Cash,Every 3 Months
3872,55,female,T-shirt,Clothing,97,Minnesota,M,Black,Fall,4.1,no,2-Day Shipping,no,no,20,Bank Transfer,Every 3 Months
3873,41,female,Jacket,Outerwear,94,New Hampshire,M,Green,Spring,4.3,no,Standard,no,no,3,Cash,Monthly
3874,42,female,Sandals,Footwear,43,Louisiana,L,Silver,Summer,4,no,Standard,no,no,22,Credit Card,Weekly
3875,70,female,Sweater,Clothing,54,Nevada,XL,Beige,Summer,3.9,no,2-Day Shipping,no,no,33,Credit Card,Bi-Weekly
3876,63,female,Hat,Accessories,51,New Hampshire,M,Pink,Winter,3.3,no,2-Day Shipping,no,no,21,Credit Card,Annually
3877,60,female,Shoes,Footwear,85,Wisconsin,S,Cyan,Fall,2.6,no,2-Day Shipping,no,no,7,Cash,Annually
3878,28,female,Hoodie,Clothing,96,Nevada,M,Olive,Spring,4.2,no,Next Day Air,no,no,46,Debit Card,Monthly
3879,60,female,Hat,Accessories,42,South Carolina,M,Pink,Summer,3.4,no,2-Day Shipping,no,no,24,Credit Card,Annually
3880,26,female,Skirt,Clothing,63,Florida,L,Maroon,Winter,4.1,no,Free Shipping,no,no,6,Debit Card,Quarterly
3881,42,female,Shirt,Clothing,20,Massachusetts,M,Red,Winter,3.9,no,Free Shipping,no,no,40,PayPal,Monthly
3882,56,female,Scarf,Accessories,25,Georgia,L,Silver,Spring,2.8,no,2-Day Shipping,no,no,17,Debit Card,Weekly
3883,35,female,Pants,Clothing,95,North Dakota,L,Blue,Fall,2.6,no,Free Shipping,no,no,24,Cash,Fortnightly
3884,34,female,Hat,Accessories,38,North Dakota,XL,Purple,Fall,4,no,Next Day Air,no,no,22,Cash,Fortnightly
3885,47,female,Sandals,Footwear,29,Maryland,M,Brown,Fall,4.9,no,Express,no,no,3,PayPal,Weekly
3886,49,female,Socks,Clothing,64,New Mexico,L,Purple,Winter,3.2,no,Free Shipping,no,no,39,Cash,Quarterly
3887,37,female,Jewelry,Accessories,92,Iowa,S,Brown,Summer,3.9,no,Express,no,no,40,Debit Card,Quarterly
3888,40,female,Shirt,Clothing,34,Kansas,M,Charcoal,Spring,2.7,no,Express,no,no,1,Credit Card,Quarterly
3889,45,female,Sneakers,Footwear,69,Virginia,M,Violet,Spring,3.4,no,Standard,no,no,14,Venmo,Bi-Weekly
3890,57,female,Dress,Clothing,65,Alaska,S,Yellow,Spring,3.5,no,Express,no,no,49,Bank Transfer,Annually
3891,35,female,Shirt,Clothing,81,Nebraska,XL,Green,Winter,2.6,no,Standard,no,no,33,Debit Card,Annually
3892,36,female,Dress,Clothing,30,Colorado,L,Peach,Winter,4.7,no,Free Shipping,no,no,6,Bank Transfer,Quarterly
3893,35,female,Jewelry,Accessories,86,Michigan,L,Indigo,Summer,3.5,no,Standard,no,no,5,PayPal,Fortnightly
3894,21,female,Hat,Accessories,64,Massachusetts,L,White,Fall,3.3,no,Store Pickup,no,no,29,Bank Transfer,Bi-Weekly
3895,66,female,Skirt,Clothing,78,Connecticut,L,White,Spring,3.9,no,2-Day Shipping,no,no,44,Credit Card,Every 3 Months
3896,40,female,Hoodie,Clothing,28,Virginia,L,Turquoise,Summer,4.2,no,2-Day Shipping,no,no,32,Venmo,Weekly
3897,52,female,Backpack,Accessories,49,Iowa,L,White,Spring,4.5,no,Store Pickup,no,no,41,Bank Transfer,Bi-Weekly
3898,46,female,Belt,Accessories,33,New Jersey,L,Green,Spring,2.9,no,Standard,no,no,24,Venmo,Quarterly
3899,44,female,Shoes,Footwear,77,Minnesota,S,Brown,Summer,3.8,no,Express,no,no,24,Venmo,Weekly
3900,52,female,Handbag,Accessories,81,California,M,Beige,Spring,3.1,no,Store Pickup,no,no,33,Venmo,Quarterly
